page_number,company_name,email_count,emails,phones,websites,founded_year,employees,profile_url
1,Better Packaging Co.,4,jessy@betterpackaging.com; carly@betterpackaging.com; kate@betterpackaging.com; rebecca@betterpackaging.com,02035196711,www.google.com; https://www.googletagmanager.com; https://s.pointerpro.com,,10-49,https://www.commonobjective.co/better-packaging-co
1,Mantis World,4,Basak@mantisworld.com; prama@mantisworld.com; marion@mantisworld.com; russ@mantisworld.com,+442072248991,www.google.com; https://www.googletagmanager.com; https://s.pointerpro.com,2000,10-49,https://www.commonobjective.co/mantis-world
1,Dibella India,1,sreeranga@dibellaindia.com,+917795049990,www.google.com; https://www.googletagmanager.com; https://s.pointerpro.com,2013,250-999,https://www.commonobjective.co/dibella-india
1,USHA YARNS LTD,2,anurag@ushayarns.com; jai@ushayarns.com,,www.google.com; https://www.googletagmanager.com; https://s.pointerpro.com,1995,250-999,https://www.commonobjective.co/usha-yarns-limited
1,KOCO: Knit One (Garment) Change One (Life),2,danielle@koco.global; communications@koco.global,+61405224810,www.koco.global; www.google.com; https://www.googletagmanager.com,2012,50-249,https://www.commonobjective.co/koco-knit-one-garment-change-one-life
1,Sonica Sarna Design,1,sonicasarna@gmail.com,,http://www.sonicasarna.com; www.google.com; https://www.googletagmanager.com,1993,,https://www.commonobjective.co/sonica-sarna-design
1,Cocccon Crafts Loom,2,adnan.basheer69@gmail.com; prakash@cocccon.de,,www.google.com; https://www.googletagmanager.com; http://www.cocccon-crafts-loom.com,2011,,https://www.commonobjective.co/cocccon-crafts-loom
1,Purnaa Enterprises,3,thibberd@purnaa.com; communications@purnaa.com; sales@purnaa.com,,www.google.com; www.purnaa.com; https://www.googletagmanager.com,2013,250-999,https://www.commonobjective.co/purnaa-enterprises
1,Mehera Shaw,1,shari@meherashaw.com,,www.google.com; https://www.googletagmanager.com; https://s.pointerpro.com,2007,10-49,https://www.commonobjective.co/mehera-shaw
1,Wood Belt,1,info@woodbelt.eu,+38641684182,http://woodbelt.eu; www.google.com; https://www.googletagmanager.com,2019,1-4,https://www.commonobjective.co/wood-belt
1,Naturtex Eko Peru,3,gigi@g-gi.com; ceci.roman.cuba@gmail.com; info@perunaturtex.com,,www.google.com; https://www.googletagmanager.com; https://s.pointerpro.com,1977,10-49,https://www.commonobjective.co/naturtex-eko-peru
1,MORALFIBRE,1,moralfibre77@gmail.com,+91 09979854212; 09979854212,www.google.com; www.moralfibre-fabrics.com; https://www.googletagmanager.com,2008,,https://www.commonobjective.co/moralfibre
1,Fusion Clothing Company,3,suyash@fusionclothing.com; shishir@fusionclothing.com; devansh@fusionclothing.com,,www.google.com; https://www.googletagmanager.com; https://s.pointerpro.com,1992,50-249,https://www.commonobjective.co/fusion-clothing-company
1,THERMORE,1,laura.beretta@thermore.com,,www.google.com; https://www.googletagmanager.com; https://s.pointerpro.com,1972,,https://www.commonobjective.co/thermore
1,Organic Lace by Modespitze,1,a.reinhardt@modespitze.de,,www.organic-lace.de; www.google.com; https://www.googletagmanager.com,1897,10-49,https://www.commonobjective.co/organic-lace-by-modespitze
1,Organic Cotton Colours,1,info@organiccottoncolours.com,,www.google.com; https://www.googletagmanager.com; https://s.pointerpro.com,1992,5-9,https://www.commonobjective.co/organic-cotton-colours
1,Cheng Kung Garments,1,wsdjen@chengkung.cn,,www.google.com; https://www.googletagmanager.com; https://s.pointerpro.com,1975,50-249,https://www.commonobjective.co/cheng-kung-garments
1,"Kintra Fibers, Inc.",1,billy@kintrafibers.com,,https://www.google-analytics.com; https://www.google.com; http://intelligence.ethicalfashionforum.com,2018,1-4,https://www.commonobjective.co/kintra-fibers-inc
1,Knitwin Fashion,2,hello@knitwinfashion.com; vincent@indigenousindustries.com,,https://www.google-analytics.com; https://www.google.com; https://knitwinfashion.com,1996,,https://www.commonobjective.co/knitwin-fashion
1,Solid,1,inge@solidinternational.be,+32473937619,www.google.com; https://www.googletagmanager.com; https://s.pointerpro.com,2005,50-249,https://www.commonobjective.co/solid-2
2,NC John & Sons,2,alex@ncjohn.net; martydillon1972@gmail.com,,www.google.com; http://www.ncjohngarment.com; https://www.googletagmanager.com,1921,,https://www.commonobjective.co/nc-john-sons
2,Evolv Clothing Company Pvt. Ltd.,3,suparna@evolvclothing.com; neeti@evolvclothing.com; krishnaveni@evolvclothing.com,,www.google.com; https://www.googletagmanager.com; https://s.pointerpro.com,1975,1000+,https://www.commonobjective.co/evolv-clothing-company-pvt-ltd
2,Deeps Texstyles Pvt Ltd.,1,soumodip@deepstexstyles.com,+919874245167,https://www.google-analytics.com; https://www.google.com; http://intelligence.ethicalfashionforum.com,1991,50-249,https://www.commonobjective.co/deeps-texstyles-pvt-ltd
2,ITL Group,3,hayley.solomon@itl-group.com; simon.phelps@itl-group.com; jimmy.christopher@itl-group.com,,https://digitalresources.itl-group.com; www.google.com; https://www.googletagmanager.com,1987,1000+,https://www.commonobjective.co/itl-group
2,Edtex Limited,1,batiks@edtexghana.com,,https://www.google-analytics.com; https://www.google.com; http://intelligence.ethicalfashionforum.com,1998,5-9,https://www.commonobjective.co/edtex-limited
2,Mojopanda Exim Private Limited,1,sm@mojopanda.com,+919999680224,www.google.com; https://www.googletagmanager.com; https://www.mojopanda.co.in,2014,10-49,https://www.commonobjective.co/mojopanda-exim-private-limited
2,ANUPRERNA ARTISAN ALLIANCE,1,singhakumaranup@gmail.com,+917483194942,www.google.com; https://anuprerna.com; https://www.googletagmanager.com,1983,,https://www.commonobjective.co/anuprerna-artisan-alliance
2,Amandine Cha LTA (Les Trouvailles d'Amandine),2,c.pellegris@amandinecha.com; a.cha-dessolier@amandinecha.com,+33953721738,www.google.com; https://www.googletagmanager.com; https://s.pointerpro.com,2010,,https://www.commonobjective.co/amandine-cha-lta-les-trouvailles-d-amandine
2,GLOBAL GREEN,2,rodrigo@globo.nl; david@globalgreen.solutions,+31416272572,https://www.google-analytics.com; https://www.google.com; http://intelligence.ethicalfashionforum.com,2019,,https://www.commonobjective.co/global-green
2,Intercrafts Peru S.A.C.,1,info@intercraftsperu.com,,https://www.google-analytics.com; https://www.google.com; http://intelligence.ethicalfashionforum.com,2002,,https://www.commonobjective.co/intercrafts-peru-s-a-c
2,Aadhava apparels,2,sekar239@gmail.com; aadhava@aadhava.in,+919952311477,https://www.google-analytics.com; https://www.aadhava.in; https://www.google.com,2019,10-49,https://www.commonobjective.co/aadhava-apparels
2,Iconoclast Studio,1,monica@iconoclaststudio.com,+13108077074,www.google.com; https://www.googletagmanager.com; https://s.pointerpro.com,2018,5-9,https://www.commonobjective.co/iconoclast-studio
2,Orange Fiber,1,enricaarena@orangefiber.it,,www.google.com; https://www.googletagmanager.com; https://s.pointerpro.com,2014,,https://www.commonobjective.co/orange-fiber
2,Artisan Hut,1,artisanhut@gmail.com,+8801819270869,www.google.com; https://www.googletagmanager.com; https://s.pointerpro.com,2002,50-249,https://www.commonobjective.co/artisan-hut
2,The Loyal Workshop,2,sarah@theloyalworkshop.com; joel@theloyalworkshop.com,,www.google.com; http://www.theloyalworkshop.com; https://www.googletagmanager.com,2014,10-49,https://www.commonobjective.co/the-loyal-workshop
2,ECOSIMPLE,2,rodrigo@globo.nl; david@globalgreen.solutions,+31416272572,https://www.google-analytics.com; http://bcorporation.net; https://www.google.com,2010,,https://www.commonobjective.co/ecosimple
2,3F TEKSTİL SAN VE DIŞ TİCARET A.Ş.,1,dilsat@3ftextile.com,,https://www.google-analytics.com; https://www.google.com; http://www.3ftextile.com,2014,250-999,https://www.commonobjective.co/3f-tekstil-san-ve-dis-ticaret-a-s
2,Motif Handmade,2,susan@clearlypresentable.com; jackie@motifhandmade.com,+12175520537,www.google.com; https://www.googletagmanager.com; http://verified.peopleandplanetfirst.org,1998,1-4,https://www.commonobjective.co/motif-handmade
2,BaSE,1,base.bangladesh.1977@gmail.com,+8801715684374,www.basebangladesh.org; www.google.com; https://www.googletagmanager.com,1977,1000+,https://www.commonobjective.co/base
2,Purecotz Eco Lifestyles Pvt. Ltd.,0,,,https://www.google-analytics.com; https://www.google.com; http://www.purecotz.com,1998,1000+,https://www.commonobjective.co/purecotz-eco-lifestyles-pvt-ltd
3,Continental Clothing Co.,2,jada_l@continentalclothing.com; mariuszcontinental@mac.com,02076042200,www.google.com; http://www.continentalclothing.com; https://www.googletagmanager.com,1994,,https://www.commonobjective.co/continental-clothing-co
3,Herbal Fab,1,herbalfab@gmail.com,+91 8141477309,www.google.com; https://www.googletagmanager.com; https://s.pointerpro.com,2008,,https://www.commonobjective.co/herbal-fab
3,Threads of Peru,2,sarah@threadsofperu.com; sales@threadsofperu.com,+1 6048097014,www.google.com; https://www.googletagmanager.com; https://s.pointerpro.com,2009,1-4,https://www.commonobjective.co/threads-of-peru
3,Five P Venture - Sustainable Clothing & Fabrics,1,bharathi@fivep.in,+919500935115,www.google.com; https://www.googletagmanager.com; https://s.pointerpro.com,2013,50-249,https://www.commonobjective.co/five-p-venture-sustainable-clothing-fabrics
3,Ethical Apparel Africa (EAA),3,cmbeischer@gmail.com; kpybus@ethicalapparelafrica.com; pwatine@ethicalapparelafrica.com,+447974140807,http://www.ethicalapparelafrica.com; www.google.com; https://www.googletagmanager.com,2015,10-49,https://www.commonobjective.co/ethical-apparel-africa-eaa
3,Flocus BV,1,sara.cicognani@flocus.pro,,www.google.com; https://www.googletagmanager.com; https://s.pointerpro.com,2018,10-49,https://www.commonobjective.co/flocus-bv
3,DekelDyes,1,suzannedekel@gmail.com,,https://www.suzannedekel.com; www.google.com; https://www.googletagmanager.com,2015,1-4,https://www.commonobjective.co/dekeldyes
3,Zamira Fashion Limited,3,aimeeg@zamira.hk; germaineh@zamira.com.cn; thomasm@zamira.hk,,https://drive.google.com; https://www.google-analytics.com; https://www.google.com,2007,50-249,https://www.commonobjective.co/zamira-fashion-limited
3,Avani Kumaon,1,rashmi@avani-kumaon.org,+919411105252,www.google.com; https://www.googletagmanager.com; https://s.pointerpro.com,1997,50-249,https://www.commonobjective.co/avani-kumaon-1
3,Phoenix Design Group,2,supreeya@phoenix-dg.com; richard@phoenix-dg.com,,https://www.google-analytics.com; https://www.google.com; http://intelligence.ethicalfashionforum.com,2013,,https://www.commonobjective.co/phoenix-design-group
3,L.A.M Bolivia,1,luisalbis@lambolivia.com,,www.google.com; https://www.googletagmanager.com; https://s.pointerpro.com,1989,10-49,https://www.commonobjective.co/l-a-m-bolivia
3,Masala Threads,2,emma.l.schuster@gmail.com; info@masalathreads.com,,www.masalathreads.com; www.google.com; https://www.googletagmanager.com,,5-9,https://www.commonobjective.co/masala-threads
3,IINOUIIO Ltd,1,john.parkinson@iinouiio.com,,www.google.com; https://mail.google.com; www.iinouiio.com,2019,1-4,https://www.commonobjective.co/iinouiio-ltd
3,Garthenor Organic Ltd,2,jonny@garthenor.com; hello@garthenor.com,,https://www.google-analytics.com; https://www.google.com; http://intelligence.ethicalfashionforum.com,1999,1-4,https://www.commonobjective.co/garthenor-organic-ltd
3,CFM Market Linkages Private Limited,1,nidhi@whycfm.org,+919999181746,https://www.google-analytics.com; https://www.google.com; http://intelligence.ethicalfashionforum.com,2009,,https://www.commonobjective.co/cfm-market-linkages-private-limited
3,EYAND     Ecological Yarn and Natural Dying,1,a.hupperts@majorityswim.net,,https://www.google-analytics.com; https://www.google.com; http://intelligence.ethicalfashionforum.com,2018,10-49,https://www.commonobjective.co/eyand
3,Progress Apparels (Bangladesh) Ltd.,1,sayed.nazim@pds-mfg.com,+8801713022648,https://www.google-analytics.com; https://www.google.com; https://sedexadvance.sedexonline.com,2017,1000+,https://www.commonobjective.co/progress-apparels-bangladesh-ltd-business
3,2nd Innings Handicrafts Pvt Ltd,2,info@2ndinningsindia.com; 4changert@gmail.com,+94770700841,https://www.google-analytics.com; https://widgets.weforum.org; https://www.google.com,2016,50-249,https://www.commonobjective.co/2nd-innings-handicrafts-pvt-ltd
3,Studio Sarmite,2,sarmite.polakova@gmail.com; mara.berzina.mara@gmail.com,+4917657968636,www.google.com; https://www.googletagmanager.com; https://s.pointerpro.com,2020,1-4,https://www.commonobjective.co/studio-sarmite-2
3,Säntis Textiles Pte Ltd,1,annabelle@saentis.com.sg,+66831119971,https://sourcingjournal.com; www.google.com; https://www.googletagmanager.com,2004,10-49,https://www.commonobjective.co/santis-textiles-pte-ltd-3
4,Maki Fair Trade,1,maki@fairtrade.ec,+593958609656,www.google.com; https://www.fairtrade.ec; https://www.googletagmanager.com,2016,10-49,https://www.commonobjective.co/maki-fair-trade
4,Materra,4,alex.aina@materra.tech; john.bertolaso@materra.tech; edward.hill@materra.tech; edward.brial@materra.tech,,www.google.com; https://www.googletagmanager.com; https://s.pointerpro.com,2019,5-9,https://www.commonobjective.co/materra
4,PAQOCHA,1,paqocha@gmail.com,0985964932,https://www.elcomercio.com; www.google.com; https://www.googletagmanager.com,2005,1-4,https://www.commonobjective.co/paqocha
4,TRAFINO S.A.,1,sales@trafino.net,,www.google.com; https://www.googletagmanager.com; https://s.pointerpro.com,1988,10-49,https://www.commonobjective.co/trafino-s-a
4,Offset Warehouse,1,charlie@offsetwarehouse.com,,http://www.offsetwarehouse.com; www.google.com; https://www.googletagmanager.com,2010,,https://www.commonobjective.co/offset-warehouse
4,Têxtil Nortenha,1,jbranco@textilnortenha.pt,,www.google.com; https://www.googletagmanager.com; https://s.pointerpro.com,1954,50-249,https://www.commonobjective.co/textil-nortenha
4,Padma Textiles Ltd.,3,glen@padmauk.com; floran@padmanl.com; mustafa@padmatr.com,,https://www.google-analytics.com; https://www.google.com; www.padmatextiles.com,1995,1000+,https://www.commonobjective.co/padma-textiles-ltd-1
4,YEVU FOUNDATION,2,anna@yevuclothing.com; albertadellor@yevuclothing.com,,www.google.com; https://www.googletagmanager.com; https://s.pointerpro.com,2012,10-49,https://www.commonobjective.co/yevu-foundation
4,Reverse Resources,1,ann@reverseresources.net,,http://www.reverseresources.net; www.google.com; https://www.googletagmanager.com,2014,10-49,https://www.commonobjective.co/reverse-resources
4,Visionise Fashion Design & Manufacturing Services,2,team@visionise.com.au; contact@visionise.com.au,,www.google.com; https://www.googletagmanager.com; https://s.pointerpro.com,,,https://www.commonobjective.co/visionise-fashion-design-manufacturing-services
4,Illariy - Threads 4 dreams,0,,,www.google.com; https://www.googletagmanager.com; https://s.pointerpro.com,2017,1-4,https://www.commonobjective.co/illariy-threads-4-dreams
4,Ammo Designs,2,ammodesigns1@gmail.com; vikibrooker@gmail.com,07594830399,www.google.com; https://www.googletagmanager.com; https://s.pointerpro.com,2014,5-9,https://www.commonobjective.co/ammo-designs
4,Citrus Fashions Pvt. Ltd.,1,info@citrusfashions.com,+919831031014,https://www.google-analytics.com; https://www.google.com; http://intelligence.ethicalfashionforum.com,2007,50-249,https://www.commonobjective.co/citrus-fashions-pvt-ltd
4,DEMCO,1,CGR@demcointer.com,,www.google.com; www.demcointer.com; https://www.googletagmanager.com,1991,1000+,https://www.commonobjective.co/demco
4,Pigeonwishes,1,pigeonwishes@gmail.com,07948183902,www.asahi-kasei.co.jp; www.google.com; https://www.googletagmanager.com,2018,1-4,https://www.commonobjective.co/pigeonwishes
4,Candiani,1,philippa@eco-age.com,,https://www.google-analytics.com; https://www.google.com; http://intelligence.ethicalfashionforum.com,1938,,https://www.commonobjective.co/candiani
4,NOVA KAERU,2,rodrigo@globo.nl; david@globalgreen.solutions,+31416272572,www.google.com; https://www.googletagmanager.com; www.novakaeru.com.br,2010,,https://www.commonobjective.co/nova-kaeru
4,AHA Bolivia,1,annaahabolivia@gmail.com,,https://www.google-analytics.com; https://www.google.com; www.ahabolivia.com,1992,50-249,https://www.commonobjective.co/aha-bolivia
4,SukkhaCitta,1,bertram@sukkhacitta.com,,www.google.com; https://www.googletagmanager.com; https://s.pointerpro.com,2016,5-9,https://www.commonobjective.co/sukkhacitta
4,ASLLI SAC,2,kmahr@aslli.com; krystel.mahr@asllisac.com,,https://www.google-analytics.com; https://www.google.com; http://www.aslli.com,2007,,https://www.commonobjective.co/aslli-sac
5,Fairsew,1,anneliese@fairsew.com,,www.google.com; https://www.googletagmanager.com; https://s.pointerpro.com,2013,10-49,https://www.commonobjective.co/fairsew
5,Avodah Global,2,karine@avodahglobal.org; liz@avodahglobal.org,,www.google.com; https://www.googletagmanager.com; https://s.pointerpro.com,2021,10-49,https://www.commonobjective.co/avodah-global
5,James Ince Umbrellas 1805,2,clare@inceumbrellas.com; richard@inceumbrellas.com,+4402089808143,www.inceumbrellas.com; www.google.com; https://www.googletagmanager.com,1805,5-9,https://www.commonobjective.co/james-ince-umbrellas-1805
5,NordShield®,2,emmi.kavander@nordshield.com; janne.hakonen@nordshield.com,,http://www.nordshield.com; www.google.com; https://www.googletagmanager.com,2016,10-49,https://www.commonobjective.co/nordshield-r
5,Prickly Thistle Scotland Ltd,1,clare@pricklythistlescotland.com,+447801593550,www.google.com; https://www.googletagmanager.com; https://s.pointerpro.com,2017,10-49,https://www.commonobjective.co/prickly-thistle-scotland-ltd
5,Casa Flor Designs,1,averie@casaflordesigns.com,,https://www.google-analytics.com; https://www.google.com; http://intelligence.ethicalfashionforum.com,,,https://www.commonobjective.co/casa-flor-designs
5,zyosh.com,1,pepe@zyosh.com,,https://www.google-analytics.com; https://www.google.com; http://intelligence.ethicalfashionforum.com,1984,10-49,https://www.commonobjective.co/zyosh-com
5,Thanapara Swallows Development Society,1,santo@thanaparaswallows.org,,https://www.google-analytics.com; www.thanaparaswallows.org; https://www.google.com,2000,50-249,https://www.commonobjective.co/thanapara-swallows-development-society-2
5,The Rajlakshmi Cotton Mills Pvt. Ltd.,1,vinay@rajlakshmi.com,+91 9831072180,https://www.google-analytics.com; https://www.google.com; http://www.rcm-organic.com,1934,250-999,https://www.commonobjective.co/the-rajlakshmi-cotton-mills-pvt-ltd
5,Plummy Fashions Ltd,1,fhoque@plummyfashions.com,+8801711536184,www.google.com; https://www.googletagmanager.com; https://s.pointerpro.com,2008,1000+,https://www.commonobjective.co/plummy-fashions-ltd
5,Yabal,1,yabalhandicrafts@gmail.com,,www.google.com; https://www.googletagmanager.com; https://s.pointerpro.com,2010,10-49,https://www.commonobjective.co/yabal
5,Someone Somewhere,1,enrique@someonesomewhere.mx,,www.google.com; https://www.googletagmanager.com; https://s.pointerpro.com,2014,10-49,https://www.commonobjective.co/someone-somewhere-1
5,Anydesign Srl,1,anne@anydesignsrl.com,0552280836,https://www.google-analytics.com; https://www.google.com; https://www.anydesignsrl.com,2016,,https://www.commonobjective.co/anydesign-srl
5,4tify,2,founders@4tify.co; laura@4tify.co,+12067950043,www.google.com; https://www.googletagmanager.com; https://s.pointerpro.com,2017,10-49,https://www.commonobjective.co/4tify
5,FUSH Clothing Manufacturer,1,nebojsa.durmanovic@fush.rs,,www.google.com; https://www.googletagmanager.com; https://s.pointerpro.com,2005,50-249,https://www.commonobjective.co/fush-clothing-manufacturer
5,Cricket Textile,1,gabriel.rivera@altitudsofom.com,+5218182594199,www.google.com; https://www.googletagmanager.com; https://s.pointerpro.com,2016,10-49,https://www.commonobjective.co/cricket-textile
5,PYRATEX®,1,niharika@pyratexfabrics.com,,www.google.com; https://www.googletagmanager.com; https://s.pointerpro.com,2014,,https://www.commonobjective.co/pyratex-r
5,SYMPHONY FABRICS (Organic and Sustainable Textiles),1,abhishek@symphonyfabrics.in,+919512304888,www.google.com; https://www.googletagmanager.com; https://s.pointerpro.com,,50-249,https://www.commonobjective.co/symphony-fabrics-organic-and-sustainable-textiles
5,Pratibha,1,info@pratibhasyntex.com,,https://www.google-analytics.com; https://www.google.com; www.pratibhasyntex.com,1997,1000+,https://www.commonobjective.co/pratibha
5,Fashion Enter Ltd,1,jenni@fashion-enter.com,02088093311,www.google.com; https://www.googletagmanager.com; https://s.pointerpro.com,2006,50-249,https://www.commonobjective.co/fashion-enter-ltd
6,Mila Fair Clothings Pvt Ltd,2,girish.krishnan@mila-clothing.com; stefan@3freunde.com,+91 9944425015,www.google.com; https://www.googletagmanager.com; https://s.pointerpro.com,2006,10-49,https://www.commonobjective.co/mila-fair-trade-clothing-company
6,Meenakshi (India) Limited,1,venus.gera@milgroup.in,+91 9406679822,https://acrobat.adobe.com; www.google.com; https://www.googletagmanager.com,1982,1000+,https://www.commonobjective.co/meenakshi-india-limited
6,AMADEU DESIGN,1,info@oyabarlas.com,,www.google.com; https://www.googletagmanager.com; https://s.pointerpro.com,2016,10-49,https://www.commonobjective.co/amadeu-design
6,Source For Future,1,post@indonaturals.com,,www.google.com; https://www.sourceforfuture.com; https://www.googletagmanager.com,2019,,https://www.commonobjective.co/source-for-future
6,Taytta Hats by Kurinty,1,marjorie@taytta.com,,www.kurinty.com; www.google.com; https://www.googletagmanager.com,2005,1-4,https://www.commonobjective.co/taytta-hats-by-kurinty
6,CI JEANS SAS,1,tnavarro@cijeans.com.co,+57 3137500193,http://www.cijeans.com.co; www.google.com; www.cijeans.com.co,1993,1000+,https://www.commonobjective.co/ci-jeans-sas
6,Recover™,1,social@recovertex.com,+34966568044,https://www.google-analytics.com; https://www.google.com; http://intelligence.ethicalfashionforum.com,1947,50-249,https://www.commonobjective.co/recover-2
6,TO THE MARKET,4,gracek@tothemarket.com; sharifaa@tothemarket.com; danielle@tothemarket.com; cindy@tothemarket.com,,www.google.com; https://www.googletagmanager.com; https://s.pointerpro.com,,,https://www.commonobjective.co/to-the-market
6,OLMETEX SPA,1,giorgia@olmetex.it,0314630211,https://www.google-analytics.com; https://www.google.com; www.olmetex.it,1954,50-249,https://www.commonobjective.co/olmetex-spa
6,Niko International,2,sales@nikointernational.com; dvc.16@hotmail.com,,www.nikointernational.com; www.google.com; https://www.googletagmanager.com,2008,50-249,https://www.commonobjective.co/niko-international
6,Mahaguthi Craft with Conscience,1,samir.mahaguthi@gmail.com,,www.google.com; https://www.googletagmanager.com; https://s.pointerpro.com,1984,50-249,https://www.commonobjective.co/mahaguthi-craft-with-conscience
6,Oriental Crafts India,1,orientalcraftsindia@gmail.com,+91 9653089371,https://www.google-analytics.com; https://www.google.com; http://intelligence.ethicalfashionforum.com,1997,,https://www.commonobjective.co/special-effect
6,Charming Trim & Packaging,1,birgit.harth@charmingtrim.com,,www.google.com; https://www.googletagmanager.com; https://s.pointerpro.com,1991,1000+,https://www.commonobjective.co/charming-trim-packaging
6,SARP JEANS,1,gizem@sarpjeans.com,+905324008902,www.google.com; https://www.googletagmanager.com; https://s.pointerpro.com,1984,50-249,https://www.commonobjective.co/sarp-jeans
6,"SINGTEX Industrial Co.,Ltd",1,marketing@singtex.com,,www.google.com; https://www.googletagmanager.com; https://s.pointerpro.com,1989,50-249,https://www.commonobjective.co/singtex-industrial-co-ltd
6,CM Garmindo,1,start@cmgarmindo.com,+6282146811330,www.google.com; https://www.googletagmanager.com; https://s.pointerpro.com,2012,10-49,https://www.commonobjective.co/cm-garmindo
6,Saheli Women,2,madhu@iphdindia.com; saheliwomenoffice@gmail.com,,www.google.com; http://saheliwomen.com; https://www.googletagmanager.com,2015,50-249,https://www.commonobjective.co/saheli-women
6,Sabahar,1,sophie@sabahar.com,+251911255453,www.sabahar.com; https://www.google-analytics.com; https://www.google.com,2006,50-249,https://www.commonobjective.co/sabahar-3
6,SourcingStories Ltd.,1,info@sourcingstories.com,,https://www.google-analytics.com; https://www.google.com; http://intelligence.ethicalfashionforum.com,,,https://www.commonobjective.co/sourcingstories-ltd
6,Camco,1,summer@camcoclothing.com.cn,,https://www.google-analytics.com; https://www.google.com; http://intelligence.ethicalfashionforum.com,2009,50-249,https://www.commonobjective.co/camco
7,Chaiim Humanitarian Clothing,2,rdsouza@chaiimfoundation.org; helena@chaiimfoundation.org,+91 9819710759,www.google.com; https://www.googletagmanager.com; https://s.pointerpro.com,2013,10-49,https://www.commonobjective.co/chaiim-humanitarian-clothing
7,TiJuD | Apparel & Allied Services,1,joseph.israele@outlook.com,,www.google.com; https://www.googletagmanager.com; https://s.pointerpro.com,2018,10-49,https://www.commonobjective.co/tijud-clothing-india
7,Echo Sourcing Ltd,1,sh@echosourcing.com,,www.google.com; https://www.googletagmanager.com; http://www.oeko-tex.com,1996,1000+,https://www.commonobjective.co/echo-sourcing-ltd
7,Reflect Studio,1,ece@reflectstudio.com,,https://www.google-analytics.com; http://bcorporation.net; https://www.google.com,2018,50-249,https://www.commonobjective.co/reflect-studio
7,Cojolya Association of Maya Women Weavers,1,cojolya@cojolya.org,,https://www.google-analytics.com; http://cojolya.org; https://www.google.com,1983,10-49,https://www.commonobjective.co/cojolya-association-of-maya-women-weavers
7,Mind Balance Productions,1,mind.balance.productions@gmail.com,,https://www.google-analytics.com; https://www.google.com; http://intelligence.ethicalfashionforum.com,2024,,https://www.commonobjective.co/ethical-nomads-1
7,Indigenous Apparels Private Limited,1,vincent@indigenousindustries.com,,www.google.com; https://www.googletagmanager.com; https://s.pointerpro.com,2014,10-49,https://www.commonobjective.co/indigenous-apparels-private-limited
7,Hi-Life Labels,1,mmr@hilifelabels.com,+918122388707,https://www.google-analytics.com; www.hilifelabels.com; https://www.google.com,1987,50-249,https://www.commonobjective.co/hi-life-labels
7,MetaWear Organic,2,marykate@ecofashioncorp.com; marcizaroff@gmail.com,,www.google.com; https://www.googletagmanager.com; https://s.pointerpro.com,2012,10-49,https://www.commonobjective.co/metawear-organic
7,Plexus Cotton,1,paige.earlam@plexus-cotton.com,+441516508888,www.google.com; https://www.googletagmanager.com; https://s.pointerpro.com,,,https://www.commonobjective.co/plexus-cotton
7,Sealuna,1,office@sealuna.at,,www.google.com; https://www.googletagmanager.com; https://s.pointerpro.com,2013,1-4,https://www.commonobjective.co/sealuna
7,Hung Yen Knitting and Dyeing Co Ltd,1,sara@hungyen-kd.com,,https://www.google-analytics.com; https://www.google.com; http://intelligence.ethicalfashionforum.com,2008,250-999,https://www.commonobjective.co/hung-yen-knitting-and-dyeing-co-ltd
7,Banana Moon Clothing,1,alexgrace@bananamoon.co.uk,,www.banana-moon-clothing.co.uk; www.google.com; https://www.googletagmanager.com,1993,10-49,https://www.commonobjective.co/banana-moon-clothing
7,Brij Designs,1,kr@brijdesigns.com,,www.brijdesigns.com; https://www.google-analytics.com; https://www.google.com,2008,250-999,https://www.commonobjective.co/brij-designs-1
7,Gisella de Chávez,1,gimazam@yahoo.com,+593967854443,https://www.google-analytics.com; https://www.google.com; http://intelligence.ethicalfashionforum.com,2004,10-49,https://www.commonobjective.co/gisella-de-chavez
7,Justus Of Lyons,1,marcoestebangarcia@hotmail.com,,www.latam.justusoflyons.com; https://www.google-analytics.com; https://www.google.com,2011,5-9,https://www.commonobjective.co/justus-of-lyons
7,artSIMIATUG LLAKTA,1,simiatugllakta.bolivar@gmail.com,,www.youtube.com; https://www.google-analytics.com; https://www.google.com,2000,,https://www.commonobjective.co/artsimiatug-llakta
7,Once Upon a time in a land far far away Ltd,2,juneknotts1@gmail.com; susiehughes@onceuponatime.global,+44 7920195123,www.google.com; https://www.googletagmanager.com; https://s.pointerpro.com,2019,1-4,https://www.commonobjective.co/once-upon-a-time-in-a-land-far-far-away-ltd
7,Beyond Leather Materials,4,fruzsina@beyondleather.dk; hannah@beyondleather.dk; mikael@beyondleather.dk; anna@beyondleather.dk,,www.google.com; https://www.googletagmanager.com; http://www.explore-leap.com,2017,,https://www.commonobjective.co/beyond-leather-materials-2
7,ao textiles,2,pennywalsh@dyework.co.uk; info@emmadarcey.com,,https://www.google-analytics.com; https://www.google.com; http://intelligence.ethicalfashionforum.com,2006,,https://www.commonobjective.co/ao-textiles
8,Ventile,2,daniel@ventile.co.uk; rhian@karolmarketing.com,,https://www.google-analytics.com; https://www.google.com; http://intelligence.ethicalfashionforum.com,1939,,https://www.commonobjective.co/ventile
8,OFFICINA+39,1,info@officina39.com,+390158492913,https://www.google-analytics.com; https://www.google.com; http://www.officina39.com,1992,10-49,https://www.commonobjective.co/officina-39-2
8,Tagualand,1,info@tagualand.com,(593)9990998,https://www.google-analytics.com; https://www.google.com; www.tagualand.com,2014,1-4,https://www.commonobjective.co/tagualand
8,Boma Jewelry,1,suzanne@bomajewelry.com,,www.google.com; https://www.googletagmanager.com; https://s.pointerpro.com,1981,50-249,https://www.commonobjective.co/boma-jewelry
8,Spring NE,3,lisa@springne.com; oguz.kamburoglu@springne.com; samet.cetin@springne.com,02080655646,https://www.google-analytics.com; https://www.google.com; http://intelligence.ethicalfashionforum.com,2010,50-249,https://www.commonobjective.co/spring-ne
8,Tetriberica,0,,,https://www.google-analytics.com; https://www.google.com; http://intelligence.ethicalfashionforum.com,1993,50-249,https://www.commonobjective.co/tetriberica
8,Gooseberry Fool,1,rachel@gooseberryfool.co.uk,,www.google.com; https://www.googletagmanager.com; https://s.pointerpro.com,2016,1-4,https://www.commonobjective.co/gooseberry-fool
8,Aquafil,1,viola@eco-age.com,,https://www.google-analytics.com; https://www.google.com; http://intelligence.ethicalfashionforum.com,1965,1000+,https://www.commonobjective.co/aquafil
8,Evolution3,3,lindamaip@gmail.com; rachel@evolution3.com; marian@evolution3.com,,https://www.google-analytics.com; https://www.google.com; http://intelligence.ethicalfashionforum.com,2010,50-249,https://www.commonobjective.co/evolution3
8,Anubha,2,akshat@anubhaindustries.com; chetan.tare@anubhaindustries.com,,https://www.google-analytics.com; https://www.google.com; http://intelligence.ethicalfashionforum.com,2013,250-999,https://www.commonobjective.co/anubha
8,VISTA MODA,1,gokay@vistatekstil.com,,www.google.com; https://www.googletagmanager.com; https://s.pointerpro.com,2020,10-49,https://www.commonobjective.co/vista-moda-tekstil-reklamcilik-san-ve-tic-ltd-sti
8,Source Creative,1,jaini@sourcecreative.in,,www.google.com; https://www.googletagmanager.com; https://s.pointerpro.com,,1-4,https://www.commonobjective.co/source-creative-1
8,Buno Behen,1,maithili@bunobehen.com,+33 0609831131; 0609831131,www.google.com; https://www.googletagmanager.com; https://s.pointerpro.com,,,https://www.commonobjective.co/buno-behen
8,Silaiwali,1,info@silaiwali.com,,https://www.google-analytics.com; https://www.google.com; http://intelligence.ethicalfashionforum.com,2018,50-249,https://www.commonobjective.co/silaiwali
8,NIL Textile s. r. o.,3,jan.mil@nilmore.com; marketa.krizova@nilmore.com; info@nilmore.com,,www.niltextile.com; www.google.com; https://www.googletagmanager.com,,,https://www.commonobjective.co/nil-textile
8,HZCORK,1,contact@hcork.com,,www.google.com; https://www.googletagmanager.com; https://s.pointerpro.com,2015,50-249,https://www.commonobjective.co/hzcork
8,ООО «БАРЛЛИ ГРУПП»,1,b2b@barlly.store,,https://www.google-analytics.com; http://barlly-group.com; https://www.google.com,2017,50-249,https://www.commonobjective.co/barlly-group-llc
8,H&J Studio,1,vilma.jimenez@hijtrading.com,+593995522897,https://www.google-analytics.com; https://www.google.com; http://intelligence.ethicalfashionforum.com,2020,1-4,https://www.commonobjective.co/h-j-studio
8,AmaDablam,1,admin@amadablam.uk,+447912415266,https://www.google-analytics.com; https://www.google.com; http://intelligence.ethicalfashionforum.com,2015,1-4,https://www.commonobjective.co/amadablam
8,"Dev Ethical Sustainable Crafts and Textiles, Uttarakhand -DESCATUK",1,descatuk@gmail.com,,www.google.com; https://www.googletagmanager.com; https://s.pointerpro.com,2020,,https://www.commonobjective.co/descatuk-private-limited
9,MANIFATTURA PEZZETTI,1,g.perona@pezzetti.it,,https://www.google-analytics.com; http://www.w3.org; https://www.google.com,1913,50-249,https://www.commonobjective.co/manifattura-pezzetti
9,Strobel Ltda,1,mrstrobel@strobel.cl,,https://www.google-analytics.com; https://www.google.com; https://www.strobel.cl,1942,10-49,https://www.commonobjective.co/strobel-ltda
9,Sabahar,1,info@sabahar.com,,www.google.com; https://www.googletagmanager.com; https://s.pointerpro.com,,50-249,https://www.commonobjective.co/sabahar-2
9,Botto Upcycle Enterprise,1,Botto.upcycle@gmail.com,+2330249506812,https://www.google-analytics.com; https://www.google.com; http://intelligence.ethicalfashionforum.com,,,https://www.commonobjective.co/botto-upcycle-enterprise
9,CONBELLO TEXTILE,1,info@conbello.com,,https://www.google-analytics.com; https://www.google.com; http://intelligence.ethicalfashionforum.com,2008,50-249,https://www.commonobjective.co/conbello-textile-business
9,Kowil women and orphans self help group(kwosh),1,victorkopiyo444@yahoo.com,+254725571957,https://www.google-analytics.com; https://www.google.com; http://intelligence.ethicalfashionforum.com,2005,10-49,https://www.commonobjective.co/kowil-women-and-orphans-self-help-group-kwosh
9,Bananatex®,1,hello@bananatex.info,,https://www.bananatex.info; www.google.com; https://www.googletagmanager.com,2020,,https://www.commonobjective.co/bananatex-r
9,Mila Cosa,1,miyandazi@milacosa.com,+254723958941,https://www.google-analytics.com; https://www.google.com; http://intelligence.ethicalfashionforum.com,,,https://www.commonobjective.co/mila-cosa
9,TORCETEX,2,rodrigo@globo.nl; david@globalgreen.solutions,+31416272572,https://www.google-analytics.com; https://www.google.com; http://intelligence.ethicalfashionforum.com,1956,,https://www.commonobjective.co/torcetex
9,Tenun Ikat Sikka,1,hola@toqapu.com,+41445866635,www.google.com; https://www.googletagmanager.com; https://s.pointerpro.com,2014,,https://www.commonobjective.co/tenun-ikat-sikka
9,ASOC. DE MUJERES AGRO-ARTESANALES AMA,1,artesaniasama08@gmail.com,,www.google.com; https://www.googletagmanager.com; https://s.pointerpro.com,2008,10-49,https://www.commonobjective.co/asoc-de-mujeres-agro-artesanales-ama
9,Armadillo Stores,1,armadillostores@gmail.com,+593999222024,https://www.google-analytics.com; https://www.google.com; http://intelligence.ethicalfashionforum.com,2016,,https://www.commonobjective.co/armadillo-stores
9,Twenty3 23 Designs & Sourcing Pvt Ltd,1,info@2323designs.in,+918800832028,https://www.google-analytics.com; https://www.google.com; http://intelligence.ethicalfashionforum.com,2018,5-9,https://www.commonobjective.co/twenty3-23-designs-sourcing-pvt-ltd
9,MTI USA,2,lm@mtinewyork.com; tr@mtinewyork.com,+16462874013,www.google.com; https://www.googletagmanager.com; https://s.pointerpro.com,1995,1-4,https://www.commonobjective.co/mti-usa
9,FibreLab,1,k.katz0320191@arts.ac.uk,,www.youtube.com; https://www.google-analytics.com; https://www.google.com,2020,1-4,https://www.commonobjective.co/fibrelab
9,Le Qara,2,a.davila@leqara.com; info@leqara.com,,www.google.com; https://www.googletagmanager.com; https://s.pointerpro.com,,,https://www.commonobjective.co/le-qara
9,Ethical Edit Limited,1,juliana@ethicaledit.com.au,+64272810556,https://www.google-analytics.com; https://www.google.com; http://intelligence.ethicalfashionforum.com,,,https://www.commonobjective.co/ethical-edit-limited
9,MAFCO EXPOTS AND GARMENTS,1,n.shekar@mafco.in,,www.mafco.in; https://www.google-analytics.com; https://www.google.com,2017,50-249,https://www.commonobjective.co/mafco-expots-and-garments
9,Samvara Consultancy India (OPC) pvt. Ltd,1,nwearth1@gmail.com,+919810833031,https://www.google-analytics.com; https://www.google.com; http://intelligence.ethicalfashionforum.com,2018,,https://www.commonobjective.co/samvara-consultancy-india-opc-pvt-ltd
9,La Tagueria,1,latagueria@gmail.com,,https://www.google-analytics.com; https://www.google.com; http://intelligence.ethicalfashionforum.com,1977,10-49,https://www.commonobjective.co/la-tagueria
10,Ananas Anam,4,ceri.rees@ananas-anam.com; raquel.prado@ananas-anam.com; bruno.depenanster@ananas-anam.com; alexandra.richardson@ananas-anam.com,,www.google.com; https://www.googletagmanager.com; https://s.pointerpro.com,2013,10-49,https://www.commonobjective.co/ananas-anam
10,Sanctuary Innerwear,1,sanctuaryinnerwear@gmail.com,,https://swatchon.com; http://sanctuaryinnerwear.com; https://www.google-analytics.com,2019,1-4,https://www.commonobjective.co/sanctuary-innerwear
10,Rangsutra Crafts India,1,rahulnoblesingh@mac.com,+919910941379,https://www.google-analytics.com; https://www.google.com; http://intelligence.ethicalfashionforum.com,2007,50-249,https://www.commonobjective.co/rangsutra-crafts-india
10,Lana Siberie,1,i.filipovscaia@gmail.com,,www.google.com; https://www.googletagmanager.com; https://s.pointerpro.com,2013,,https://www.commonobjective.co/lana-siberie
10,Bridget Kennedy Project Space,1,bridget@bridgetkennedy.com.au,,https://www.google-analytics.com; https://www.google.com; http://intelligence.ethicalfashionforum.com,2005,,https://www.commonobjective.co/bridget-kennedy-project-space
10,12NA (DOCENA),1,mariano@docena.net,,www.google.com; https://www.googletagmanager.com; https://s.pointerpro.com,2004,5-9,https://www.commonobjective.co/12na-docena
10,Anthyia Inc,1,ying.luo@anthyia.com,,https://www.google-analytics.com; https://www.google.com; http://intelligence.ethicalfashionforum.com,2012,1-4,https://www.commonobjective.co/anthyia-inc
10,Topiku,2,monty@topiku.co; geoff@topiku.co,+6281383322760,www.google.com; https://www.googletagmanager.com; https://s.pointerpro.com,2015,1-4,https://www.commonobjective.co/topiku
10,Gaia Sourcing UK LLP,2,banus@gaia-sourcing.com; sedar@gaia-sourcing.com,+902122492200,www.gaia-sourcing.com; www.google.com; https://www.googletagmanager.com,,10-49,https://www.commonobjective.co/gaia-sourcing-uk-llp
10,Swat Valley Guild,1,zufi@bizgees.org,,http://www.the-svg.net; https://www.google-analytics.com; https://www.google.com,2016,5-9,https://www.commonobjective.co/swat-valley-guild
10,Lebenskleidung,1,ben@lebenskleidung.com,,www.google.com; https://www.googletagmanager.com; https://s.pointerpro.com,2008,5-9,https://www.commonobjective.co/lebenskleidung
10,KEP Textile Atelier,1,pervin@kepteam.org,,https://www.google-analytics.com; https://www.google.com; http://intelligence.ethicalfashionforum.com,2021,10-49,https://www.commonobjective.co/kep-textile-atelier
10,URVARA Pty LTD,1,domdsilva@urvara.com.au,+91 9884080705,https://www.google-analytics.com; https://www.google.com; http://intelligence.ethicalfashionforum.com,2020,1-4,https://www.commonobjective.co/eco-sigma-pvt-ltd
10,Metalbottoni S.p.A,1,a.valli@metalbottoni.it,+39 3517861790,https://www.google-analytics.com; www.metalbottoni.it; https://www.google.com,1959,50-249,https://www.commonobjective.co/metalbottoni-s-p-a
10,WC Artisan Collections Ltd,1,lorenza@womencraft.org,+255769841712,http://www.womencraft.org; www.google.com; https://www.googletagmanager.com,2007,,https://www.commonobjective.co/wc-artisan-collections-ltd
10,KOUA STUDIO,1,pr@kouastudio.com,,www.google.com; https://www.googletagmanager.com; https://s.pointerpro.com,2020,5-9,https://www.commonobjective.co/koua-studio-1
10,TAGUARTE,1,jjsemanate@gcabogados.com,+593993688119,https://www.google-analytics.com; https://www.google.com; http://intelligence.ethicalfashionforum.com,2000,1-4,https://www.commonobjective.co/taguarte
10,TINKU - Celebrating Bolivian Heritage,1,eliana.garron@tinku.world,,www.google.com; https://www.googletagmanager.com; https://s.pointerpro.com,2019,,https://www.commonobjective.co/tinku-celebrating-bolivian-heritage
10,Win-Win Textiles,1,lars@win-win.info,,https://www.google-analytics.com; https://www.google.com; http://intelligence.ethicalfashionforum.com,1957,10-49,https://www.commonobjective.co/win-win-textiles
10,INDIVIDUALS Lingerie-bikini-silk,1,individuals@individuals.it,+393471626689,www.google.com; https://www.googletagmanager.com; https://s.pointerpro.com,2006,1-4,https://www.commonobjective.co/individuals-lingerie-bikini-silk
11,Sewing & Design Studio,1,mail@traceydockree.com,,https://www.google-analytics.com; https://www.google.com; http://intelligence.ethicalfashionforum.com,2017,,https://www.commonobjective.co/sewing-design-studio
11,Local Women's Handicrafts,1,nasreen@localwomenshandicrafts.com,,www.google.com; https://www.googletagmanager.com; https://s.pointerpro.com,2008,50-249,https://www.commonobjective.co/local-women-s-handicrafts
11,Manos del Uruguay,1,adeprado@manos.com.uy,,www.google.com; https://www.googletagmanager.com; https://s.pointerpro.com,1968,50-249,https://www.commonobjective.co/manos-del-uruguay-1
11,KOLORO,1,carmenbalbin@koloro.pe,,https://www.google-analytics.com; http://www.w3.org; https://www.google.com,2017,1-4,https://www.commonobjective.co/koloro
11,Can Fashion Pvt Ltd,1,ashish@candesigns.in,,www.candesigns.in; https://www.google-analytics.com; http://www.candesigns.in,2011,250-999,https://www.commonobjective.co/can-fashion-pvt-ltd
11,Marina Sourcing,1,fabad@marinaec.com,,www.google.com; https://www.googletagmanager.com; https://s.pointerpro.com,2018,1-4,https://www.commonobjective.co/marina-sourcing
11,SOFFA,2,f.a.zafeiropoulou@soffa.gr; designer@wearyourorigins.com,+302111189357,https://www.google-analytics.com; https://www.google.com; http://intelligence.ethicalfashionforum.com,2017,5-9,https://www.commonobjective.co/soffa
11,Brixon Design & Manufacturing,1,robert@brixon.com.hk,,www.google.com; https://www.googletagmanager.com; https://s.pointerpro.com,1982,,https://www.commonobjective.co/brixon-design-manufacturing
11,Ereena,1,jyoti.exemplar@gmail.com,+919866153195,www.google.com; https://www.googletagmanager.com; https://s.pointerpro.com,2013,50-249,https://www.commonobjective.co/ereena
11,New Leaf Sourcing,1,info@newleafcompany.ca,+16476695214,https://www.google-analytics.com; https://www.google.com; http://intelligence.ethicalfashionforum.com,2020,5-9,https://www.commonobjective.co/new-leaf-sourcing
11,Sarah Yaccabe,1,slyaccabe@gmail.com,,https://www.google-analytics.com; https://www.google.com; http://intelligence.ethicalfashionforum.com,2014,1-4,https://www.commonobjective.co/yaccabe-bespoke
11,The London Embroidery Studio Ltd,1,andy@londonembroiderystudio.com,,https://www.google-analytics.com; https://www.google.com; http://intelligence.ethicalfashionforum.com,2007,5-9,https://www.commonobjective.co/the-london-embroidery-studio-ltd
11,Flying Tex,1,bruce@flyingtex.com.tw,,www.google.com; https://www.googletagmanager.com; https://s.pointerpro.com,1993,10-49,https://www.commonobjective.co/flying-tex
11,EUROMAGLIA SRL,1,elisa@euromaglia.it,,www.euromaglia.com; https://www.google-analytics.com; https://www.google.com,1980,,https://www.commonobjective.co/euromaglia-srl
11,EBD CARMAL HATS,1,ventas@ebdcarmalhats.com,,https://www.google-analytics.com; http://www.ebdcarmalhats.com; https://www.google.com,1962,,https://www.commonobjective.co/ebd-carmal-hats
11,Artesalinas,1,ventas@artesalinas.ec,+593985196031,https://www.google-analytics.com; https://www.google.com; http://intelligence.ethicalfashionforum.com,2003,10-49,https://www.commonobjective.co/artesalinas
11,Sieme,1,info@wearesieme.com,,www.google.com; https://www.googletagmanager.com; https://s.pointerpro.com,2020,,https://www.commonobjective.co/sieme
11,UPW LTD.,2,kwanlieu@upwhk.com; alexlo@upwhk.com,,https://www.google-analytics.com; https://www.google.com; http://intelligence.ethicalfashionforum.com,1984,250-999,https://www.commonobjective.co/upw-ltd
11,NATIVA™,1,mestrada@chargeurs-luxury.com,,www.nativapreciousfiber.com; www.google.com; https://www.googletagmanager.com,1984,250-999,https://www.commonobjective.co/nativa
11,Rochak Handknit Craft,1,info@RochakHandknit.com,,http://RochakHandknit.com; https://www.google-analytics.com; https://www.google.com,1996,10-49,https://www.commonobjective.co/rochak-handknit-craft
12,Montloup,1,lila@montloup.com,,www.google.com; https://www.googletagmanager.com; https://s.pointerpro.com,2018,1-4,https://www.commonobjective.co/montloup
12,Recyc Leather,1,ogrammont@recycleather.com,,https://www.google-analytics.com; https://www.google.com; http://intelligence.ethicalfashionforum.com,2017,,https://www.commonobjective.co/recyc-leather-2
12,Creative Sourcing,1,clare@creative-sourcing.co.uk,,http://www.creative-sourcing.co.uk; https://www.google-analytics.com; https://www.google.com,,,https://www.commonobjective.co/creative-sourcing
12,Boon & Up,1,jonathan@boonandup.com,,https://www.google-analytics.com; http://www.w3.org; https://www.google.com,,10-49,https://www.commonobjective.co/boon-up
12,Aquapak Polymers Ltd,2,m.lapping@aquapakpolymers.com; marketing@aquapakpolymers.com,+441215165656,www.google.com; https://www.googletagmanager.com; https://s.pointerpro.com,2018,,https://www.commonobjective.co/aquapak-polymers-ltd-1
12,WORK+SHELTER,1,hello@workshelter.co,,https://www.google-analytics.com; www.workshelter.co; https://www.google.com,2011,50-249,https://www.commonobjective.co/work-shelter
12,Excel Apparel,4,louise@excellondon.co.uk; charles@excellondon.co.uk; Maria@excellondon.co.uk; martin@excellondon.co.uk,02079233037,http://www.excelapparel.co.uk; https://www.google-analytics.com; https://www.google.com,1972,10-49,https://www.commonobjective.co/excel-apparel
12,EK KATHA,1,info@ekkathaclothing.com,,https://www.google-analytics.com; https://www.google.com; http://intelligence.ethicalfashionforum.com,,,https://www.commonobjective.co/ek-katha
12,plasticity.,1,plasticityplastic@gmail.com,,https://www.google-analytics.com; https://www.google.com; http://intelligence.ethicalfashionforum.com,2017,1-4,https://www.commonobjective.co/plasticity
12,House of Attuendo,1,houseofattuendo@zoho.com,,http://www.attuendo.com; https://www.google-analytics.com; https://www.google.com,2009,250-999,https://www.commonobjective.co/house-of-attuendo
12,Weaving Women Bolivia,1,wwbolivia@gmail.com,,https://www.google-analytics.com; http://www.wwbolivia.com; https://www.google.com,2009,,https://www.commonobjective.co/weaving-women-bolivia
12,"Tintex Textiles, S.A.",1,ana.silva@tintextextiles.com,+351251708200,https://www.google-analytics.com; https://www.google.com; http://intelligence.ethicalfashionforum.com,1998,50-249,https://www.commonobjective.co/tintex-textiles-s-a
12,Artisans Of Fashion,1,peterwilliamnaughton@gmail.com,,www.artisansoffashion.com; https://www.google-analytics.com; https://www.google.com,2011,,https://www.commonobjective.co/artisans-of-fashion
12,Presca Teamwear,1,pete@grnbikewear.com,,www.google.com; https://www.googletagmanager.com; https://s.pointerpro.com,,,https://www.commonobjective.co/presca-teamwear
12,BLACKHORSE LANE ATELIERS,1,annie@blackhorselane.com,02085317772,https://www.google-analytics.com; https://www.google.com; http://intelligence.ethicalfashionforum.com,2015,10-49,https://www.commonobjective.co/blackhorse-lane-ateliers
12,Harmony Art,1,harmony@harmonyart.com,,www.google.com; https://www.googletagmanager.com; https://s.pointerpro.com,2005,,https://www.commonobjective.co/harmony-art
12,Wildlife Works,1,joyce@wildlifeworks.com,,www.google.com; https://www.googletagmanager.com; https://s.pointerpro.com,2001,50-249,https://www.commonobjective.co/wildlife-works
12,KNK-KANAKA,1,k.slezak@knk-kanaka.pl,,www.google.com; https://www.googletagmanager.com; https://s.pointerpro.com,2004,10-49,https://www.commonobjective.co/knk-kanaka
12,Handspun cashmere house in Nepal,1,production@handspuncashmerehouse.com,+977 9869310989,http://www.ultrafinecashmere.com; www.google.com; https://www.googletagmanager.com,,,https://www.commonobjective.co/handspun-cashmere-house-in-nepal
12,Yousstex International,1,eva@mudjeans.eu,+31683323484,https://www.google-analytics.com; https://www.google.com; http://intelligence.ethicalfashionforum.com,1990,250-999,https://www.commonobjective.co/yousstex-international
13,The Sustainable Sequin Company,1,rachel@thesustainablesequincompany.com,,https://www.google-analytics.com; https://www.google.com; http://intelligence.ethicalfashionforum.com,2018,1-4,https://www.commonobjective.co/the-sustainable-sequin-company
13,Generation Next Fashions Ltd.,1,kearra@gnf-bd.com,,https://www.google-analytics.com; https://www.google.com; www.gnf-bd.com,2006,,https://www.commonobjective.co/generation-next-fashions-ltd
13,A and A Eco Products,1,marketingaaeco@gmail.com,+919810319384,https://www.google-analytics.com; http://www.w3.org; https://www.google.com,2005,10-49,https://www.commonobjective.co/a-and-a-eco-products
13,Atellier Organic. Joyas de Autor,1,nathalie.cervantes34@outlook.com,(521)3311488,www.google.com; https://www.googletagmanager.com; https://s.pointerpro.com,2011,1-4,https://www.commonobjective.co/atellier-organic-joyas-de-autor
13,Barkha's Custom Sourcing,0,,,www.google.com; https://www.googletagmanager.com; https://s.pointerpro.com,1991,1-4,https://www.commonobjective.co/barkha-s-custom-sourcing
13,ELKA BRANDS,1,hemantha@elkabrands.com,+94776552521,https://www.google-analytics.com; https://www.google.com; http://intelligence.ethicalfashionforum.com,2025,5-9,https://www.commonobjective.co/elka-brands-1
13,Xurius Embroideries,1,dildar@xuriusembroideries.com,+91 9987303004,https://www.google-analytics.com; http://www.xuriusembroideries.com; https://www.google.com,2018,50-249,https://www.commonobjective.co/xurius-embroideries
13,PC GLOBAL FASHION,1,adrianpb_098@hotmail.com,+593992918387,www.google.com; http://www.pcglobalfashion.com; https://www.googletagmanager.com,1993,250-999,https://www.commonobjective.co/pc-global-fashion
13,Spataro Napoli,1,mario.villegas@spataro.com.co,+573228839484,https://www.google-analytics.com; http://spataro.com.co; https://www.google.com,1967,250-999,https://www.commonobjective.co/spataro-napoli
13,Lula Mena,1,international@lulamena.com,,www.google.com; https://www.googletagmanager.com; https://s.pointerpro.com,2011,10-49,https://www.commonobjective.co/lula-mena-1
13,The Roots project,1,gmalish17@gmail.com,+211916658206,https://www.google-analytics.com; http://www.w3.org; https://www.google.com,2009,50-249,https://www.commonobjective.co/the-roots-project
13,Caryla Lifestyle,1,info@caryla.com,+919831213399,www.google.com; https://www.googletagmanager.com; https://s.pointerpro.com,2014,5-9,https://www.commonobjective.co/caryla-lifestyle
13,Libertina,0,,+44 1273724586,https://www.google-analytics.com; https://www.google.com; http://intelligence.ethicalfashionforum.com,,5-9,https://www.commonobjective.co/libertina
13,Sourcing by F.ABLE,1,monicagkim@graceus.co.kr,,www.google.com; https://www.googletagmanager.com; https://s.pointerpro.com,2019,1-4,https://www.commonobjective.co/monica-g-kim
13,NAIDON,1,naidonita@gmail.com,,https://www.google-analytics.com; https://www.google.com; http://intelligence.ethicalfashionforum.com,2020,1-4,https://www.commonobjective.co/naidon
13,Artisan Links,1,zardozitahira@gmail.com,+923008596747,https://www.google-analytics.com; www.artisanlinks.com; https://www.google.com,2017,5-9,https://www.commonobjective.co/artisan-links
13,Fashion Circle,1,sk@fashioncircle.co.in,+918861219292,https://www.google-analytics.com; https://www.google.com; http://intelligence.ethicalfashionforum.com,,,https://www.commonobjective.co/fashion-circle
13,Humanity Centred Designs,1,info@humanitycentreddesigns.com,07424877759,https://www.google-analytics.com; https://www.google.com; http://intelligence.ethicalfashionforum.com,2020,,https://www.commonobjective.co/humanity-centred-designs
13,TradeAider,1,sussiechen@tradeaider.com,+86 13827080112,http://www.tradeaider.com; www.tradeaider.com; https://www.google-analytics.com,2010,1000+,https://www.commonobjective.co/tradeaider
13,7 Leagues Leather,2,sustainability@7leagues.com; tasha@7leagues.com,,https://www.google-analytics.com; https://www.google.com; http://intelligence.ethicalfashionforum.com,2019,1-4,https://www.commonobjective.co/7-leagues-leather
14,Rose Corps,1,naomi@rosecorps.com,07496939117,https://www.google-analytics.com; https://www.google.com; http://intelligence.ethicalfashionforum.com,2017,1-4,https://www.commonobjective.co/rose-corps
14,Franky Dune Fashion Agency,1,earthyaky@gmail.com,,http://www.frankydune.com; www.google.com; https://www.googletagmanager.com,,,https://www.commonobjective.co/franky-dune
14,"In-Fashion International Co.,Ltd",2,melody@in-fashion.com.tw; sigrid@in-fashion.com.tw,,https://www.google-analytics.com; https://www.google.com; http://intelligence.ethicalfashionforum.com,1996,,https://www.commonobjective.co/in-fashion-international-co-ltd
14,HayFay,2,dallin@streamlinearch.com; zackleefaisal@gmail.com,,https://www.google-analytics.com; https://www.google.com; www.hayfay.shop,,5-9,https://www.commonobjective.co/hayfay
14,RokNDol,0,,+44 07930346148; 07930346148,https://www.google-analytics.com; http://RokNDol.com; https://www.google.com,2020,1-4,https://www.commonobjective.co/rokndol
14,Zinfinity,1,zinfinity@zinfinity.co.uk,07944974891,https://www.google-analytics.com; www.zinfinity.co.uk; https://www.google.com,2004,1-4,https://www.commonobjective.co/zinfinity
14,Dansez,2,peter.thompson@dans-ez.com; mark.carney@reidmark.com,,www.google.com; https://www.googletagmanager.com; https://s.pointerpro.com,1975,5-9,https://www.commonobjective.co/dansez
14,MbiOulou,1,contact@mbioulou.com,+237651359480,https://cdn.segment.com; https://www.google-analytics.com; https://www.google.com,,1-4,https://www.commonobjective.co/mbioulou
14,Conserve India,1,kanikaahuja27@gmail.com,,https://www.google-analytics.com; https://www.google.com; http://intelligence.ethicalfashionforum.com,2008,,https://www.commonobjective.co/conserve-india
14,Cashmere Direct,1,douglas@cashmere-direct.com,,https://www.google-analytics.com; https://www.google.com; http://intelligence.ethicalfashionforum.com,1986,250-999,https://www.commonobjective.co/cashmere-direct
14,ZIPLINE,1,zainaniyaz@gmail.com,+918015179955,https://www.google-analytics.com; https://www.google.com; http://intelligence.ethicalfashionforum.com,2019,5-9,https://www.commonobjective.co/zipline
14,"SUZHOU 2-PLY FASHION CO.,LTD",1,amanda.zhang@2-ply.com,,www.google.com; https://www.googletagmanager.com; https://s.pointerpro.com,1993,50-249,https://www.commonobjective.co/suzhou-2-ply-fashion-co-ltd
14,La Tierra,1,hi.latierra@gmail.com,,https://www.google-analytics.com; https://www.google.com; http://intelligence.ethicalfashionforum.com,2014,1-4,https://www.commonobjective.co/la-tierra
14,Pattern Project,2,shruti@hetco.io; simon@pattern-project.com,,www.google.com; https://www.googletagmanager.com; https://s.pointerpro.com,2020,1-4,https://www.commonobjective.co/pattern-project
14,Limpapeh Handmade,1,limpapehhandmade@gmail.com,,www.youtube.com; https://www.google-analytics.com; https://www.google.com,2013,5-9,https://www.commonobjective.co/limpapeh-handmade
14,Samposhan®,1,mamtajain@samposhan.com,,www.google.com; https://www.googletagmanager.com; https://s.pointerpro.com,,,https://www.commonobjective.co/samposhan-r
14,Armadillo Artisan Producer,1,armadillostores@gmail.com,+593999222024,https://www.google-analytics.com; https://www.google.com; http://intelligence.ethicalfashionforum.com,2016,50-249,https://www.commonobjective.co/armadillo-artisan-producer
14,INDUO®,1,pauline@induo.fr,,www.google.com; https://www.googletagmanager.com; https://s.pointerpro.com,2014,10-49,https://www.commonobjective.co/induo-r
14,James Tailoring,1,jamestailoring@hotmail.com,,https://www.google-analytics.com; https://www.google.com; http://intelligence.ethicalfashionforum.com,2019,1-4,https://www.commonobjective.co/james-tailoring
14,Returnity,1,mike@returnity.co,,https://www.forbes.com; www.google.com; www.forbes.com,2017,1-4,https://www.commonobjective.co/returnity
15,TANIA FRANCISCA ARTE Y DISEÑO,1,info@taniafrancisca.com,+593993770869,www.google.com; https://www.googletagmanager.com; https://s.pointerpro.com,1999,1-4,https://www.commonobjective.co/tania-francisca-arte-y-diseno-2
15,Luxury Lockstitch UK Ltd,1,lucyminty@lluk.co,,www.lluk.co; www.google.com; https://www.googletagmanager.com,2018,10-49,https://www.commonobjective.co/luxury-lockstitch-uk-ltd
15,The Fabric Sales,1,allison@thefabricsales.com,,www.thefabricsales.com; https://www.google-analytics.com; https://www.google.com,2019,5-9,https://www.commonobjective.co/the-fabric-sales
15,Cotton Creations,1,ntubbeh@cottoncreations.com.pe,,https://www.google-analytics.com; http://www.w3.org; https://www.google.com,2014,10-49,https://www.commonobjective.co/cotton-creations
15,Corectagua,1,cromero@corozoecological.com,,www.youtube.com; https://www.google-analytics.com; https://www.google.com,1988,1-4,https://www.commonobjective.co/corectagua
15,MIA Peru,1,mike@mia-peru.com,,https://www.google-analytics.com; https://www.google.com; http://intelligence.ethicalfashionforum.com,2007,,https://www.commonobjective.co/mia-peru
15,Maeka,1,brenda@outlanddenim.com,,https://www.google-analytics.com; https://www.google.com; http://intelligence.ethicalfashionforum.com,2020,,https://www.commonobjective.co/maeka
15,Yee Fung Hong Ltd.,1,kelvin@yeefunghong.hk,,https://cdn.segment.com; https://www.google-analytics.com; https://www.google.com,1997,1000+,https://www.commonobjective.co/yee-fung-hong-ltd
15,minrl,1,paulandreac@hotmail.com,+393393518711,www.google.com; https://www.googletagmanager.com; https://s.pointerpro.com,2015,1-4,https://www.commonobjective.co/minrl
15,Cecilia Guarás,0,,,www.google.com; https://www.googletagmanager.com; https://ceciliaguaras.wixsite.com,2020,,https://www.commonobjective.co/cecilia-guaras
15,Dimpora,2,anna.beltzung@dimpora.com; nina.spoerri@dimpora.com,,www.youtube.com; https://www.google-analytics.com; https://www.google.com,2019,,https://www.commonobjective.co/dimpora
15,Prototype Global,1,hello@prototype.global,,https://www.google-analytics.com; https://www.google.com; http://intelligence.ethicalfashionforum.com,,10-49,https://www.commonobjective.co/prototype-global
15,Magalilagam Vegan Bags,1,magalilagam@magalilagam.com,,https://www.google-analytics.com; https://www.google.com; http://intelligence.ethicalfashionforum.com,2005,1-4,https://www.commonobjective.co/magalilagam-vegan-bags
15,Eco Garment Bags,1,sales@ecogarmentbags.com,+447473324657,https://www.google-analytics.com; www.ecogarmentbags.com; https://www.google.com,2018,5-9,https://www.commonobjective.co/eco-garment-bags
15,N2M Bulgaria Ltd,1,n2mbulgaria@gmail.com,,https://www.google-analytics.com; https://www.google.com; www.modnite.com,2016,5-9,https://www.commonobjective.co/n2m-bulgaria-ltd
15,DyStar,1,knoche.bernhard@dystar.com,,www.google.com; https://www.googletagmanager.com; https://s.pointerpro.com,1995,,https://www.commonobjective.co/dystar
15,OMES,1,contact@omes.co,,https://www.google-analytics.com; https://www.google.com; http://intelligence.ethicalfashionforum.com,2017,,https://www.commonobjective.co/omes
15,"Paramount Textile Mills P Ltd.,",1,ptmmadurai@gmail.com,,https://www.google-analytics.com; https://www.google.com; www.paramounttextiles.net,1979,250-999,https://www.commonobjective.co/paramount-textile-mills-p-ltd
15,TEKYN,3,marinedewaziers@gmail.com; donatien@tekyn.com; apolline@tekyn.com,,www.tekyn.com; www.google.com; https://www.googletagmanager.com,2017,50-249,https://www.commonobjective.co/tekyn
15,S A Y A Designs,1,corinna@sayadesigns.com,+447534855794,https://www.google-analytics.com; https://www.google.com; http://intelligence.ethicalfashionforum.com,2017,,https://www.commonobjective.co/s-a-y-a-designs
16,Huston Textile Company,0,,,www.youtube.com; https://www.google-analytics.com; http://hustontextile.com,2016,5-9,https://www.commonobjective.co/huston-textile-company
16,A.M. Custom Clothing,1,alex@amcustomclothing.co.uk,,www.google.com; https://www.googletagmanager.com; https://s.pointerpro.com,2012,,https://www.commonobjective.co/a-m-custom-clothing
16,Annette Young,1,annetteyoungdesign@gmail.com,,https://www.google-analytics.com; http://www.annetteyoungdesign.com; https://www.google.com,2018,1-4,https://www.commonobjective.co/annette-young-business
16,RePack,1,jonne@repack.com,,www.google.com; https://www.googletagmanager.com; https://s.pointerpro.com,,5-9,https://www.commonobjective.co/repack
16,Gosha (London) Limited,1,studio@goshalondon.co.uk,02089639801,https://www.google-analytics.com; https://www.google.com; http://intelligence.ethicalfashionforum.com,1996,10-49,https://www.commonobjective.co/gosha-london-limited
16,BlockTexx,1,graham.ross@kusagaathletic.com,,https://www.google-analytics.com; https://www.google.com; http://intelligence.ethicalfashionforum.com,,,https://www.commonobjective.co/blocktexx
16,The Remnant Warehouse,1,pr@theremnantwarehouse.com.au,,https://www.google-analytics.com; https://www.google.com; http://intelligence.ethicalfashionforum.com,2001,10-49,https://www.commonobjective.co/the-remnant-warehouse
16,IRO IRO,1,bhaavya94@yahoo.com,+919829305825,https://cdn.segment.com; https://www.google-analytics.com; https://www.google.com,,,https://www.commonobjective.co/iro-iro
16,ZUYA,1,uros.zupanc@zuya.si,,www.google.com; https://www.googletagmanager.com; www.zuya.si,1999,10-49,https://www.commonobjective.co/zuya
16,Bread & Butter Apparel LTD,1,kelly@breadandbutterapparel.co.uk,,https://www.google-analytics.com; https://www.google.com; http://intelligence.ethicalfashionforum.com,2018,5-9,https://www.commonobjective.co/bread-butter-apparel-ltd
16,INDIGART Designs LLC,1,mariajosedeleon@indigartdesigns.com,,https://www.google-analytics.com; https://www.google.com; http://intelligence.ethicalfashionforum.com,,1-4,https://www.commonobjective.co/indigart-designs-llc
16,Textures Fashion,1,texturesclothing@gmail.com,,https://www.google-analytics.com; https://www.google.com; http://intelligence.ethicalfashionforum.com,2009,10-49,https://www.commonobjective.co/textures-fashion
16,STSC. Sustainable Textile Supply Chain,1,contact@sustainabletextiles.club,,https://www.google-analytics.com; https://www.google.com; http://intelligence.ethicalfashionforum.com,2018,1-4,https://www.commonobjective.co/stsc-sustainable-textile-supply-chain
16,ono collaborations,1,bernadette@onocreations.com,,https://www.google-analytics.com; https://www.google.com; http://intelligence.ethicalfashionforum.com,2017,1-4,https://www.commonobjective.co/ono-collaborations
16,PMAXI knitwear,1,info@pmaxi.com,,https://cdn.segment.com; https://www.google-analytics.com; https://www.google.com,2016,,https://www.commonobjective.co/pmaxi-knitwear
16,Goel Community,1,goelplus@gmail.com,,https://www.google-analytics.com; https://www.google.com; http://intelligence.ethicalfashionforum.com,2006,,https://www.commonobjective.co/goel-community
16,Lenzing,1,o.barlasbingul@lenzing.com,,www.google.com; https://www.googletagmanager.com; https://s.pointerpro.com,1892,1000+,https://www.commonobjective.co/lenzing
16,Jacobs Well,1,bethisaac@jacobswell.biz,,https://cdn.segment.com; https://www.google-analytics.com; https://www.google.com,1994,5-9,https://www.commonobjective.co/jacobs-well
16,Threads London,1,sital@threads-london.com,+4401895347400,https://www.google-analytics.com; https://www.google.com; http://intelligence.ethicalfashionforum.com,2010,5-9,https://www.commonobjective.co/threads-london
16,The New Denim Project,2,danielaengelberg@gmail.com; arianne@iristextiles.com,+50222043900,www.google.com; https://www.googletagmanager.com; https://s.pointerpro.com,1956,50-249,https://www.commonobjective.co/the-new-denim-project
17,ElkAiva,1,hello@elkaiva.com,,https://www.google-analytics.com; https://www.google.com; http://intelligence.ethicalfashionforum.com,,,https://www.commonobjective.co/elkaiva
17,ED Studio Fashion Ltd,1,info@edstudio.fashion,07842718829,https://www.google-analytics.com; https://www.google.com; http://www.edstudio.fashion,2018,10-49,https://www.commonobjective.co/ed-studio-fashion-ltd
17,Kozanteks Textile | Clothing Manufacturer & Factory,1,info@kozanteks.com,,www.google.com; https://www.googletagmanager.com; https://s.pointerpro.com,2003,250-999,https://www.commonobjective.co/kozanteks-textile-clothing-manufacturer-factory
17,RenewXe,1,dan.robenko@renewxe.com,+15195510905,https://www.google-analytics.com; https://www.google.com; http://intelligence.ethicalfashionforum.com,2023,1-4,https://www.commonobjective.co/renewxe
17,Afro Blonde,1,afroblonde.usa.sales@gmail.com,,www.youtube.com; https://www.google-analytics.com; https://www.google.com,2004,10-49,https://www.commonobjective.co/afro-blonde
17,Fabritech inc,1,sbowron@fabritech.us,,https://www.google-analytics.com; https://www.google.com; http://www.fabritech.us,2001,50-249,https://www.commonobjective.co/fabritech-inc
17,MALYA JEWELC CRAFT,1,rishi@malyajewelcraft.com,+919414078191,www.google.com; https://www.googletagmanager.com; https://s.pointerpro.com,2009,50-249,https://www.commonobjective.co/malya-jewelc-craft
17,"Virent, Inc.",1,brendan_ihde@virent.com,,https://www.google-analytics.com; https://www.google.com; http://intelligence.ethicalfashionforum.com,2002,,https://www.commonobjective.co/virent-inc
17,Oesterland,1,contact@oesterland.world,,http://oesterland.world; https://www.google-analytics.com; https://www.google.com,2020,1-4,https://www.commonobjective.co/oesterland
17,Baytech - HMS (Hand Made Stone),1,beyza@hmswashing.com,,www.google.com; https://www.googletagmanager.com; https://s.pointerpro.com,2019,10-49,https://www.commonobjective.co/baytech-hms-hand-made-stone
17,The Karur Fabrics,1,Dinesh@thekarurfabrics.com,,www.thekarurfabrics.com; https://www.google-analytics.com; https://www.google.com,1993,10-49,https://www.commonobjective.co/the-karur-fabrics
17,INVERSA Leathers,1,moriah@inversaleathers.com,,https://www.google-analytics.com; www.inversaleathers.com; http://www.inversaleathers.com,2020,,https://www.commonobjective.co/inversa-leathers
17,Matilda Flow Inclusion Foundation,1,sarah@makefashionclean.org,+19709883695,www.google.com; https://www.googletagmanager.com; https://s.pointerpro.com,2016,10-49,https://www.commonobjective.co/matilda-flow-inclusion-foundation
17,Last Yarn,1,piarve@colechi.com,,www.lastyarn.com; www.google.com; https://www.googletagmanager.com,2020,1-4,https://www.commonobjective.co/last-yarn
17,Chimuk Handknit,3,tkelly101@gmail.com; katie@handsonperu.org; rosabrem@hotmail.com,,www.google.com; https://www.googletagmanager.com; https://s.pointerpro.com,2019,10-49,https://www.commonobjective.co/chimuk-handknit
17,MycoFutures,1,info@myceliumofthefuture.com,,www.google.com; https://www.googletagmanager.com; https://s.pointerpro.com,2020,,https://www.commonobjective.co/mycofutures-north-atlantic
17,XDD Denim,2,nicohonghong@hotmail.com; kelvin@xdddenim.com,,https://www.google-analytics.com; https://www.google.com; http://www.xdd-textile.com,2013,250-999,https://www.commonobjective.co/xdd-denim
17,Deblina Basu,1,abhivyakti.garments@gmail.com,+91 9891330426,https://www.google-analytics.com; https://www.google.com; http://intelligence.ethicalfashionforum.com,2010,10-49,https://www.commonobjective.co/deblina-basu-1
17,Circular Fiber Tech,1,elena@circularfibertech.com,,https://www.google-analytics.com; https://www.google.com; http://intelligence.ethicalfashionforum.com,2020,,https://www.commonobjective.co/circular-fiber-tech
17,DGrade FZ-LLC,1,rebecca.rich@dgrade.com,,https://www.google-analytics.com; https://www.google.com; http://intelligence.ethicalfashionforum.com,2010,10-49,https://www.commonobjective.co/dgrade-fz-llc-2
18,RC SOURCING,1,Hamza@ramadancorporation.com,+923018265252,https://www.google-analytics.com; https://www.google.com; http://intelligence.ethicalfashionforum.com,2019,5-9,https://www.commonobjective.co/rc-sourcing
18,Marasim,1,nidhi@marasim.co,,www.google.com; https://www.googletagmanager.com; https://s.pointerpro.com,2014,5-9,https://www.commonobjective.co/marasim
18,Vicunha,1,m.carolina@vicunha.com.br,,www.google.com; https://www.googletagmanager.com; https://s.pointerpro.com,1960,1000+,https://www.commonobjective.co/vicunha
18,Cara & Baldi,1,paula.machado.grajales@gmail.com,,www.google.com; https://www.googletagmanager.com; https://s.pointerpro.com,2020,1-4,https://www.commonobjective.co/cara-baldi
18,Vinylife by CAÍMI,1,mchacon@caimi.cl,+56988035627,www.google.com; https://www.googletagmanager.com; https://s.pointerpro.com,1947,50-249,https://www.commonobjective.co/vinylife-by-caimi
18,COYTEX.S.A.S,1,director.comercial@coytex.com.co,+573172307914,www.youtube.com; https://www.google-analytics.com; https://www.google.com,1850,1000+,https://www.commonobjective.co/coytex-s-a-s
18,Enka,1,wilson.montoya@enka.com.co,,www.google.com; https://www.googletagmanager.com; https://s.pointerpro.com,1964,1000+,https://www.commonobjective.co/enka
18,Hainsworth,1,julieroberts@awhainsworth.co.uk,+441133955638,www.google.com; https://www.googletagmanager.com; https://s.pointerpro.com,1850,50-249,https://www.commonobjective.co/hainsworth
18,YellowBag Foundation,1,krishnan@theyellowbag.org,+919884952604,www.youtube.com; https://www.google-analytics.com; https://www.google.com,2014,250-999,https://www.commonobjective.co/yellowbag-foundation
18,Sheer by Nature,1,johannaproudlove@gmail.com,,www.google.com; https://www.googletagmanager.com; https://s.pointerpro.com,,1-4,https://www.commonobjective.co/sheer-by-nature
18,Toast Handmade,1,plasticityplastic@gmail.com,,https://www.google-analytics.com; https://www.google.com; www.theslowmadecollective.co.za,2020,1-4,https://www.commonobjective.co/toast-handmade
18,DEW Crafts,1,dewsalam@gmail.com,+8801715120140,https://www.google-analytics.com; https://www.google.com; http://intelligence.ethicalfashionforum.com,2016,5-9,https://www.commonobjective.co/dew-crafts
18,Visur Studios,1,hafizvisur@gmail.com,,https://www.google-analytics.com; https://www.google.com; http://intelligence.ethicalfashionforum.com,2020,,https://www.commonobjective.co/visur-studios
18,Acre & Holt,1,zara@settlersstores.co.uk,,www.google.com; https://www.googletagmanager.com; https://s.pointerpro.com,2013,1-4,https://www.commonobjective.co/settlers-stores
18,SIMCO INTL,1,deepak08787@yahoo.co.in,,www.google.com; https://www.googletagmanager.com; https://s.pointerpro.com,,,https://www.commonobjective.co/simco-intl
18,MOP BUTTONS,2,mopbuttons@126.com; mopbuttons@outlook.com,+86 13660197494,http://www.mopbuttons.com; https://www.google-analytics.com; https://www.google.com,2008,10-49,https://www.commonobjective.co/mop-buttons
18,FM Buttons,1,lukas@buttons.lt,+37065601835,https://www.google-analytics.com; https://www.google.com; http://intelligence.ethicalfashionforum.com,1995,10-49,https://www.commonobjective.co/fm-buttons
18,Mantero Seta S.p.a,2,francesca.tongiorgi@mantero.com; nadia.grechina@mantero.com,,https://www.google-analytics.com; https://www.google.com; http://intelligence.ethicalfashionforum.com,1902,250-999,https://www.commonobjective.co/mantero-seta-s-p-a
18,imogo,1,per.stenflo@imogotech.com,+46793399977,www.google.com; https://www.googletagmanager.com; https://s.pointerpro.com,2018,1-4,https://www.commonobjective.co/imogo
18,Asquith Group Ltd,1,jeff@asquith-group.com,,http://www.asquith-group.com; www.google.com; https://www.googletagmanager.com,1990,,https://www.commonobjective.co/asquith-group-ltd
19,KARFFANY | Jacqueline Muñoz,1,andres@alpacamodaec.com,,www.google.com; https://www.googletagmanager.com; https://s.pointerpro.com,1988,5-9,https://www.commonobjective.co/karffany-jacqueline-munoz
19,EcuadorianHands,1,palosanto@ecuadorianhands.com,,www.google.com; https://www.googletagmanager.com; https://s.pointerpro.com,2005,10-49,https://www.commonobjective.co/ecuadorianhands
19,The Pattern Etica Ltd,1,thepatternetica@gmail.com,+447310604084,https://www.google-analytics.com; https://www.google.com; http://intelligence.ethicalfashionforum.com,2020,1-4,https://www.commonobjective.co/the-pattern-etica-ltd
19,Simple Chic Women,1,alicia.corsar@gmail.com,,https://www.google-analytics.com; https://www.google.com; http://intelligence.ethicalfashionforum.com,2020,,https://www.commonobjective.co/simple-chic-women
19,LEIPA,1,sarah.lesting@leipa.co.uk,,https://www.google-analytics.com; https://www.google.com; http://intelligence.ethicalfashionforum.com,1850,1000+,https://www.commonobjective.co/leipa
19,"G Mega Textile Enterprise Co., Ltd.",2,shuangi.tseng@gmega.com.tw; cherry.chen@gmega.com.tw,+886222900101,www.google.com; https://www.googletagmanager.com; https://s.pointerpro.com,1987,10-49,https://www.commonobjective.co/g-mega-textile-enterprise-co-ltd
19,Geetanjali Woollens,1,deepak@geetanjaliwoollens.com,,https://www.google-analytics.com; https://www.google.com; http://intelligence.ethicalfashionforum.com,,,https://www.commonobjective.co/geetanjali-woollens
19,Pameks Textile,1,aysegoksel1@gmail.com,,https://www.google-analytics.com; https://www.google.com; http://intelligence.ethicalfashionforum.com,1986,250-999,https://www.commonobjective.co/pameks-textile
19,Japonica Collection,1,jashburn@bigpond.net.au,,https://www.google-analytics.com; https://www.google.com; http://intelligence.ethicalfashionforum.com,,1-4,https://www.commonobjective.co/japonica-collection
19,Dani Ortman,1,dani@daniortman.com,,https://www.google-analytics.com; https://www.google.com; http://intelligence.ethicalfashionforum.com,2015,1-4,https://www.commonobjective.co/dani-ortman-business
19,ALMA GREEN DESIGN,1,sylvie@almagreendesign.com,,https://www.google-analytics.com; https://www.google.com; http://intelligence.ethicalfashionforum.com,2018,1-4,https://www.commonobjective.co/alma-green-design
19,Walter Rudy Limited,1,trevor@walterrudy.com,,www.google.com; https://www.googletagmanager.com; https://s.pointerpro.com,2012,1-4,https://www.commonobjective.co/walter-rudy-limited
19,FLOC,1,jambo@floc-suspend.com,,www.google.com; https://www.googletagmanager.com; https://s.pointerpro.com,,,https://www.commonobjective.co/floc
19,Mainetti,1,shirley.tin@mainetti.com,,https://www.google-analytics.com; https://www.google.com; http://intelligence.ethicalfashionforum.com,1961,1000+,https://www.commonobjective.co/mainetti
19,Ananta Group,0,,,https://www.google-analytics.com; https://www.google.com; http://www.ananta-bd.com,1992,,https://www.commonobjective.co/ananta-group
19,Asrotex,0,,,https://www.google-analytics.com; https://www.google.com; http://intelligence.ethicalfashionforum.com,1995,,https://www.commonobjective.co/asrotex
19,Creare Group LLC,1,cassondra.kenny@crearegroup.com,,www.crearegroup.com; https://www.google-analytics.com; https://www.google.com,2008,,https://www.commonobjective.co/creare-group-llc
19,Kayla T. Ltd,1,ute@kaylat-ltd.com,,https://www.google-analytics.com; https://www.google.com; http://intelligence.ethicalfashionforum.com,1995,,https://www.commonobjective.co/kayla-t-ltd
19,Cortec clothes-hangers,1,H.Schoelch@cortec-gmbh.de,,https://www.google-analytics.com; https://www.google.com; http://intelligence.ethicalfashionforum.com,1850,1000+,https://www.commonobjective.co/cortec-clothes-hangers
19,Berto Industria Tessile,0,,,www.google.com; https://www.googletagmanager.com; https://s.pointerpro.com,1887,250-999,https://www.commonobjective.co/berto-industria-tessile
20,Kilim Grubu Kartaltepe Mensucat Fab Tas,1,nicola.tredoux@googlemail.com,,https://cdn.segment.com; https://www.google-analytics.com; https://www.google.com,,1000+,https://www.commonobjective.co/kilim-grubu-kartaltepe-mensucat-fab-tas
20,Sun and Sand Studios,1,nicola.tredoux@googlemail.com,,www.google.com; https://www.googletagmanager.com; https://s.pointerpro.com,2018,5-9,https://www.commonobjective.co/sun-and-sand-studios
20,FabricWorks London,1,mail@fabricworkslondon.org,,https://www.google-analytics.com; http://www.w3.org; https://www.google.com,,5-9,https://www.commonobjective.co/fabricworks-london
20,FG Group,1,predrag@funkyguerrilla.com,+38765985891,https://www.google-analytics.com; https://www.google.com; http://intelligence.ethicalfashionforum.com,2014,5-9,https://www.commonobjective.co/fg-group
20,Custom Collaborative,1,info@customcollaborative.org,,https://www.google-analytics.com; http://www.w3.org; https://www.google.com,2016,5-9,https://www.commonobjective.co/custom-collaborative
20,meshiko,1,aleloera3@gmail.com,07523790686,www.google.com; https://www.googletagmanager.com; https://s.pointerpro.com,2020,1-4,https://www.commonobjective.co/meshiko
20,London Sewing Services ltd,1,alesiar@gmail.com,07562897570,https://www.google-analytics.com; https://www.google.com; http://intelligence.ethicalfashionforum.com,2013,,https://www.commonobjective.co/london-sewing-services-ltd
20,Lodos Knit Fabrics,1,sales@lodoskumas.com,+905493871005,https://www.google-analytics.com; http://www.lodoskumas.com; https://www.google.com,1993,50-249,https://www.commonobjective.co/lodos-knit-fabrics
20,Fahafahana,0,,,https://www.google-analytics.com; https://www.google.com; http://intelligence.ethicalfashionforum.com,,5-9,https://www.commonobjective.co/fahafahana
20,Kaiser Enterprises,1,kaiser.ankur@gmail.com,,https://www.google-analytics.com; https://www.google.com; http://intelligence.ethicalfashionforum.com,2008,1-4,https://www.commonobjective.co/kaiser-enterprises
20,CraftKenya,1,craftsofkenya@gmail.com,+254720724631,https://www.google-analytics.com; https://www.google.com; http://intelligence.ethicalfashionforum.com,2013,10-49,https://www.commonobjective.co/craftkenya
20,"Evrnu, SPC",3,karen@evrnu.com; sinead@evrnu.com; katecottone@evrnu.com,,https://www.google-analytics.com; https://www.google.com; http://intelligence.ethicalfashionforum.com,,,https://www.commonobjective.co/evrnu-spc
20,MKS Export Ltd.,1,online@mks-export.com,09830030794,http://www.mks-export.com; www.google.com; https://www.googletagmanager.com,,,https://www.commonobjective.co/mks-export-ltd
20,Duo UK,1,zoe.brimelow@duo-uk.co.uk,,www.google.com; https://www.googletagmanager.com; https://s.pointerpro.com,1988,50-249,https://www.commonobjective.co/duo-uk
20,Corkor,1,silvia@corkor.com,,www.google.com; https://www.googletagmanager.com; https://s.pointerpro.com,2011,10-49,https://www.commonobjective.co/corkor
20,7ACTIVE,0,,,https://www.google-analytics.com; https://www.google.com; http://intelligence.ethicalfashionforum.com,,,https://www.commonobjective.co/7active
20,Organic Weave,1,l.alexanian@sympatico.ca,,www.organicweaveshop.com; https://www.google-analytics.com; https://www.google.com,2013,,https://www.commonobjective.co/organic-weave
20,Botanica Tinctoria,1,rachelmachenry@gmail.com,,https://www.google-analytics.com; https://www.google.com; http://intelligence.ethicalfashionforum.com,2014,1-4,https://www.commonobjective.co/botanica-tinctoria
20,Tejidos Royo,1,maytemc@tejidos-royo.com,,www.google.com; https://www.googletagmanager.com; https://s.pointerpro.com,1903,250-999,https://www.commonobjective.co/tejidos-royo
20,Pure Fabricz,1,monique@purefabricz.com,,https://www.google-analytics.com; https://www.google.com; http://intelligence.ethicalfashionforum.com,2009,,https://www.commonobjective.co/pure-fabricz
21,Arvind Ltd.,2,francis.jacob@arvindbrands.co.in; abhishek.bansal@arvind.in,+919712909648,www.google.com; https://www.googletagmanager.com; https://s.pointerpro.com,1931,1000+,https://www.commonobjective.co/arvind-ltd
21,Slow Made India,1,hello@slowmadeindia.com,,www.youtube.com; https://www.google-analytics.com; https://www.google.com,,1-4,https://www.commonobjective.co/slow-made-india
21,Fashion4Freedom,1,lanvy@fashion4freedom.com,,https://www.google-analytics.com; https://www.google.com; http://intelligence.ethicalfashionforum.com,2010,5-9,https://www.commonobjective.co/fashion4freedom
21,LULEA By Cheasneau,1,chesneau.edmond@gmail.com,+254711408028,www.google.com; https://www.googletagmanager.com; https://s.pointerpro.com,2011,,https://www.commonobjective.co/lulea-by-cheasneau
21,Freeset,0,,,www.youtube.com; https://www.google-analytics.com; https://www.google.com,2001,250-999,https://www.commonobjective.co/freeset
21,pielleitalia,1,giuseppe.pezzini@pielleitalia.com,+39035335480,www.google.com; http://www.pielleitalia.com; https://www.googletagmanager.com,1982,10-49,https://www.commonobjective.co/pielleitalia
21,Artisan Fashion,1,lily@artisan.fashion,,www.google.com; https://www.googletagmanager.com; https://s.pointerpro.com,2015,50-249,https://www.commonobjective.co/artisan-fashion
21,London Pattern Bureau,1,renee@londonpatternbureau.co.uk,,http://www.londonpatternbureau.co.uk; https://www.google-analytics.com; https://www.google.com,2015,1-4,https://www.commonobjective.co/london-pattern-bureau
21,Sourcing Sustainably Limited,1,maeve@sourcingsustainably.com,+447956091444,https://www.google-analytics.com; https://www.google.com; http://intelligence.ethicalfashionforum.com,2014,5-9,https://www.commonobjective.co/sourcing-sustainably-limited
21,SOKO Kenya,1,jo@soko-kenya.com,,https://www.google-analytics.com; https://www.google.com; http://intelligence.ethicalfashionforum.com,2009,50-249,https://www.commonobjective.co/soko-kenya
21,Kassim Denim,0,,,www.youtube.com; https://www.google-analytics.com; https://www.google.com,1991,50-249,https://www.commonobjective.co/kassim-denim
21,Nisha Silk Exports,1,anirudh@nishasilkexports.com,+919986688444,https://www.google-analytics.com; http://erisilks.com; https://www.google.com,2019,1-4,https://www.commonobjective.co/nisha-silk-exports
21,Biothread,1,felix@biothread.co.uk,+447896744697,www.google.com; https://www.googletagmanager.com; https://s.pointerpro.com,2023,1-4,https://www.commonobjective.co/biothread
21,VISHH - Artisan Sourcing & Production,1,isha@vishh.com,,www.google.com; https://www.googletagmanager.com; https://s.pointerpro.com,2021,10-49,https://www.commonobjective.co/vishh-artisan-sourcing-production
21,"SS Printing, LLC",1,ssprintingusa3@gmail.com,+1 2148683934,www.google.com; https://www.googletagmanager.com; https://s.pointerpro.com,1905,50-249,https://www.commonobjective.co/ss-printing-llc
21,Nguyen Khanh Phuong fashion company limited,1,thaoho@nkp.vn,+84934148678,https://www.google-analytics.com; https://www.google.com; http://www.nkp.vn,2014,10-49,https://www.commonobjective.co/nguyen-khanh-phuong-fashion-company-limited
21,Studio Tolsta,1,hello@studiotolsta.com,,https://www.google-analytics.com; https://www.google.com; http://intelligence.ethicalfashionforum.com,,10-49,https://www.commonobjective.co/studio-tolsta
21,Origin Colombia,1,hello@origincolombia.com,,www.google.com; https://origincolombia.com; https://www.googletagmanager.com,2022,,https://www.commonobjective.co/origin-colombia
21,CALENDULA PARK - CP,1,sr@thecalendulapark.com,,www.google.com; https://www.googletagmanager.com; https://s.pointerpro.com,2019,5-9,https://www.commonobjective.co/the-calendula-park-1
21,"VSG - Confeção e Comércio de Têxteis, Un. Lda",1,fatima@vsgfashion.net,+351961329105,https://www.google-analytics.com; https://www.google.com; http://intelligence.ethicalfashionforum.com,2012,10-49,https://www.commonobjective.co/vsg-confecao-e-comercio-de-texteis-un-lda
22,AJG Fashion Consulting,1,niki@alicejamesglobal.com,,https://www.google-analytics.com; https://www.google.com; http://intelligence.ethicalfashionforum.com,2017,5-9,https://www.commonobjective.co/ajg-fashion-consulting
22,INTEX,1,marina@intexfashion.com,,https://www.google-analytics.com; https://www.google.com; http://intelligence.ethicalfashionforum.com,1990,250-999,https://www.commonobjective.co/intex
22,Sourcing in Peru,1,evelyn.botton@gmail.com,,https://www.google-analytics.com; www.sourcingperu.com; https://www.google.com,2018,5-9,https://www.commonobjective.co/sourcing-in-peru
22,Half Price Packaging,1,william@halfpricepackaging.com,,https://www.halfpricepackaging.com; www.google.com; https://www.googletagmanager.com,2017,10-49,https://www.commonobjective.co/half-price-packaging
22,Kullvi Whims,1,kullviwhims@gmail.com,,https://www.google-analytics.com; https://www.google.com; http://Kullviwhims.com,2012,10-49,https://www.commonobjective.co/kullvi-whims
22,Nature Coatings,1,lara@naturecoatingsinc.com,,http://www.naturecoatingsinc.com; www.google.com; https://www.googletagmanager.com,2007,,https://www.commonobjective.co/nature-coatings
22,PlanetCare,2,marjana.lavric@planetcare.org; omaima.doukkane@planetcare.org,,www.google.com; https://www.googletagmanager.com; https://s.pointerpro.com,2017,10-49,https://www.commonobjective.co/planetcare
22,AForce London,1,tim@aforce.co.uk,,www.google.com; https://www.googletagmanager.com; https://s.pointerpro.com,2020,,https://www.commonobjective.co/aforce-london
22,Fine Ocean,1,ella@skyloscollective.co.uk,07587855714,https://www.google-analytics.com; https://www.google.com; http://intelligence.ethicalfashionforum.com,,,https://www.commonobjective.co/fine-ocean
22,Bridal lace for wedding gowns,1,a.reinhardt@modespitze.de,+493741222554,https://www.google-analytics.com; https://www.google.com; http://intelligence.ethicalfashionforum.com,1897,5-9,https://www.commonobjective.co/bridal-lace-for-wedding-gowns
22,SEAQUAL INITIATIVE,1,carla.navarro@seaqual.com,,http://www.seaqual.org; https://www.google-analytics.com; https://www.google.com,2016,,https://www.commonobjective.co/seaqual-initiative
22,Fuselage Fashion,1,o.mitterfellner@westminster.ac.uk,+447526788543,https://www.google-analytics.com; https://www.google.com; http://intelligence.ethicalfashionforum.com,2004,,https://www.commonobjective.co/fuselage-fashion
22,Threadsmith,1,info@threadsmith.in,+919819829700,https://www.google-analytics.com; https://www.google.com; www.threadsmith.in,,10-49,https://www.commonobjective.co/threadsmith-1
22,Monograms NYC,1,info.monogramsnyc@gmail.com,,https://www.google-analytics.com; https://www.google.com; http://intelligence.ethicalfashionforum.com,1994,,https://www.commonobjective.co/monograms-nyc-1
22,Mint Clothier,1,duygukacar@icloud.com,,www.google.com; https://www.googletagmanager.com; https://s.pointerpro.com,,1-4,https://www.commonobjective.co/mint-clothier
22,Shokay,1,carol.chyau@shokay.asia,,https://www.google-analytics.com; https://www.google.com; http://intelligence.ethicalfashionforum.com,2006,,https://www.commonobjective.co/shokay-1
22,TEQECOpro,1,teq.gaba@gmail.com,+79897487422,https://www.google-analytics.com; https://www.google.com; http://intelligence.ethicalfashionforum.com,2020,5-9,https://www.commonobjective.co/teqecopro
22,Progress Packaging Limited,1,simon@progresspackaging.co.uk,,https://www.google-analytics.com; https://www.google.com; http://intelligence.ethicalfashionforum.com,1997,5-9,https://www.commonobjective.co/progress-packaging-limited
22,RefuSHE,1,artisans@refushe.org,,https://www.google-analytics.com; https://www.google.com; http://intelligence.ethicalfashionforum.com,,,https://www.commonobjective.co/refushe
22,papertex™,1,hanrui.huang@paper-tex.com,,https://www.google-analytics.com; https://www.google.com; http://intelligence.ethicalfashionforum.com,,,https://www.commonobjective.co/papertex
23,airkapok,1,airkapok_official@outlook.com,,https://www.google-analytics.com; https://www.google.com; http://intelligence.ethicalfashionforum.com,,1-4,https://www.commonobjective.co/naturedriven
23,The Bereket Journey,1,susanclaire116@gmail.com,+447922596432,https://www.google-analytics.com; https://www.google.com; http://www.bereketjourney.com,2018,,https://www.commonobjective.co/the-bereket-journey
23,One Stop Bride Shop,1,onestopbrideshop.info@gmail.com,,https://www.google-analytics.com; https://www.google.com; http://intelligence.ethicalfashionforum.com,2020,,https://www.commonobjective.co/one-stop-bride-shop-1
23,dea ethical clothing ltd,1,lynda@dealoves.co.nz,,https://www.google-analytics.com; https://www.google.com; http://dealoves.co.nz,2020,1-4,https://www.commonobjective.co/dea-ethical-clothing-ltd
23,GC Apparels PTE ltd,1,sales@gcapparels.net,+8615601791640,https://www.google-analytics.com; https://www.google.com; http://intelligence.ethicalfashionforum.com,2016,5-9,https://www.commonobjective.co/gc-apparels-pte-ltd
23,The Fashion Incubator Middle East,1,nsaleh@thefashionincubatorme.com,,https://www.google-analytics.com; https://www.google.com; http://intelligence.ethicalfashionforum.com,2017,50-249,https://www.commonobjective.co/the-fashion-incubator-middle-east
23,priyanka kakkar,1,priyanka.1016@gmail.com,+919810471498,https://www.google-analytics.com; http://ankyrabypriyanka.com; https://www.google.com,2009,1-4,https://www.commonobjective.co/priyanka-kakkar-1
23,Amaserwaa,1,amaserwaaseamstress@gmail.com,,https://www.google-analytics.com; https://www.google.com; http://intelligence.ethicalfashionforum.com,2018,10-49,https://www.commonobjective.co/amaserwaa
23,Planet of the Grapes,1,sam@planetofthegrapes.fr,,https://www.google-analytics.com; https://www.google.com; http://intelligence.ethicalfashionforum.com,2020,1-4,https://www.commonobjective.co/planet-of-the-grapes
23,Ahoy dare,1,lilobrown@ahoydare.com,,https://www.google-analytics.com; https://www.google.com; www.ahoydare.com,2020,1-4,https://www.commonobjective.co/ahoy-dare
23,HYPECHASE,1,adrien@hypechase.com,+97690802104,https://www.google-analytics.com; http://www.hypechase.com; https://www.google.com,2020,1-4,https://www.commonobjective.co/hypechase
23,Saturn Cottage Industries,1,wynne.lisa@gmail.com,,www.google.com; https://aoifelong.substack.com; https://www.googletagmanager.com,,1-4,https://www.commonobjective.co/saturn-cottage-industries
23,Missfit Creations,1,missfitcreates@gmail.com,07843090684,https://www.google-analytics.com; http://www.missfitcreations.com; https://www.google.com,2006,1-4,https://www.commonobjective.co/missfit-creations
23,"CHAYOUNG TEXTILE CO., LTD.",1,chayoung8909@gmail.com,,http://www.itexlink.com; www.google.com; https://www.googletagmanager.com,2000,10-49,https://www.commonobjective.co/chayoung-textile-co-ltd
23,FASHION INDIA INTERNATIONAL,1,skylightshapes@gmail.com,+919650556366,https://www.google-analytics.com; https://www.google.com; http://intelligence.ethicalfashionforum.com,2010,,https://www.commonobjective.co/fashion-india-international
23,fabriulous,1,samanthaxu0429@163.com,+8613774205020,https://www.google-analytics.com; https://www.google.com; http://intelligence.ethicalfashionforum.com,2020,1-4,https://www.commonobjective.co/fabriulous
23,Soie Clothing,1,roopa@roopapemmaraju.com,,www.youtube.com; https://www.google-analytics.com; https://www.google.com,2010,10-49,https://www.commonobjective.co/soie-clothing
23,The Color Caravan,1,swati.seth@thecolorcaravan.com,+919984464000,https://www.google-analytics.com; https://www.google.com; http://intelligence.ethicalfashionforum.com,,,https://www.commonobjective.co/the-color-caravan
23,TAP BETTER BAGS,1,pat@tapbetterbags.com,,https://www.google-analytics.com; https://www.google.com; http://intelligence.ethicalfashionforum.com,,,https://www.commonobjective.co/tap-better-bags
23,Be Simple Confecções Lda,1,al7240@essr.net,,https://www.google-analytics.com; https://www.google.com; http://intelligence.ethicalfashionforum.com,2009,50-249,https://www.commonobjective.co/be-simple-confeccoes-lda
24,Calypso Chile,1,marcelacofre@calypsochile.com,,https://www.google-analytics.com; https://www.google.com; http://intelligence.ethicalfashionforum.com,2004,1-4,https://www.commonobjective.co/calypso-chile
24,Incredible Husk International Group,1,tj.lo@inc-husk.com,+85294553801,www.google.com; http://incredible-husk.com; https://www.googletagmanager.com,,,https://www.commonobjective.co/incredible-husk-international-group
24,Redstone impex,0,,,https://www.google-analytics.com; https://www.google.com; http://intelligence.ethicalfashionforum.com,,,https://www.commonobjective.co/redstone-impex
24,EarthCare,1,earthcareindia@gmail.com,+919846375566,https://www.google-analytics.com; https://www.google.com; http://intelligence.ethicalfashionforum.com,2019,10-49,https://www.commonobjective.co/earthcare
24,Atelier Karaka,1,martajmafonso@hotmail.com,,https://www.google-analytics.com; www.atelierkaraka.com; https://www.google.com,2015,1-4,https://www.commonobjective.co/atelier-karaka
24,Yuma Labs,1,love@yuma-labs.com,,http://www.yuma-labs.com; www.google.com; https://www.googletagmanager.com,,,https://www.commonobjective.co/yuma-labs-2
24,Terre Amoure,1,info@hotmamas.org,07717396917,http://Www.terreaourelondon.com; https://www.google-analytics.com; https://www.google.com,2017,1-4,https://www.commonobjective.co/terre-amoure
24,Roc,1,shah@roc.biz.pk,,https://www.google-analytics.com; https://www.google.com; www.roc.biz.pk,2020,10-49,https://www.commonobjective.co/roc
24,BoChicca,1,konkira@yandex.ru,+79062053322,https://www.google-analytics.com; https://www.google.com; http://bochicca.com,2010,5-9,https://www.commonobjective.co/bochicca
24,Naturalmat,1,ruben@naturalmat.co.uk,,www.google.com; https://www.googletagmanager.com; https://s.pointerpro.com,1999,10-49,https://www.commonobjective.co/naturalmat
24,Dresscode Uniforms ltd.,1,m.sherry@dresscodeuniforms.co.uk,,https://www.google-analytics.com; https://www.google.com; http://intelligence.ethicalfashionforum.com,,,https://www.commonobjective.co/dresscode-uniforms-ltd
24,RN OFFICE,1,alessa@rnoffice.com.tr,+905332035624,https://www.google-analytics.com; https://www.google.com; http://intelligence.ethicalfashionforum.com,1994,,https://www.commonobjective.co/rn-office
24,Koozee Crazee,1,victoria@koozeecrazee.com,,https://www.google-analytics.com; https://www.google.com; http://intelligence.ethicalfashionforum.com,2019,10-49,https://www.commonobjective.co/koozee-crazee-2
24,Africa New Confection,1,anc.confection@gmail.com,,https://www.google-analytics.com; https://www.google.com; http://intelligence.ethicalfashionforum.com,2013,50-249,https://www.commonobjective.co/africa-new-confection-business
24,PASTEKS TEKSTİL,1,dozdemir@pasteks.com,+905332242406,https://www.google-analytics.com; http://www.w3.org; https://www.google.com,2014,10-49,https://www.commonobjective.co/pasteks-tekstil
24,PRAPTA,1,ranimythili18@gmail.com,09866939249,https://www.google-analytics.com; https://www.google.com; http://intelligence.ethicalfashionforum.com,2020,1-4,https://www.commonobjective.co/prapta
24,Abhinav Impex,1,style@abhinavimpex.in,+91 9444581369,https://cdn.segment.com; https://www.google-analytics.com; https://www.google.com,,,https://www.commonobjective.co/abhinav-impex-business
24,SPADEWORKS,1,rrk@spadeworks.net,,https://www.google-analytics.com; https://www.google.com; http://intelligence.ethicalfashionforum.com,2006,10-49,https://www.commonobjective.co/playfiks
24,Denimtek,1,levent@denimtek.com,,https://www.google-analytics.com; https://www.google.com; http://intelligence.ethicalfashionforum.com,2016,5-9,https://www.commonobjective.co/denimtek
24,Oleatex,1,seckinarikan@oleago.com,+905334324545,https://www.google-analytics.com; https://www.google.com; http://intelligence.ethicalfashionforum.com,,,https://www.commonobjective.co/oleaetex
25,Lamoral Coatings,1,joris.van.tongerloo@lamoral-coatings.com,,https://www.google-analytics.com; http://www.lamoral-coatings.com; https://www.google.com,2016,1-4,https://www.commonobjective.co/lamoral-coatings
25,Textures,1,texturesclothing@gmail.com,,www.google.com; https://www.googletagmanager.com; www.texturesjaipur.com,2009,10-49,https://www.commonobjective.co/textures
25,christiqueclothing,1,christiqueclothing@gmail.com,,https://www.google-analytics.com; https://www.google.com; http://intelligence.ethicalfashionforum.com,2019,1-4,https://www.commonobjective.co/christiqueclothing
25,EAB Designs,1,errica@eab-designs.com,+4917664889666,https://www.google-analytics.com; https://www.google.com; http://intelligence.ethicalfashionforum.com,,1-4,https://www.commonobjective.co/eab-designs
25,Bawa Hope Ltd,1,andrew_mutisya@bawahope.com,,www.bawahope.com; https://www.google-analytics.com; https://www.google.com,2016,10-49,https://www.commonobjective.co/bawa-hope-ltd
25,CREATIVE DEFINITIONS,1,creativedefinitions@gmail.com,,http://www.creativedefinitions.com; https://www.google-analytics.com; https://www.google.com,2008,,https://www.commonobjective.co/creative-definitions
25,Pactics,2,dorian@pactics.com; maha.bettaoui@pactics.com,,www.google.com; https://www.googletagmanager.com; https://s.pointerpro.com,2004,250-999,https://www.commonobjective.co/pactics
25,Ecocitex,1,daniela.ehijo@ecocitex.com,,www.google.com; https://www.googletagmanager.com; https://s.pointerpro.com,2020,10-49,https://www.commonobjective.co/ecocitex
25,Green Design Link,1,e.f.saville@googlemail.com,,https://www.google-analytics.com; https://www.google.com; http://intelligence.ethicalfashionforum.com,2012,50-249,https://www.commonobjective.co/green-design-link
25,DeCe Clothing,1,roo@networks.org.ro,+40736327436,www.google.com; https://www.googletagmanager.com; https://s.pointerpro.com,2009,10-49,https://www.commonobjective.co/dece-clothing
25,Respectlife,1,info@respectlife.it,,https://cdn.segment.com; https://www.google-analytics.com; https://www.google.com,2019,1-4,https://www.commonobjective.co/respectlife
25,Sahana Stitchwork,1,monishasharif@icloud.com,,www.google.com; https://www.googletagmanager.com; https://s.pointerpro.com,2020,,https://www.commonobjective.co/sahana-stitchwork
25,Antero Vejarano  Joyeria -Asesoria,1,anterovejarano1@hotmail.com,,www.youtube.com; https://www.google-analytics.com; https://www.google.com,1998,1000+,https://www.commonobjective.co/antero-vejarano-joyeria-asesoria
25,"Birla Cellulose, Aditya Birla Group",1,gaurav.agarwal@adityabirla.com,+912656171256,www.google.com; https://www.googletagmanager.com; https://s.pointerpro.com,1947,1000+,https://www.commonobjective.co/birla-cellulose-aditya-birla-group
25,AlgiKnit,1,alex.jannetty@algiknit.com,,www.google.com; https://www.googletagmanager.com; https://s.pointerpro.com,2017,10-49,https://www.commonobjective.co/algiknit-3
25,AB VILKMA,2,emilija.andrasunaite@vilkma.com; laura.zitkeviciute@vilkma.com,,https://www.google-analytics.com; https://www.google.com; http://intelligence.ethicalfashionforum.com,1967,50-249,https://www.commonobjective.co/ab-vilkma
25,Jeanologia,1,mrodriguez@jeanologia.com,,www.google.com; https://www.googletagmanager.com; https://s.pointerpro.com,1994,50-249,https://www.commonobjective.co/jeanologia-2
25,Do Better Fashion Sourcing,1,romina@dobetterfashion.com,,https://www.google-analytics.com; https://www.google.com; www.dobetterfashion.com,2018,,https://www.commonobjective.co/do-better-fashion-sourcing
25,ANAMIKA,1,mou@naturemela.com,+91 9903151392,https://www.google-analytics.com; https://www.google.com; http://intelligence.ethicalfashionforum.com,1980,5-9,https://www.commonobjective.co/anamika
25,Ram Exports,1,vishaltolambiya26@gmail.com,,https://www.google-analytics.com; https://www.google.com; http://intelligence.ethicalfashionforum.com,2001,10-49,https://www.commonobjective.co/ram-exports
26,MAES London,1,DIANA@MAESLONDON.COM,,https://www.google-analytics.com; https://www.google.com; http://intelligence.ethicalfashionforum.com,2018,10-49,https://www.commonobjective.co/maes-london
26,Cadel Deinking sl,1,pepi.mayordomo@cadeldeinking.com,,https://www.google-analytics.com; https://www.google.com; http://intelligence.ethicalfashionforum.com,2010,10-49,https://www.commonobjective.co/cadel-deinking-sl
26,The Cotton Textile Company Ltd,1,richard@thecottontextilecompany.co.uk,02036332699,https://www.google-analytics.com; https://www.google.com; http://intelligence.ethicalfashionforum.com,2013,5-9,https://www.commonobjective.co/the-cotton-textile-company-ltd
26,Artesanias Texal,1,livia.salazar@artesalinas.ec,+593985196031,https://www.google-analytics.com; https://www.google.com; http://intelligence.ethicalfashionforum.com,2003,5-9,https://www.commonobjective.co/artesanias-texal
26,Tania Francisca Arte y Diseño,0,,,www.google.com; https://www.googletagmanager.com; https://s.pointerpro.com,1999,1-4,https://www.commonobjective.co/tania-francisca-arte-y-diseno-1
26,RONNEL straw hats,1,ronnelmoscow@gmail.com,,www.ronnel.ru; https://www.google-analytics.com; https://www.google.com,2012,1-4,https://www.commonobjective.co/ronnel-straw-hats
26,Józsa Péter - Divattervező Kft.,1,ante@antecouture.com,,www.google.com; https://www.googletagmanager.com; https://s.pointerpro.com,,,https://www.commonobjective.co/jozsa-peter-divattervezo-kft
26,Always Trendin,1,alex@alwaystrendin.com,,www.google.com; https://www.googletagmanager.com; https://s.pointerpro.com,,,https://www.commonobjective.co/always-trendin
26,Jaipur Boutique Jewels,1,jaipurboutiquejewels@gmail.com,+919887240444,https://www.etsy.com; www.google.com; https://www.googletagmanager.com,1965,1-4,https://www.commonobjective.co/jaipur-boutique-jewels
26,Stitchwell Garments,1,hassan@stitchwellgarments.com,+923008240980,https://www.google-analytics.com; https://www.google.com; http://intelligence.ethicalfashionforum.com,1986,50-249,https://www.commonobjective.co/stitchwell-garments
26,Bombyx,1,katieyeung@pfghl.com,,www.youtube.com; https://www.google-analytics.com; https://www.google.com,,1000+,https://www.commonobjective.co/bombyx
26,The Merino de Valdes,0,,,https://www.google-analytics.com; https://www.google.com; http://intelligence.ethicalfashionforum.com,,,https://www.commonobjective.co/the-merino-de-valdes
26,Bold Intimates,1,nicola@boldintimates.com,,https://www.google-analytics.com; https://www.google.com; http://intelligence.ethicalfashionforum.com,2019,,https://www.commonobjective.co/bold-intimates
26,Threads of Life,1,william@threadsoflife.com,,http://threadsoflife.com; https://www.google-analytics.com; https://www.google.com,1998,10-49,https://www.commonobjective.co/threads-of-life
26,PILI,0,,,https://www.google-analytics.com; https://www.google.com; http://intelligence.ethicalfashionforum.com,2015,,https://www.commonobjective.co/pili
26,Advance Textile,1,gisellalin22@gmail.com,,http://advancetextile.wixsite.com; https://www.google-analytics.com; https://www.google.com,1978,1000+,https://www.commonobjective.co/advance-textile
26,Unifi,0,,,https://www.google-analytics.com; https://www.google.com; http://intelligence.ethicalfashionforum.com,1971,,https://www.commonobjective.co/unifi
26,Atlantic Leather,0,,,https://www.google-analytics.com; https://www.google.com; http://intelligence.ethicalfashionforum.com,1994,,https://www.commonobjective.co/atlantic-leather
26,Renewcell,1,nora.eslander@renewcell.com,,https://www.google-analytics.com; https://www.google.com; http://intelligence.ethicalfashionforum.com,2012,,https://www.commonobjective.co/renewcell
26,Two Sisters Ecotextiles,0,,,https://www.google-analytics.com; https://www.google.com; http://intelligence.ethicalfashionforum.com,2007,,https://www.commonobjective.co/two-sisters-ecotextiles
27,Vivify Textiles,0,,,https://www.google-analytics.com; https://www.google.com; http://intelligence.ethicalfashionforum.com,2015,,https://www.commonobjective.co/vivify-textiles
27,PrimaLoft® Bio™,0,,,www.primaloft.com; http://www.primaloft.com; https://www.google-analytics.com,2012,,https://www.commonobjective.co/primaloft-r-bio
27,Miti,0,,,https://www.google-analytics.com; https://www.google.com; http://intelligence.ethicalfashionforum.com,1931,,https://www.commonobjective.co/miti
27,Bionic Yarn,0,,,www.bionicyarn.com; https://www.google-analytics.com; https://www.google.com,,,https://www.commonobjective.co/bionic-yarn
27,CIRCULOSE,0,,,https://www.google-analytics.com; https://www.google.com; http://intelligence.ethicalfashionforum.com,,,https://www.commonobjective.co/circulose
27,Toyoshima,0,,,https://www.google-analytics.com; https://www.google.com; http://intelligence.ethicalfashionforum.com,1880,,https://www.commonobjective.co/toyoshima
27,RDD Textiles,0,,,https://www.google-analytics.com; http://www.rddtextiles.pt; https://www.google.com,,,https://www.commonobjective.co/rdd-textiles
27,SAB-Weixing Group,0,,,https://www.google-analytics.com; https://www.google.com; http://intelligence.ethicalfashionforum.com,1976,,https://www.commonobjective.co/sab-weixing-group
27,Libeco,0,,,www.libeco.com; https://www.google-analytics.com; https://www.google.com,1858,,https://www.commonobjective.co/libeco
27,Mozartex,0,,,https://www.google-analytics.com; https://www.google.com; http://intelligence.ethicalfashionforum.com,1992,,https://www.commonobjective.co/mozartex
27,Eastman Chemical Company,0,,,https://www.google-analytics.com; https://www.google.com; http://intelligence.ethicalfashionforum.com,1920,,https://www.commonobjective.co/eastman-chemical-company
27,Beyond Surface Technologies,0,,,https://www.google-analytics.com; https://www.google.com; http://intelligence.ethicalfashionforum.com,2008,,https://www.commonobjective.co/beyond-surface-technologies
27,Modern Meadow,0,,,https://www.google-analytics.com; https://www.google.com; http://intelligence.ethicalfashionforum.com,2011,,https://www.commonobjective.co/modern-meadow
27,Chip[s] Board,0,,,https://cdn.segment.com; https://www.google-analytics.com; https://www.google.com,2017,,https://www.commonobjective.co/chip-s-board
27,Osomtex,0,,,http://www.osombrand.com; https://www.google-analytics.com; www.osombrand.com,2015,,https://www.commonobjective.co/osomtex
27,OLIVENLEDER®,0,,,https://www.google-analytics.com; https://www.google.com; http://intelligence.ethicalfashionforum.com,,,https://www.commonobjective.co/olivenleder-r
27,Handmade Jewelry by Copper Reflections,1,copperreflections@yahoo.com,,www.google.com; https://www.googletagmanager.com; https://s.pointerpro.com,1985,5-9,https://www.commonobjective.co/handmade-jewelry-by-copper-reflections
27,Sekoplas,0,,,https://www.google-analytics.com; https://www.google.com; http://intelligence.ethicalfashionforum.com,1982,,https://www.commonobjective.co/sekoplas
27,SPhere,0,,+330153652300,https://www.google-analytics.com; https://www.google.com; http://intelligence.ethicalfashionforum.com,1976,,https://www.commonobjective.co/sphere
27,Buttonio,1,info@buttonio.com,,https://www.google-analytics.com; https://www.google.com; www.buttonio.com,1995,10-49,https://www.commonobjective.co/buttonio
28,Elevate Packaging,0,,+17732764554,https://www.google-analytics.com; https://www.google.com; http://elevatepackaging.com,2000,,https://www.commonobjective.co/elevate-packaging
28,noissue,0,,,https://www.google-analytics.com; http://noissue.co; https://www.google.com,2017,,https://www.commonobjective.co/noissue
28,Macfarlane Packaging,0,,+448002888444,https://www.google-analytics.com; http://www.w3.org; https://www.google.com,1949,,https://www.commonobjective.co/macfarlane-packaging
28,Ecology Packaging,0,,+18778841005,www.ecologypkg.com; https://www.google-analytics.com; https://www.google.com,2009,,https://www.commonobjective.co/ecology-packaging
28,Solubag,0,,+56232486126,https://www.google-analytics.com; https://www.google.com; http://intelligence.ethicalfashionforum.com,2014,,https://www.commonobjective.co/solubag
28,UK Packaging Supplies,0,,+4402088018144,https://www.google-analytics.com; https://www.google.com; http://intelligence.ethicalfashionforum.com,1984,,https://www.commonobjective.co/uk-packaging-supplies
28,Tipa,0,,+97297796000,http://tipa-corp.com; https://www.google-analytics.com; https://www.google.com,2010,,https://www.commonobjective.co/tipa
28,Kite Packaging,0,,+4402476420065,https://www.google-analytics.com; https://www.google.com; http://intelligence.ethicalfashionforum.com,2001,,https://www.commonobjective.co/kite-packaging
28,Braiform,0,,,https://www.google-analytics.com; https://www.google.com; http://intelligence.ethicalfashionforum.com,1990,,https://www.commonobjective.co/braiform
28,Kilby Packaging,0,,+4401564823176,https://www.google-analytics.com; https://www.google.com; http://intelligence.ethicalfashionforum.com,1946,,https://www.commonobjective.co/kilby-packaging
28,Weavabel,0,,,https://www.google-analytics.com; https://www.google.com; http://intelligence.ethicalfashionforum.com,,,https://www.commonobjective.co/weavabel
28,PHVLO HATCH,2,silky@phvlo.com; winglam@phvlohatch.com,,https://www.google-analytics.com; https://www.google.com; http://intelligence.ethicalfashionforum.com,2018,5-9,https://www.commonobjective.co/phvlo-hatch
28,ReBlend,2,anita@reblend.nl; lisettevdmaarel@hotmail.com,,https://www.google-analytics.com; https://www.google.com; http://intelligence.ethicalfashionforum.com,,,https://www.commonobjective.co/reblend
28,Auctus Wear,1,parag@auctuswear.com,+918074800846,www.google.com; https://www.googletagmanager.com; https://s.pointerpro.com,2014,10-49,https://www.commonobjective.co/auctus-wear
28,Textilogia,1,mateo@textilogia.com,+51914794883,https://www.google-analytics.com; https://www.google.com; http://textilogia.com,,1-4,https://www.commonobjective.co/textilogia
28,Capricorn Gems,1,boneyian@gmail.com,,www.capricorngems.com.au; https://www.google-analytics.com; https://www.google.com,2015,1-4,https://www.commonobjective.co/capricorn-gems
28,Ndavaa Calzado Artesanal,1,ofstad@gmail.com,,https://www.google-analytics.com; https://www.google.com; http://intelligence.ethicalfashionforum.com,1981,10-49,https://www.commonobjective.co/ndavaa-calzado-artesanal
28,Silver Line Group,0,,,https://www.google-analytics.com; https://www.google.com; http://silverlinebd.com,1983,,https://www.commonobjective.co/silver-line-group
28,Akamae,1,cara@bywaysofchange.com,+66957930671,www.akamae.com; www.google.com; https://www.googletagmanager.com,2015,1-4,https://www.commonobjective.co/akamae
28,Blossoms Organic Clothing,0,,,https://www.google-analytics.com; https://www.google.com; http://intelligence.ethicalfashionforum.com,2014,50-249,https://www.commonobjective.co/blossoms-organic-clothing
29,Aster Textile,0,,,https://www.google-analytics.com; https://www.google.com; http://intelligence.ethicalfashionforum.com,1993,1000+,https://www.commonobjective.co/aster-textile
29,East Fourth Street Jewelry,1,susan@eastfourthstreet.com,,https://www.google-analytics.com; https://www.google.com; http://intelligence.ethicalfashionforum.com,2010,,https://www.commonobjective.co/east-fourth-street-jewelry
29,Drishti Apparels,1,sofie.dg@gmail.com,01244515325,http://www.drishtiapparels.com; https://www.google-analytics.com; https://www.google.com,1996,50-249,https://www.commonobjective.co/drishti-apparels
29,Etiquetas Granero,1,elian@etgranero.com,,https://www.google-analytics.com; https://www.google.com; http://intelligence.ethicalfashionforum.com,1987,,https://www.commonobjective.co/etiquetas-granero
29,Mistral Confezioni,1,cosmin.bibicu@mistralconfezioni.ro,,https://cdn.segment.com; https://www.google-analytics.com; https://www.google.com,1992,250-999,https://www.commonobjective.co/mistral-confezioni
29,Lopes & Carvalho,1,marta@lopescarvalho.pt,,https://www.google-analytics.com; www.lopescarvalho.pt; https://www.google.com,1995,,https://www.commonobjective.co/lopes-carvalho
29,Paul James Knitwear,1,bhavik@pauljamesknitwear.com,,https://www.google-analytics.com; https://www.google.com; http://intelligence.ethicalfashionforum.com,1976,,https://www.commonobjective.co/paul-james-knitwear
29,Garlita JSC Ltd,0,,,https://www.google-analytics.com; https://www.google.com; www.garlita.lt,1993,50-249,https://www.commonobjective.co/garlita-jsc-ltd
29,Triwool,0,,,https://www.google-analytics.com; https://www.google.com; http://intelligence.ethicalfashionforum.com,,,https://www.commonobjective.co/triwool
29,Zaber & Zubair Fabrics Ltd.,1,tousiv@znzfab.com,,https://www.google-analytics.com; https://www.google.com; http://intelligence.ethicalfashionforum.com,1998,1000+,https://www.commonobjective.co/zaber-zubair-fabrics-ltd
29,Cap Est Sas,1,nicola.tredoux@googlemail.com,,https://www.google-analytics.com; http://utelier.com; https://www.google.com,1850,1000+,https://www.commonobjective.co/cap-est-sas
29,Bellwoven Packaging Ltd,1,katie.lord93@gmail.com,,https://www.google-analytics.com; https://www.google.com; http://intelligence.ethicalfashionforum.com,1950,,https://www.commonobjective.co/bellwoven-packaging-ltd
29,ASK Trading Ltd,1,katie.lord93@gmail.com,,https://www.google-analytics.com; https://www.google.com; http://intelligence.ethicalfashionforum.com,1974,,https://www.commonobjective.co/ask-trading-ltd
29,Zaber & Zubair Fabrics Limited,1,katie.lord93@gmail.com,,https://www.google-analytics.com; https://www.google.com; http://intelligence.ethicalfashionforum.com,1850,,https://www.commonobjective.co/zaber-zubair-fabrics-limited
29,Article 10 England,0,,,https://www.google-analytics.com; https://www.google.com; http://intelligence.ethicalfashionforum.com,1972,,https://www.commonobjective.co/article-10-england
29,Aims Hosiery Ltd,1,katie.lord93@gmail.com,,https://www.google-analytics.com; https://www.google.com; http://intelligence.ethicalfashionforum.com,2003,,https://www.commonobjective.co/aims-hosiery-ltd
29,Circular Systems,1,ricardo@textileexchange.org,+491776515364,https://www.google-analytics.com; https://www.google.com; http://intelligence.ethicalfashionforum.com,2017,10-49,https://www.commonobjective.co/circular-systems
29,Vrijesh Natural Fibre & Fabrics,1,aditya@vnffindia.com,+912240333600,https://www.google-analytics.com; https://www.google.com; http://intelligence.ethicalfashionforum.com,1950,250-999,https://www.commonobjective.co/vrijesh-natural-fibre-fabrics
29,Natural Fiber Welding,2,evan.hoffman@naturalfiberwelding.com; matt.nelson@naturalfiberwelding.com,,https://www.google-analytics.com; http://www.naturalfiberwelding.com; https://www.google.com,2015,250-999,https://www.commonobjective.co/natural-fiber-welding
29,Zamen,1,besserournesrine@gmail.com,,https://www.google-analytics.com; https://www.google.com; http://intelligence.ethicalfashionforum.com,2017,,https://www.commonobjective.co/zamen
30,"Huston Textile Company, LLC",1,kat@hustontextile.com,,www.google.com; https://www.googletagmanager.com; https://s.pointerpro.com,2013,1-4,https://www.commonobjective.co/huston-textile-company-llc
30,Polly and Other Stories,1,Pollyandotherstories@gmail.com,+923000456509,www.google.com; http://www.pollyandotherstories.com; https://www.googletagmanager.com,2015,5-9,https://www.commonobjective.co/polly-and-other-stories
30,Tailored Projects,1,tailoredprojects.phl@gmail.com,+639178800615,https://www.google-analytics.com; https://www.google.com; http://intelligence.ethicalfashionforum.com,2017,50-249,https://www.commonobjective.co/tailored-projects
30,sempri,1,atakan_oezkan@live.de,,https://www.google-analytics.com; https://www.google.com; http://intelligence.ethicalfashionforum.com,1992,,https://www.commonobjective.co/sempri
30,East West Industrial Park Ltd,1,sowkatarif@gmail.com,,https://www.google-analytics.com; https://www.google.com; http://intelligence.ethicalfashionforum.com,1979,1000+,https://www.commonobjective.co/east-west-industrial-park-ltd
30,Sew For Good,1,hello@sewforgood.com.au,,https://www.google-analytics.com; https://www.google.com; http://intelligence.ethicalfashionforum.com,2017,1-4,https://www.commonobjective.co/sew-for-good
30,Beaut4Ecotex,1,pan@beaut4ecotex.com,+86 15824187298,https://www.google-analytics.com; https://www.google.com; http://intelligence.ethicalfashionforum.com,2009,10-49,https://www.commonobjective.co/beaut4ecotex
30,ABOVE Studio,1,abovestudio.co@gmail.com,,https://www.google-analytics.com; https://www.google.com; http://intelligence.ethicalfashionforum.com,2018,,https://www.commonobjective.co/above-studio
30,Alter Equo,1,triciclo28@libero.it,+393381931588,https://www.google-analytics.com; https://www.google.com; http://intelligence.ethicalfashionforum.com,2010,1-4,https://www.commonobjective.co/alter-equo
30,Tandem Textil SAC,1,jarias@tandemtextil.com,+51998244763,https://www.google-analytics.com; http://www.tandemtextil.com; https://www.google.com,2011,50-249,https://www.commonobjective.co/tandem-textil-sac
30,Warrillow,0,,,https://www.google-analytics.com; https://www.google.com; http://intelligence.ethicalfashionforum.com,2017,,https://www.commonobjective.co/warrillow
30,Raised On Denim,1,shubham@raisedondenim.com,+919845833885,https://www.google-analytics.com; https://www.google.com; http://intelligence.ethicalfashionforum.com,2006,1000+,https://www.commonobjective.co/raised-on-denim
30,Classic Costume,1,karen.bowler@gmx.co.uk,,https://www.google-analytics.com; https://www.google.com; http://intelligence.ethicalfashionforum.com,2010,,https://www.commonobjective.co/classic-costume
30,Khmer Creations,1,Jmdarbyshire@gmail.com,,www.google.com; https://www.googletagmanager.com; https://s.pointerpro.com,2007,5-9,https://www.commonobjective.co/khmer-creations
30,I Dress Myself,1,pete@idressmyself.co.uk,01373464865,https://www.google-analytics.com; https://www.google.com; http://intelligence.ethicalfashionforum.com,2006,5-9,https://www.commonobjective.co/i-dress-myself
30,Akbaslar,1,Michelle.Hobbs@Akbaslar.com,07572841311,https://www.google-analytics.com; https://www.google.com; http://intelligence.ethicalfashionforum.com,1962,1000+,https://www.commonobjective.co/akbaslar
30,Billoomi Fashion Pvt Ltd,1,info@billoomifashion.com,,https://www.google-analytics.com; https://www.google.com; http://intelligence.ethicalfashionforum.com,2005,,https://www.commonobjective.co/billoomi-fashion-pvt-ltd
30,Fairtrunk Ethical Fashion & Lifestyle Private Limited,1,darshana@fairtrunk.com,,https://www.google-analytics.com; https://www.google.com; http://intelligence.ethicalfashionforum.com,2017,1-4,https://www.commonobjective.co/fairtrunk-ethical-fashion-lifestyle-private-limited
30,Fluid Sourcing and Development Ltd,1,admin@fluidsourcing.co.uk,01619296426,www.fluidsourcing.co.uk; https://www.google-analytics.com; https://www.google.com,2009,,https://www.commonobjective.co/fluid-sourcing-and-development-ltd
30,Be Be Cotton Knitting Co.,0,,,https://www.google-analytics.com; https://www.google.com; http://intelligence.ethicalfashionforum.com,1974,10-49,https://www.commonobjective.co/be-be-cotton-knitting-co
31,Ayni Bolivia,0,,,https://www.google-analytics.com; https://www.google.com; http://intelligence.ethicalfashionforum.com,2002,10-49,https://www.commonobjective.co/ayni-bolivia
31,Studio Non Sequitur,0,,,https://www.google-analytics.com; https://www.google.com; http://intelligence.ethicalfashionforum.com,2012,10-49,https://www.commonobjective.co/studio-non-sequitur
31,Katty Fashion,2,vanessa@papillonbleu.com; vanessabarker@katty-fashion.ro,,www.katty-fashion.com; https://www.google-analytics.com; https://www.google.com,2003,50-249,https://www.commonobjective.co/katty-fashion
31,Feelwell Garments and Accessories,0,,,https://www.google-analytics.com; https://www.google.com; www.feelwellgarments.com,2011,5-9,https://www.commonobjective.co/feelwell-garments-and-accessories
31,Le Cashmere,1,office@lecashmere.co.uk,,https://www.google-analytics.com; https://www.google.com; http://intelligence.ethicalfashionforum.com,1954,50-249,https://www.commonobjective.co/le-cashmere
31,Eden Studio,1,info@edenstudiolondon.com,,https://www.google-analytics.com; https://www.google.com; http://intelligence.ethicalfashionforum.com,2010,5-9,https://www.commonobjective.co/eden-studio
31,Rove + Weft,0,,,https://www.google-analytics.com; https://www.google.com; http://intelligence.ethicalfashionforum.com,2017,1-4,https://www.commonobjective.co/rove-weft
31,Agraloop,1,cathylhp@gmail.com,,https://www.google-analytics.com; https://www.google.com; http://intelligence.ethicalfashionforum.com,2015,,https://www.commonobjective.co/agraloop
31,Stjx,1,giuseppe.pezzini@pielleitalia.com,,https://www.google-analytics.com; www.stjx.it; https://www.google.com,1982,5-9,https://www.commonobjective.co/stjx
31,Calvelex,2,cesar.araujo@calvelex.com; elsa.pereira@calvelex.com,+4402077023733,www.google.com; www.calvelex.com; https://www.googletagmanager.com,1985,250-999,https://www.commonobjective.co/calvelex
31,Aura Herbalwear,1,turetoneinquiry@gmail.com,+917925711685,www.auraherbalwear.com; https://www.google-analytics.com; https://www.google.com,2008,10-49,https://www.commonobjective.co/aura-herbalwear
31,Lotus Silk Farm,1,gm@samatoa.com,+85592529001,www.youtube.com; https://www.google-analytics.com; https://www.google.com,2010,10-49,https://www.commonobjective.co/samatoa-lotus-textiles
31,Bysshe Partnership,1,leonard@bysshe.co,,https://www.google-analytics.com; https://www.google.com; http://intelligence.ethicalfashionforum.com,2013,,https://www.commonobjective.co/bysshe-partnership
31,Armstrong,1,akmindia@akm-india.com,+914212257122,https://www.google-analytics.com; https://www.google.com; http://intelligence.ethicalfashionforum.com,1969,50-249,https://www.commonobjective.co/armstrong
31,Coolaz.me,1,kurt@coolaz.me,+85515815991,https://www.google-analytics.com; https://www.google.com; http://coolaz.me,2024,5-9,https://www.commonobjective.co/coolaz-me
31,Kathy Kyle Studio,1,hello@kathykyle.com,+447500800627,https://www.google-analytics.com; https://www.google.com; www.kathykyle.com,2021,1-4,https://www.commonobjective.co/kathy-kyle-studio
31,The Leather Designer,1,info@fancymodleather.com,,https://www.google-analytics.com; http://www.theleatherdesigner.com; https://www.google.com,,10-49,https://www.commonobjective.co/the-leather-designer
31,Tangibal Sports,1,tangiblesports555@gmail.com,+923424864341,https://www.google-analytics.com; https://www.google.com; http://intelligence.ethicalfashionforum.com,2016,50-249,https://www.commonobjective.co/tangibal-sports
31,Sachdeva Fabric World Pvt ltd,1,homeindia@sachdevaworld.com,+447495386820,https://www.google-analytics.com; https://www.google.com; http://intelligence.ethicalfashionforum.com,1965,250-999,https://www.commonobjective.co/sachdeva-fabric-world-pvt-ltd
31,CONFLUX SA,1,c.babii@conflux.ro,+40213371513,https://www.google-analytics.com; www.conflux.ro; https://www.google.com,1991,50-249,https://www.commonobjective.co/conflux-sa
32,Cameo and Beyond,1,renovationlosangeles95@gmail.com,,https://www.google-analytics.com; https://www.google.com; http://intelligence.ethicalfashionforum.com,2016,5-9,https://www.commonobjective.co/cameo-and-beyond
32,Arazzo Embroideries,1,info@arazzo.in,+919147707343,https://www.google-analytics.com; https://www.google.com; http://intelligence.ethicalfashionforum.com,1997,10-49,https://www.commonobjective.co/arazzo-embroideries
32,Elka Brands,2,hemantha@elkabrands.com; sam@lucyandsam.com,+447951208778,https://www.google-analytics.com; https://www.google.com; http://intelligence.ethicalfashionforum.com,2024,5-9,https://www.commonobjective.co/elka-brands
32,Noble Nomads GmbH,1,munkhbold.bold@noble-nomads.de,,https://www.google-analytics.com; http://www.noble-nomads.de; https://www.google.com,2017,1-4,https://www.commonobjective.co/noble-nomads-gmbh
32,Zephyr Studio,1,brooke.tyson@gmail.com,+447440316905,www.google.com; https://www.googletagmanager.com; https://s.pointerpro.com,,,https://www.commonobjective.co/zephyr-studio
32,ASSISI GARMENTS,1,ag@assisiorganics.com,,https://www.google-analytics.com; https://www.google.com; http://intelligence.ethicalfashionforum.com,,,https://www.commonobjective.co/assisi-garments-2
32,Susan Crow Studio,1,susan@susancrowstudio.com,,http://www.susancrowstudio.com; https://www.google-analytics.com; https://www.google.com,2010,,https://www.commonobjective.co/susan-crow-studio
32,La Modista,1,Petra.kvarcakova@gmail.com,,https://www.google-analytics.com; https://www.google.com; http://intelligence.ethicalfashionforum.com,,1-4,https://www.commonobjective.co/la-modista
32,Organic Tagua Jewelry,1,soraya@organictaguajewelry.com,,https://www.google-analytics.com; https://www.google.com; http://intelligence.ethicalfashionforum.com,2011,5-9,https://www.commonobjective.co/organic-tagua-jewelry
32,Advant Wear Private Limited,0,,,https://www.google-analytics.com; https://www.google.com; http://intelligence.ethicalfashionforum.com,2019,250-999,https://www.commonobjective.co/advant-wear-private-limited
32,House of Savoj,1,savojstore@gmail.com,+9146709982555,https://www.google-analytics.com; https://www.google.com; http://intelligence.ethicalfashionforum.com,2024,10-49,https://www.commonobjective.co/house-of-savoj-1
32,Fasilah,1,contact@fasilah.co.uk,,https://www.google-analytics.com; https://www.google.com; http://intelligence.ethicalfashionforum.com,2023,5-9,https://www.commonobjective.co/fasilah
32,Maker of Jacket,1,makerofjacketofficial@gmail.com,,https://www.google-analytics.com; https://www.google.com; http://intelligence.ethicalfashionforum.com,2015,10-49,https://www.commonobjective.co/maker-of-jacket
32,Weft Apparel,1,jessebryan644@gmail.com,,http://weftapparel.com; https://www.google-analytics.com; https://www.google.com,1700,1000+,https://www.commonobjective.co/weft-apparel-1
32,Aurora Apparel Pvt Ltd,1,krutika.chawala@auroraapparel.co.in,+91 9960981555,http://aurora-apparel.co.in; https://www.google-analytics.com; https://www.google.com,2009,250-999,https://www.commonobjective.co/aurora-apparel-pvt-ltd
32,Sustainify Hub,1,lisa@sustainifyhub.com,+41762269856,www.sustainifyhub.com; https://www.google-analytics.com; https://www.google.com,2025,1-4,https://www.commonobjective.co/sustainify-hub
32,Lioness Lingerie,1,lioness.lingerie24@gmail.com,,https://www.google-analytics.com; https://www.google.com; http://intelligence.ethicalfashionforum.com,2023,,https://www.commonobjective.co/lioness-lingerie
32,Hazak Co,1,hazak.co@gmail.com,+61402465587,https://www.google-analytics.com; https://www.google.com; http://intelligence.ethicalfashionforum.com,2024,1-4,https://www.commonobjective.co/hazak-co
32,Patch Villa,1,archienoahget@gmail.com,,http://patchvilla.com; https://www.google-analytics.com; https://www.google.com,2023,1000+,https://www.commonobjective.co/patch-villa
32,Myn  Tekstil ve İnşaat Sanayi Ticaret A.Ş,1,keremakyuz@myntriko.com,+905325941210,https://www.google-analytics.com; https://www.google.com; http://intelligence.ethicalfashionforum.com,1988,50-249,https://www.commonobjective.co/myn-tekstil-ve-insaat-sanayi-ticaret-a-s
33,Elysée Couture,1,info@elyseecouture.fr,,https://www.google-analytics.com; https://www.google.com; http://www.elyseecouture.fr,2002,10-49,https://www.commonobjective.co/elysee-couture-1
33,Kyraa Fashions Private Limited,1,kayraafashions@gmail.com,+91 7904203747,https://www.google-analytics.com; https://www.google.com; http://intelligence.ethicalfashionforum.com,2025,5-9,https://www.commonobjective.co/kyraa-fashions-private-limited
33,Stellar Fashion Consulting,1,stellarfashionconsulting@gmail.com,,https://www.google-analytics.com; https://www.google.com; http://intelligence.ethicalfashionforum.com,,,https://www.commonobjective.co/stellar-fashion-consulting
33,Unicorn Textile,1,unicorntextile3283@gmail.com,,https://www.google-analytics.com; https://www.google.com; http://intelligence.ethicalfashionforum.com,2020,5-9,https://www.commonobjective.co/unicorn-textile
33,YAVUZCEHRE TEKSTIL,1,feza.demircepken@yavuzcehre.com.tr,,https://www.google-analytics.com; https://www.google.com; http://www.yavuzcehre.com.tr,1996,250-999,https://www.commonobjective.co/yavuzcehre-tekstil
33,PPF,1,cbueso@ppf.com.hn,,https://www.google-analytics.com; https://www.google.com; http://intelligence.ethicalfashionforum.com,2006,250-999,https://www.commonobjective.co/ppf
33,UNDESA MANUFACTURING El Salvador,1,sales@undesathor.com,,https://www.google-analytics.com; https://www.google.com; http://intelligence.ethicalfashionforum.com,1996,50-249,https://www.commonobjective.co/undesa-manufacturing-el-salvador
33,Pure Design Fashion,1,akif@puredesignfashion.co.uk,+905427306930,https://www.google-analytics.com; https://www.google.com; http://intelligence.ethicalfashionforum.com,2024,5-9,https://www.commonobjective.co/pure-design-fashion
33,Artistic Milliners,1,akbar.ali@artisticmilliners.com,,https://www.google-analytics.com; http://www.w3.org; https://www.google.com,1949,,https://www.commonobjective.co/artistic-milliners
33,Novo Textile,1,diyelkovan@gmail.com,+905324567660,https://www.google-analytics.com; https://www.google.com; http://intelligence.ethicalfashionforum.com,2019,1-4,https://www.commonobjective.co/novo-textile
33,Muphos,1,busra.uzun@muphos.com,+905302219930,https://www.google-analytics.com; https://www.google.com; http://intelligence.ethicalfashionforum.com,2021,1-4,https://www.commonobjective.co/muphos
33,Babylon Buying Services Ltd,1,arifmonsury@babylon-bd.com,+8801316006527,https://www.google-analytics.com; https://www.google.com; http://intelligence.ethicalfashionforum.com,2013,50-249,https://www.commonobjective.co/babylon-buying-services-ltd
33,Block LLC,1,blockcorpllc@gmail.com,+37443132333,https://www.google-analytics.com; https://www.google.com; http://intelligence.ethicalfashionforum.com,2022,50-249,https://www.commonobjective.co/block-llc
33,Victor Têxteis,1,pedro@victortexteis.pt,,https://www.google-analytics.com; https://www.google.com; http://intelligence.ethicalfashionforum.com,1994,,https://www.commonobjective.co/victor-texteis
33,KEATS CLOTHING,1,keatsclothing@gmail.com,+919650087638,https://www.google-analytics.com; https://www.google.com; http://keatsclothing.com,2016,5-9,https://www.commonobjective.co/keats-clothing
33,The Conscious Stitch,1,ashimaraizada@gmail.com,,https://www.google-analytics.com; https://www.google.com; http://intelligence.ethicalfashionforum.com,2024,5-9,https://www.commonobjective.co/the-conscious-stitch
33,EMON TEKSTIL SAN. TIC.LTD..STI,1,yunusbakbak@emontextile.com,+905559929959,https://www.google-analytics.com; https://www.google.com; www.uniqvibe.com,2001,,https://www.commonobjective.co/emon-tekstil-san-tic-ltd-sti
33,Orkon Tekstil ve Dış Ticaret Ltd Sti,1,dila@orkontex.com,+905534038164,https://www.google-analytics.com; https://www.google.com; http://intelligence.ethicalfashionforum.com,2018,10-49,https://www.commonobjective.co/orkon-tekstil-ve-dis-ticaret-ltd-sti
33,Sujha Traders & Exports,1,hello@sujhan.com,+977970202482,http://www.sujhatraders.com; https://www.google-analytics.com; https://www.google.com,1997,50-249,https://www.commonobjective.co/sujha-traders-exports
33,AgReCir,1,mukhdoom.mashhood@agrecir.com,+923454867555,https://www.google-analytics.com; https://www.google.com; http://intelligence.ethicalfashionforum.com,2008,50-249,https://www.commonobjective.co/agrecir
34,Alpha Solutions,1,biz.ramprasad@gmail.com,+91 7338923513,https://www.google-analytics.com; https://www.google.com; http://thealphasol.com,2024,1-4,https://www.commonobjective.co/alpha-solutions
34,Focus Moda Tekstil,1,sudebuyan@focusmoda.com.tr,,https://www.google-analytics.com; https://www.google.com; http://intelligence.ethicalfashionforum.com,2018,50-249,https://www.commonobjective.co/focus-moda-tekstil
34,BEKATEX GİYİM SANAYİ VE İTHALAT İHRACAT LİMİTED ŞİRKETİ,1,hasan.akgunes@bekatex.com.tr,+905332458574,https://www.google-analytics.com; https://www.google.com; http://intelligence.ethicalfashionforum.com,2023,1-4,https://www.commonobjective.co/bekatex-giyim-sanayi-ve-ithalat-ihracat-limited-sirketi
34,Garments Craft,0,,+8801862888582,https://www.google-analytics.com; https://www.google.com; http://intelligence.ethicalfashionforum.com,2009,50-249,https://www.commonobjective.co/garments-craft-1
34,"Evershine Creations, Inc.",1,sasha.hou@ev-shine.com.tw,+886225373368,https://www.google-analytics.com; https://www.google.com; www.ev-shine.com.tw,1984,50-249,https://www.commonobjective.co/evershine-creations-inc
34,The Blue Barn,1,production@tbbarn.nl,,https://www.google-analytics.com; https://www.google.com; http://intelligence.ethicalfashionforum.com,2021,,https://www.commonobjective.co/the-blue-barn
34,"Marzim, S.A.",1,renatacampinhomiranda@gmail.com,,https://www.google-analytics.com; https://www.google.com; http://intelligence.ethicalfashionforum.com,1989,10-49,https://www.commonobjective.co/marzim-s-a
34,Artisanshopinitiative,1,artisanshopinitiative@gmail.com,+254741405459,https://www.google-analytics.com; https://www.google.com; http://intelligence.ethicalfashionforum.com,2017,5-9,https://www.commonobjective.co/artisanshopinitiative
34,ASG TRADING COMPANY,1,sam.sgthk@gmail.com,,https://www.google-analytics.com; https://www.google.com; http://intelligence.ethicalfashionforum.com,2010,,https://www.commonobjective.co/asg-trading-company
34,Haama-Cotswold,1,valerias@haama.com,,https://www.google-analytics.com; https://www.google.com; http://intelligence.ethicalfashionforum.com,1960,50-249,https://www.commonobjective.co/haama-cotswold
34,Readymade Garment,1,sales@organicandmore.com,,www.organicandmore.com; https://www.google-analytics.com; https://www.google.com,2005,250-999,https://www.commonobjective.co/readymade-garment
34,"Xingzirain Co., Ltd.",1,tinatang@xinzirain.com,,https://www.google-analytics.com; https://www.google.com; http://intelligence.ethicalfashionforum.com,1700,1000+,https://www.commonobjective.co/xingzirain-co-ltd
34,Maheen Textile Mills Pvt Ltd (Processing Unit),1,compliance.mills@maheentex.com,+923448989323,https://www.google-analytics.com; https://www.google.com; http://www.maheentex.com,2023,250-999,https://www.commonobjective.co/maheen-textile-mills-pvt-ltd-processing-unit
34,Joyya,1,nancy.knapp@joyya.com,,https://www.google-analytics.com; https://www.google.com; http://intelligence.ethicalfashionforum.com,2001,,https://www.commonobjective.co/joyya
34,"SHANGHAI CHINAWING CO., LTD.",1,jason.zhao@chinaminesh.com,,https://www.google-analytics.com; https://www.google.com; www.chinawing.com.cn,,,https://www.commonobjective.co/shanghai-chinawing-co-ltd
34,TAL Apparel Ltd.,1,matthewguenther@talapparel.com,,www.talapparel.com; https://www.google-analytics.com; https://www.google.com,1947,1000+,https://www.commonobjective.co/tal-apparel-ltd
34,Vira Potapova Studio,1,potapova.fashion@gmail.com,,https://www.google-analytics.com; https://www.google.com; http://intelligence.ethicalfashionforum.com,2019,,https://www.commonobjective.co/vira-potapova-studio
34,Kamal Limited,1,compliance@kamallimited.com,,https://www.google-analytics.com; http://www.w3.org; https://www.google.com,1954,1000+,https://www.commonobjective.co/kamal-limited
34,Mega Apparel,1,megaapparel123@gmail.com,,https://www.google-analytics.com; https://www.google.com; http://intelligence.ethicalfashionforum.com,2018,50-249,https://www.commonobjective.co/mega-apparel-1
34,Thread & Theory,1,info@threadandtheory.co,,https://cdn.segment.com; https://www.google-analytics.com; https://www.google.com,2023,1-4,https://www.commonobjective.co/thread-theory
35,bbase Design Group,1,joblack@bbase.com.hk,,http://bbase.com.hk; https://www.google-analytics.com; https://www.google.com,2001,50-249,https://www.commonobjective.co/bbase-design-group
35,Kinkri,1,unnati@kinkri.net,,https://www.google-analytics.com; http://kinkri.net; https://www.google.com,2024,,https://www.commonobjective.co/kinkri
35,illuvae,1,richelletoh9@gmail.com,,https://www.google-analytics.com; https://www.google.com; http://intelligence.ethicalfashionforum.com,,,https://www.commonobjective.co/illuvae
35,Alpen Lederhosen,1,amandahansen1213@gmail.com,03178217030,https://www.google-analytics.com; https://www.google.com; http://alpenlederhosen.com,2014,5-9,https://www.commonobjective.co/alpen-lederhosen
35,Econock,1,sanyam@econock.com,+14132759173,www.econock.com; https://www.google-analytics.com; https://www.google.com,2020,10-49,https://www.commonobjective.co/econock
35,Focus Prints LLP,1,darshil@focusprints.com,,https://www.google-analytics.com; https://www.google.com; http://intelligence.ethicalfashionforum.com,1995,10-49,https://www.commonobjective.co/focus-prints-llp
35,StyleMe,1,info@styleme.fashion,+972548459992,https://www.google-analytics.com; https://www.google.com; http://intelligence.ethicalfashionforum.com,2023,5-9,https://www.commonobjective.co/styleme
35,Eden Found,1,regan@eden-found.com,+260968517889,www.google.com; https://www.googletagmanager.com; https://s.pointerpro.com,2019,5-9,https://www.commonobjective.co/eden-found
35,wearlabinc,1,maya@wearlabinc.com,,https://www.google-analytics.com; https://www.google.com; http://wearlabinc.com,2020,10-49,https://www.commonobjective.co/wearlabinc
35,Allterie,1,lwells@allterie.com,,https://www.google-analytics.com; https://www.google.com; http://intelligence.ethicalfashionforum.com,2020,1-4,https://www.commonobjective.co/allterie
35,kapokperu - conceiba,1,jonathan.sanchezgr@gmail.com,+51918810290,https://www.google-analytics.com; https://www.google.com; http://intelligence.ethicalfashionforum.com,2021,5-9,https://www.commonobjective.co/kapokperu-conceiba
35,TILINFINITY,1,upcycle.tilinfinity@gmail.com,,https://www.google-analytics.com; https://www.google.com; http://intelligence.ethicalfashionforum.com,2019,,https://www.commonobjective.co/tilinfinity
35,Nordic Creativity Source,1,info@ncsource.dk,,https://www.google-analytics.com; https://www.google.com; http://intelligence.ethicalfashionforum.com,2019,10-49,https://www.commonobjective.co/nordic-creativity-source
35,"Weihai Yueting Trading Co., Ltd.",1,yuetinghanshe0124@163.com,+8618363165063,https://www.google-analytics.com; https://www.google.com; http://intelligence.ethicalfashionforum.com,,10-49,https://www.commonobjective.co/weihai-yueting-trading-co-ltd
35,Conscious Sourcing,1,ryan@conscioussourcing.com,,https://www.google-analytics.com; https://www.google.com; http://intelligence.ethicalfashionforum.com,,,https://www.commonobjective.co/conscious-sourcing
35,maodali,1,chonac1112@gmail.com,,https://www.google-analytics.com; https://www.google.com; http://intelligence.ethicalfashionforum.com,1996,50-249,https://www.commonobjective.co/maodali
35,DITO Social Welfare Association,1,marketing.merison@gmail.com,,https://www.google-analytics.com; https://www.google.com; http://intelligence.ethicalfashionforum.com,2016,5-9,https://www.commonobjective.co/merison-impex-private-limited
35,London Clothing Manufacturer United,1,accounts@global-manufacture.com,07429291160,https://www.google-analytics.com; www.londonclothingmanufacturer.co.uk; https://www.google.com,2024,,https://www.commonobjective.co/london-clothing-manufacturer-uk
35,Pure Stitch,1,purestitchbd@gmail.com,+88 01602058778; 01602058778,https://www.google-analytics.com; https://www.google.com; http://intelligence.ethicalfashionforum.com,2017,,https://www.commonobjective.co/pure-stitch-1
35,KURG Enterprises Private Limited,1,kurgdigital@gmail.com,+919310859027,https://www.google-analytics.com; http://kurgx.com; https://www.google.com,2014,250-999,https://www.commonobjective.co/kurg-enterprises-private-limited
36,Label Saasha,1,marketing.labelsaasha@gmail.com,,http://www.labelsaasha.com; www.labelsaasha.com; https://www.google-analytics.com,2011,,https://www.commonobjective.co/label-saasha
36,Eco Loop BD,1,jashim.uddin.ahmed@gmail.com,01716239392,https://www.google-analytics.com; https://www.google.com; http://intelligence.ethicalfashionforum.com,,10-49,https://www.commonobjective.co/eco-loop-bd
36,shop PURL,1,purl.shoppurl@gmail.com,,https://www.google-analytics.com; https://www.google.com; http://intelligence.ethicalfashionforum.com,2014,10-49,https://www.commonobjective.co/shop-purl
36,Fonte & Faria,1,goncalo.faria@fontefaria.com,,http://www.fontefaria.com; https://cdn.segment.com; https://www.google-analytics.com,1994,10-49,https://www.commonobjective.co/fonte-faria
36,Texcyle Enterprises Private Limited,1,info@texcyle.co,,https://www.google-analytics.com; https://www.google.com; http://intelligence.ethicalfashionforum.com,2023,50-249,https://www.commonobjective.co/texcyle-enterprises-private-limited
36,WELL KNOWN TEXTILES MILLS,1,sivakt2000@yahoo.co.in,09995981859,https://www.google-analytics.com; https://www.google.com; http://intelligence.ethicalfashionforum.com,2021,10-49,https://www.commonobjective.co/well-known-textiles-mills
36,TEXTUM GLOBAL,1,ali@textumglobal.com,+8801707017098,https://www.google-analytics.com; https://www.google.com; http://intelligence.ethicalfashionforum.com,2022,5-9,https://www.commonobjective.co/textum-global
36,Freee Recycle Holding Limited,1,uk@freee-recycle.com,+447961871132,http://www.freee-recycle.com; https://www.google-analytics.com; https://www.google.com,2021,50-249,https://www.commonobjective.co/freee-recycle-holding-limited
36,FashionClinic by T,1,hello@tobycrispy.com,,www.tobycrispy.com; https://www.google-analytics.com; https://www.google.com,2016,,https://www.commonobjective.co/fashionclinic-by-t
36,Allure Exports Pvt Ltd,1,giselle@allurexports.com,+919821187864,https://www.google-analytics.com; https://www.google.com; http://intelligence.ethicalfashionforum.com,2008,10-49,https://www.commonobjective.co/allure-exports-pvt-ltd
36,Fairbrics,1,benoit.illy@fairbics.co,,https://www.google-analytics.com; https://www.google.com; http://intelligence.ethicalfashionforum.com,2019,10-49,https://www.commonobjective.co/fairbrics
36,House of Attuendo,1,houseofattuendo@zoho.com,+919958898078,http://www.attuendo.com; www.google.com; https://www.googletagmanager.com,2009,50-249,https://www.commonobjective.co/house-of-attuendo-1
36,Ahimsa Eri Silk,1,ritika@ahimsaerisilk.com,,https://www.google-analytics.com; https://www.google.com; http://intelligence.ethicalfashionforum.com,2016,,https://www.commonobjective.co/ahimsa-eri-silk-1
36,Pro Custom Packaging Ltd,1,hadi@procustompackaging.co.uk,01416280705,www.google.com; https://www.googletagmanager.com; https://s.pointerpro.com,,5-9,https://www.commonobjective.co/pro-custom-packaging-ltd
36,Revive and Refresh Denim Co,1,sewstudiose12@gmail.com,,https://www.google-analytics.com; https://www.google.com; http://intelligence.ethicalfashionforum.com,2023,,https://www.commonobjective.co/revive-and-refresh-denim-co
36,Bragiyomi,1,parul@bragiyomi.com,,https://www.google-analytics.com; https://www.google.com; http://intelligence.ethicalfashionforum.com,2019,10-49,https://www.commonobjective.co/bragiyomi
36,Studio Tantu,1,kelly7skiada@gmail.com,,https://www.google-analytics.com; https://www.google.com; http://intelligence.ethicalfashionforum.com,,1-4,https://www.commonobjective.co/studio-tantu
36,COTTON STUDIO,1,monowar213@gmail.com,+8801962400580,https://www.google-analytics.com; http://www.cottonstudio.co; www.cottonstudio.co,2020,10-49,https://www.commonobjective.co/cotton-studio
36,Alliance Exim,1,info@allianceeximindia.com,,https://www.google-analytics.com; https://www.google.com; http://intelligence.ethicalfashionforum.com,2007,5-9,https://www.commonobjective.co/alliance-exim-1
36,Sew Valley,1,shailah@sewvalley.org,,https://www.google-analytics.com; https://www.google.com; http://intelligence.ethicalfashionforum.com,2017,10-49,https://www.commonobjective.co/sew-valley
37,Em Rose Textiles,1,emrosetextiles@gmail.com,,https://www.google-analytics.com; https://www.google.com; http://intelligence.ethicalfashionforum.com,,1-4,https://www.commonobjective.co/em-rose-textiles
37,Corplast SpA,1,michele.centioni@corplast.it,,https://www.google-analytics.com; https://www.google.com; http://www.corplast.it,1973,50-249,https://www.commonobjective.co/corplast-spa
37,VNPOLYFIBER,1,vnpolyfiber2017@gmail.com,,https://www.google-analytics.com; https://www.google.com; http://intelligence.ethicalfashionforum.com,2017,10-49,https://www.commonobjective.co/vnpolyfiber
37,stickerprintingco,1,johnhunt3565@gmail.com,,https://www.google-analytics.com; https://www.google.com; http://intelligence.ethicalfashionforum.com,1999,50-249,https://www.commonobjective.co/stickerprintingco
37,The Amora Atelier,1,info@amora-atelier.com,,https://www.google-analytics.com; https://www.google.com; http://intelligence.ethicalfashionforum.com,2022,1-4,https://www.commonobjective.co/the-amora-atelier
37,Funny Bear - Kids Wear Manufacturer in India,1,priyahosiery22@gmail.cim,,http://www.funnybear.in; https://www.google-analytics.com; https://www.google.com,2019,10-49,https://www.commonobjective.co/funny-bear-kids-wear-manufacturer-in-india
37,Texcyle Enterprises Pvt Ltd,1,texcyle.co@gmail.com,+917982201014,https://www.google-analytics.com; https://www.google.com; http://intelligence.ethicalfashionforum.com,,5-9,https://www.commonobjective.co/texcyle-enterprises-pvt-ltd
37,Flocks & Herds Sustainable Designs,1,kelsea.zehr@gmail.com,,https://www.google-analytics.com; https://www.google.com; http://intelligence.ethicalfashionforum.com,2018,1-4,https://www.commonobjective.co/flocks-herds-sustainable-designs
37,DISPARATE,1,angie@disparateshop.com,+57 3195628636,https://www.google-analytics.com; https://www.google.com; http://intelligence.ethicalfashionforum.com,2017,1-4,https://www.commonobjective.co/disparate
37,woven memories,1,georgina.nadal@gmail.com,,http://www.wovenmemories.co.uk; https://www.google-analytics.com; https://www.google.com,2022,1-4,https://www.commonobjective.co/woven-memories
37,Mousai Collection,1,anapeman@hotmail.com,,https://www.google-analytics.com; https://www.google.com; http://intelligence.ethicalfashionforum.com,,,https://www.commonobjective.co/mousai-collection
37,Sapro-Tech,1,andy@saprotech.co.nz,+64274960101,https://www.google-analytics.com; https://www.google.com; http://intelligence.ethicalfashionforum.com,2021,5-9,https://www.commonobjective.co/sapro-tech
37,Mama Mate Kids,1,mariyatasheva@hotmail.com,,https://www.google-analytics.com; http://Www.mamamatekids.com; https://www.google.com,2022,1-4,https://www.commonobjective.co/mama-mate-kids
37,Lauranna Artisan Modern Fashion,1,johana.quintgar@gmail.com,,www.laurannastore.com; https://www.google-analytics.com; https://www.google.com,2019,5-9,https://www.commonobjective.co/lauranna-artisan-modern-fashion
37,Zishan,1,zishan.zhuang@essec.edu,,https://www.google-analytics.com; https://www.google.com; http://intelligence.ethicalfashionforum.com,2021,5-9,https://www.commonobjective.co/zishan
37,Bruna Garment Production,1,hello@brunagarmentproduction.com,,https://www.google-analytics.com; https://www.google.com; http://intelligence.ethicalfashionforum.com,2020,1-4,https://www.commonobjective.co/bruna-garment-production
37,AK Style Crafts Limited,1,ikbal@akstylecraftsbd.com,+8801745475288,https://www.google-analytics.com; https://www.google.com; http://intelligence.ethicalfashionforum.com,2022,50-249,https://www.commonobjective.co/ak-style-crafts-limited
37,WorkerMan,1,martinjohn8586@gmail.com,,https://www.google-analytics.com; https://www.google.com; http://intelligence.ethicalfashionforum.com,2022,10-49,https://www.commonobjective.co/workerman
37,Garments Craft,1,samir@garmentscraft.com,+8801862888582,https://www.google-analytics.com; https://www.google.com; http://intelligence.ethicalfashionforum.com,2010,10-49,https://www.commonobjective.co/garments-craft
37,Anderton Board & Packaging Ltd,1,robert.ward@andertonboard.co.uk,,https://www.google-analytics.com; https://www.google.com; http://intelligence.ethicalfashionforum.com,1850,10-49,https://www.commonobjective.co/anderton-board-packaging-ltd
38,MYCOTEX,1,aniela@neffa.nl,,https://www.google-analytics.com; http://www.w3.org; http://www.mycotex.nl,2020,,https://www.commonobjective.co/mycotex
38,Dura Printing,1,georginacooke7@gmail.com,,https://www.google-analytics.com; https://www.google.com; http://intelligence.ethicalfashionforum.com,2018,10-49,https://www.commonobjective.co/dura-printing-1
38,Wyndhurst Pty Ltd,1,jonathan@wyndhurst.com.au,,https://www.google-analytics.com; https://www.google.com; http://intelligence.ethicalfashionforum.com,2016,1-4,https://www.commonobjective.co/wyndhurst-pty-ltd
38,The Mend Packaging,1,themendpackaging1@gmail.com,,https://www.google-analytics.com; https://www.google.com; http://intelligence.ethicalfashionforum.com,2020,50-249,https://www.commonobjective.co/the-mend-packaging
38,Indiron Sourcing Ltd,1,ruhul@indironsourcing.co.uk,07448445738,https://www.google-analytics.com; https://www.google.com; http://intelligence.ethicalfashionforum.com,2020,5-9,https://www.commonobjective.co/indiron-sourcing-ltd
38,Ariadna Studio,1,maria@mrbravo.es,,http://ariadnastudio.es; https://www.google-analytics.com; https://www.google.com,,,https://www.commonobjective.co/ariadna-studio
38,MAS Innovation (Private) Limited,1,pecvd@masholdings.com,+94775618529,https://www.google-analytics.com; https://www.google.com; http://intelligence.ethicalfashionforum.com,2014,,https://www.commonobjective.co/mas-innovation-private-limited
38,Modern Synthesis,1,jen@mod-synth.com,,https://www.google-analytics.com; https://www.google.com; http://intelligence.ethicalfashionforum.com,2019,10-49,https://www.commonobjective.co/modern-synthesis
38,Algaeing,1,office@alga-life.com,,www.algaeing.com; https://www.google-analytics.com; https://www.google.com,2016,10-49,https://www.commonobjective.co/algaeing
38,Exceptio LTD,1,gareth@exceptio.co.uk,,https://www.google-analytics.com; http://exceptio.co.uk; https://www.google.com,,10-49,https://www.commonobjective.co/exceptio-ltd
38,Bio-Fluff,1,ivana@bio-fluff.com,,https://www.google-analytics.com; https://www.google.com; http://intelligence.ethicalfashionforum.com,,5-9,https://www.commonobjective.co/bio-fluff
38,Deven Supercriticals Pvt. Ltd.,1,baser@scfe.in,,https://cdn.segment.com; https://www.google-analytics.com; https://www.google.com,1998,10-49,https://www.commonobjective.co/deven-supercriticals-pvt-ltd
38,Matereal,1,jackie@matereal.co,,https://www.google-analytics.com; https://www.google.com; http://intelligence.ethicalfashionforum.com,,,https://www.commonobjective.co/matereal
38,Ioncell Oy,1,antti.ronkko@ioncell.fi,+358505184750,https://www.google-analytics.com; https://www.google.com; http://intelligence.ethicalfashionforum.com,,,https://www.commonobjective.co/ioncell-oy
38,Refiberd,1,sarika@refiberd.com,,https://www.google-analytics.com; https://www.google.com; http://intelligence.ethicalfashionforum.com,2020,1-4,https://www.commonobjective.co/refiberd
38,Mercedes Saravia,1,mercedessaravia.accesorios@gmail.com.ar,+549221155012630,https://www.google-analytics.com; https://www.google.com; http://intelligence.ethicalfashionforum.com,2009,1-4,https://www.commonobjective.co/mercedes-saravia-1
38,re-,1,contact@re-community.com,,https://www.google-analytics.com; https://www.google.com; http://intelligence.ethicalfashionforum.com,,,https://www.commonobjective.co/eighteen-dragonflies
38,Redivivum,1,sziilviia@gmail.com,,https://www.google-analytics.com; https://www.google.com; http://intelligence.ethicalfashionforum.com,1850,1000+,https://www.commonobjective.co/redivivum
38,SKIN SERIES,1,info@skinseries.org,+447754091816,https://www.google-analytics.com; https://www.google.com; http://intelligence.ethicalfashionforum.com,,,https://www.commonobjective.co/skin-series
38,Pambo Letu,1,pamboletu1@gmail.com,+254715668044,https://www.google-analytics.com; https://www.google.com; http://intelligence.ethicalfashionforum.com,2019,10-49,https://www.commonobjective.co/pambo-letu
39,Coblrshop,1,emily@coblrshop.com,,https://www.google-analytics.com; https://www.google.com; http://intelligence.ethicalfashionforum.com,1850,1000+,https://www.commonobjective.co/coblrshop
39,Soni Designs,1,paulbabalola140@gmail.com,,https://www.google-analytics.com; https://www.google.com; http://intelligence.ethicalfashionforum.com,2020,5-9,https://www.commonobjective.co/soni-designs
39,Stony Creek Colors,1,devon@stonycreekcolors.com,,https://www.google-analytics.com; https://www.google.com; http://intelligence.ethicalfashionforum.com,2012,,https://www.commonobjective.co/stony-creek-colors
39,ECOFITEXT,1,ecofitextnaturalfiber@gmail.com,,https://www.google-analytics.com; https://www.google.com; http://intelligence.ethicalfashionforum.com,,,https://www.commonobjective.co/ecofitext
39,isifiso.,1,isifiso.clothing@gmail.com,,https://www.google-analytics.com; https://www.google.com; http://intelligence.ethicalfashionforum.com,2020,,https://www.commonobjective.co/isifiso
39,"Protein Evolution, Inc.",1,clynn@pei.bio,,https://www.google-analytics.com; https://www.google.com; http://intelligence.ethicalfashionforum.com,,,https://www.commonobjective.co/protein-evolution-inc
39,Matoha Instrumentation Ltd.,1,martin@matoha.com,,https://www.google-analytics.com; https://www.google.com; http://intelligence.ethicalfashionforum.com,1850,1000+,https://www.commonobjective.co/matoha-instrumentation-ltd
39,Clothing Manufacturer SDF,1,info@sdfltd.com,,https://www.google-analytics.com; https://www.google.com; http://intelligence.ethicalfashionforum.com,1998,1000+,https://www.commonobjective.co/clothing-manufacturer-sdf
39,Myshirt Lda,1,gil@myshirt.pt,+351253099500,https://www.google-analytics.com; https://www.google.com; http://intelligence.ethicalfashionforum.com,2015,10-49,https://www.commonobjective.co/myshirt-lda
39,sackito,1,maria@sackito.co.uk,,https://www.google-analytics.com; https://www.google.com; http://www.sackito.co.uk,2020,1-4,https://www.commonobjective.co/sackito-1
39,Jackets Play Online Shopping Web Store,1,wesleysnipes635@gmail.com,,https://www.google-analytics.com; https://www.google.com; http://intelligence.ethicalfashionforum.com,2010,50-249,https://www.commonobjective.co/jackets-play-online-shopping-web-store
39,ZETWERK MANUFACTURING BUSINESSES PRIVATE LIMITED,1,pramodkumar.n@zetwerk.in,,http://www.zetwerk.com; https://www.google-analytics.com; https://www.google.com,2016,1000+,https://www.commonobjective.co/zetwerk-manufacturing-businesses-private-limited
39,Sonas Mór Jewellery,1,etphonehome@doctors.org.uk,,https://www.google-analytics.com; https://www.google.com; http://intelligence.ethicalfashionforum.com,,1-4,https://www.commonobjective.co/sonas-mor-jewellery
39,Haus of Paint,1,gina@whatsinthebox.co.uk,,http://www.hausofpaint.com; https://www.google-analytics.com; https://www.google.com,2020,1-4,https://www.commonobjective.co/haus-of-paint
39,The Cotton Textile Company Limited,1,jackie@thecottontextilecompany.co.uk,01277714888,https://www.google-analytics.com; https://www.google.com; http://intelligence.ethicalfashionforum.com,2013,,https://www.commonobjective.co/the-cotton-textile-company-limited
39,IHF Apparels,1,pravin.ihf15@gmail.com,,https://www.google-analytics.com; http://www.immanuelhouseoffashion.com; https://www.google.com,2015,1-4,https://www.commonobjective.co/ihf-apparels
39,The Good Gift,1,suhas@thegoodgift.shop,,https://www.google-analytics.com; https://www.google.com; http://intelligence.ethicalfashionforum.com,,50-249,https://www.commonobjective.co/the-good-gift
39,Clothing Manufacturers SDF,1,info@sdfltd.com,,https://www.google-analytics.com; https://www.google.com; http://intelligence.ethicalfashionforum.com,1998,1000+,https://www.commonobjective.co/clothing-manufacturers-sdf
39,Beberavi Collections inc,1,siamanda@beberavi.com,+19173409298,https://www.google-analytics.com; https://www.google.com; http://intelligence.ethicalfashionforum.com,2008,50-249,https://www.commonobjective.co/beberavi-collections-inc
39,Manifutura,1,melody.sustainable.fashion@gmail.com,+90 5385971140,www.manifutura.com; https://www.google-analytics.com; https://www.google.com,,,https://www.commonobjective.co/manifutura
40,United Artisans of Kutch,1,Unitedartisansofkutch@gmail.com,+919327054172,https://www.google-analytics.com; https://www.google.com; http://intelligence.ethicalfashionforum.com,,,https://www.commonobjective.co/united-artisans-of-kutch
40,aftc,1,doufenerachid@gmail.com,,https://www.google-analytics.com; https://www.google.com; http://intelligence.ethicalfashionforum.com,,5-9,https://www.commonobjective.co/aftc
40,Direct To Source,1,holli@DirecToSource.com,+19705912116,https://www.google-analytics.com; http://www.DirecToSource.com; https://www.google.com,2016,50-249,https://www.commonobjective.co/direct-to-source-1
40,Denim Revolutions,1,jordan.smith@denimrevolutions.com,,https://www.google-analytics.com; https://www.google.com; http://intelligence.ethicalfashionforum.com,2017,5-9,https://www.commonobjective.co/denim-revolutions
40,Madison & Olivia,1,charlieifrah@gmail.com,,https://www.google-analytics.com; https://www.google.com; http://intelligence.ethicalfashionforum.com,2020,1-4,https://www.commonobjective.co/madison-olivia
40,Karpasa Nepal Private Limited,1,rowheattt@gmail.com,+9779841691897,https://www.google-analytics.com; www.karpasanepal.com; https://www.google.com,2020,50-249,https://www.commonobjective.co/karpasa-nepal-private-limited
40,Xinterra,1,kim.tham@xinterra.tech,,www.youtube.com; https://www.google-analytics.com; https://www.google.com,,10-49,https://www.commonobjective.co/xinterra
40,Sudoc,1,bsteinbach@sudoc.com,,http://www.neatH2O.com; https://www.google-analytics.com; https://www.google.com,2020,5-9,https://www.commonobjective.co/sudoc
40,Jiro International,1,kushal@jiro.co.in,,https://www.google-analytics.com; https://www.google.com; http://intelligence.ethicalfashionforum.com,2020,1-4,https://www.commonobjective.co/jiro-international
40,Natural Materials Unlimited,1,sallen@ultrasys.net,,https://www.google-analytics.com; https://www.google.com; http://intelligence.ethicalfashionforum.com,,,https://www.commonobjective.co/natural-materials-unlimited
40,Quanto Agroworld Private Limited,1,info@quantoagro.com,,https://www.google-analytics.com; https://www.google.com; http://intelligence.ethicalfashionforum.com,2018,50-249,https://www.commonobjective.co/quanto-agroworld-private-limited
40,Scraveck Studio,1,monika@scraveck.com,,https://www.google-analytics.com; https://www.google.com; http://intelligence.ethicalfashionforum.com,,,https://www.commonobjective.co/scraveck-studio
40,Dahlia Textiles,1,ecorches@gmail.com,+31611849779,https://www.google-analytics.com; https://www.google.com; http://intelligence.ethicalfashionforum.com,2020,1-4,https://www.commonobjective.co/dahlia-textiles
40,Nyguard 2A SpA,1,mosso@2aspa.com,+390114516411,https://www.google-analytics.com; http://www.w3.org; https://www.google.com,1973,250-999,https://www.commonobjective.co/nyguard-2a-spa
40,Dear Silver Stars,0,,,https://www.google-analytics.com; https://www.google.com; http://intelligence.ethicalfashionforum.com,,1-4,https://www.commonobjective.co/dear-silver-stars
40,Akalroop,1,tarunat@gmail.com,,https://www.google-analytics.com; https://www.google.com; http://intelligence.ethicalfashionforum.com,,,https://www.commonobjective.co/akalroop
40,Khushi Kantha (Happy Blanket),1,laura.gisby.rana@googlemail.com,,https://www.google-analytics.com; https://www.google.com; http://intelligence.ethicalfashionforum.com,2020,5-9,https://www.commonobjective.co/khushi-kantha-happy-blanket
40,Win-Win Textiles India Pvt. Ltd,0,,,https://www.google-analytics.com; https://www.google.com; http://intelligence.ethicalfashionforum.com,2012,1-4,https://www.commonobjective.co/win-win-textiles-india-pvt-ltd
40,Silk Designs,1,zezta13@gmail.com,+919986282714,https://www.google-analytics.com; https://www.google.com; http://intelligence.ethicalfashionforum.com,1985,5-9,https://www.commonobjective.co/silk-designs
40,Direct To Source,1,holli@DirecToSource.com,+19705912116,https://www.google-analytics.com; http://www.DirecToSource.com; https://www.google.com,2016,50-249,https://www.commonobjective.co/direct-to-source
41,Foundation for the Realization of Economic Empowerment - FREE,1,office@free-zambia.org,,https://www.google-analytics.com; http://www.free-zambia.org; www.free-zambia.org,2010,1-4,https://www.commonobjective.co/foundation-for-the-realization-of-economic-empowerment-free
41,Bespoke Textiles,1,katie@bespoketextiles.co.uk,+44 7855764984,http://www.bespoketextiles.co.uk; https://www.google-analytics.com; https://www.google.com,,,https://www.commonobjective.co/bespoke-textiles
41,Constrvctor,1,gudovamasha@gmail.com,,https://www.google-analytics.com; https://www.google.com; http://intelligence.ethicalfashionforum.com,2012,1-4,https://www.commonobjective.co/constrvctor
41,Doves Fabric,1,lorraine@shopdoves.com,,https://www.google-analytics.com; http://dovesfabric.com; https://www.google.com,,1-4,https://www.commonobjective.co/dovesfabric
41,"Bike Kitty, LLC",1,laura.tex@gmail.com,,https://www.google-analytics.com; https://www.google.com; http://intelligence.ethicalfashionforum.com,2020,1-4,https://www.commonobjective.co/bike-kitty-llc
41,Jillmichelle Artwear,1,jill_martinez@mac.com,,https://www.google-analytics.com; https://www.google.com; http://intelligence.ethicalfashionforum.com,,1-4,https://www.commonobjective.co/jillmichelle-artwear
41,MIL Style Ltd,1,ivankavrakov96@gmail.com,,https://www.google-analytics.com; https://www.google.com; http://intelligence.ethicalfashionforum.com,2019,1-4,https://www.commonobjective.co/mil-style-ltd
41,Craftisaans,1,sanjaymiskin.nid@gmail.com,,https://www.google-analytics.com; https://www.google.com; www.craftisaans.com,2018,,https://www.commonobjective.co/craftisaans
41,Pomegranate Seeds,1,nimzibb@gmail.com,03111842527,https://www.google-analytics.com; https://www.google.com; http://intelligence.ethicalfashionforum.com,2020,10-49,https://www.commonobjective.co/pomegranate-seeds-1
41,KAD Production,2,kadproductioninc@gmail.com; KM@KADPRODUCTION.COM,,https://www.google-analytics.com; https://www.google.com; http://intelligence.ethicalfashionforum.com,2020,1-4,https://www.commonobjective.co/kad-production
41,Waste Studio,1,waleed@waste.studio,,https://www.google-analytics.com; http://www.w3.org; https://www.google.com,2006,10-49,https://www.commonobjective.co/waste-studio
41,HDIF Trading LLC,1,hdifarmenia@gmail.com,,https://www.google-analytics.com; https://www.google.com; http://intelligence.ethicalfashionforum.com,2013,5-9,https://www.commonobjective.co/hdif-trading-llc
41,Compass Labels and Print Ltd,1,kassim@compasslabels.co.uk,,https://www.google-analytics.com; http://compasslabels.co.uk; https://www.google.com,1987,10-49,https://www.commonobjective.co/compass-labels-and-print-ltd
41,Sakshi International Pvt Ltd,1,sakshiintpl@gmail.com,,https://www.google-analytics.com; https://www.google.com; http://intelligence.ethicalfashionforum.com,2015,5-9,https://www.commonobjective.co/sakshi-international-pvt-ltd
41,YKK Asia,1,wilsonlauren059@gmail.com,,https://www.google-analytics.com; http://ykkasia.com; https://www.google.com,1959,,https://www.commonobjective.co/ykk-asia
41,Acatel - Acabamentos Têxteis S.A.,1,csoares@impetus.pt,,https://www.google-analytics.com; https://www.google.com; http://intelligence.ethicalfashionforum.com,1985,50-249,https://www.commonobjective.co/acatel-acabamentos-texteis-s-a-1
41,Zega Apparel,1,andrewstraus31@gmail.com,,https://www.google-analytics.com; https://www.google.com; http://intelligence.ethicalfashionforum.com,2012,10-49,https://www.commonobjective.co/zega-apparel
41,Wildish,1,ryan@wildish.io,+91 9765117708,https://www.google-analytics.com; https://www.google.com; http://intelligence.ethicalfashionforum.com,2019,1-4,https://www.commonobjective.co/wildish
41,Buy Oval Diamond,1,ovvaldiammonds@gmail.com,,https://www.google-analytics.com; http://vjayantilal.com; https://www.google.com,1991,1000+,https://www.commonobjective.co/buy-oval-diamond
41,Isli and tisli,1,moroccanart2021@gmail.com,,https://www.google-analytics.com; https://www.google.com; http://Islitisli.com,2020,5-9,https://www.commonobjective.co/isli-and-tisli
42,MahiModa,1,sunita@mahi.moda,+917525023990,https://www.google-analytics.com; https://www.google.com; http://intelligence.ethicalfashionforum.com,,,https://www.commonobjective.co/mahimoda
42,Candle boxes,1,floorsusainc2016@gmail.com,,https://www.google-analytics.com; https://www.google.com; http://intelligence.ethicalfashionforum.com,2020,10-49,https://www.commonobjective.co/candle-boxes-1
42,@muta.wear by taikensonzai LLP,1,muta.wear@gmail.com,,https://www.google-analytics.com; https://www.google.com; http://intelligence.ethicalfashionforum.com,,,https://www.commonobjective.co/muta-wear-by-taikensonzai-llp
42,Envopap Limited,1,nilesh@envopap.com,07809747351,https://www.google-analytics.com; http://www.envopap.com; https://www.google.com,2015,,https://www.commonobjective.co/envopap-limited
42,Rehoboth Resources,1,kwesik89@yahoo.com,,https://www.google-analytics.com; https://www.google.com; http://intelligence.ethicalfashionforum.com,,,https://www.commonobjective.co/rehoboth-resources
42,weiguowang,1,weiguowang66@gmail.com,,https://www.google-analytics.com; https://www.google.com; http://intelligence.ethicalfashionforum.com,,1-4,https://www.commonobjective.co/weiguowang
42,Sonix - Textiles Professionals,1,sc@sonix.pt,,https://www.google-analytics.com; https://www.google.com; http://intelligence.ethicalfashionforum.com,1966,250-999,https://www.commonobjective.co/sonix-textiles-professionals
42,Swahlee Textiles and Apparel Private Limited,1,AndreaLStokes@gmail.com,,https://www.google-analytics.com; https://www.google.com; http://intelligence.ethicalfashionforum.com,2018,,https://www.commonobjective.co/swahlee-textiles-and-apparel-private-limited
42,Paz Textiles,1,store.amazon@paztextiles.com,,https://www.google-analytics.com; https://www.google.com; http://intelligence.ethicalfashionforum.com,1993,10-49,https://www.commonobjective.co/paz-textiles-1
42,MANJEEN Handicrafts,1,office@manjeen.org,,https://www.google-analytics.com; https://www.google.com; http://intelligence.ethicalfashionforum.com,2005,5-9,https://www.commonobjective.co/manjeen-handicrafts
42,RE.TRAMA,1,liviaadecastro@gmail.com,,https://www.google-analytics.com; https://www.google.com; http://intelligence.ethicalfashionforum.com,,,https://www.commonobjective.co/re-trama
42,KHALOOM,1,malini@khaloom.com,,https://www.google-analytics.com; https://www.google.com; http://intelligence.ethicalfashionforum.com,,,https://www.commonobjective.co/khaloom
42,Modelsbank,1,modelsbankagency@gmail.com,+91 9167862594,http://www.modelsbank.in; https://www.google-analytics.com; https://www.google.com,,,https://www.commonobjective.co/modelsbank
42,HILOS,1,purchasing@hilos.co,,https://www.google-analytics.com; https://www.google.com; http://intelligence.ethicalfashionforum.com,2019,,https://www.commonobjective.co/hilos
42,Trayecto Sourcing,1,crystal.orraca@gmail.com,,https://www.google-analytics.com; https://www.google.com; http://intelligence.ethicalfashionforum.com,2020,1-4,https://www.commonobjective.co/trayecto-sourcing
42,NO TOXIC,1,sr@notoxic.in,,https://www.google-analytics.com; https://www.google.com; http://intelligence.ethicalfashionforum.com,,10-49,https://www.commonobjective.co/no-toxic
42,SNUCS,1,snucs.info@gmail.com,,https://www.google-analytics.com; https://www.google.com; http://intelligence.ethicalfashionforum.com,2020,,https://www.commonobjective.co/snucs
42,Ever Dye,1,sarah@everdye.fr,,https://www.google-analytics.com; www.everdye.fr; https://www.google.com,,10-49,https://www.commonobjective.co/ever-dye
42,Rwenzori Sustainable Trade Center,1,kmadear@gmail.com,+256774879857,https://www.google-analytics.com; https://www.google.com; http://intelligence.ethicalfashionforum.com,2015,5-9,https://www.commonobjective.co/rwenzori-sustainable-trade-center
42,Gursaz Fashion,1,khannacaq@gmail.com,+91 9717699255,https://www.google-analytics.com; https://www.google.com; http://intelligence.ethicalfashionforum.com,2020,50-249,https://www.commonobjective.co/gursaz-fashion
43,VICTORIA GRACE FASHION,1,jennifer.roenne@gmail.com,,http://www.victoriagracefashion.com; https://www.google-analytics.com; https://www.google.com,2015,1-4,https://www.commonobjective.co/victoria-grace-fashion
43,Fashion HUB SSLC,1,livia@amoni.ro,+40722285181,https://www.google-analytics.com; https://www.google.com; http://intelligence.ethicalfashionforum.com,2010,10-49,https://www.commonobjective.co/fashion-hub-sslc
43,Renegade Plastics,1,curran@renegadeplastics.com,,https://www.google-analytics.com; https://www.google.com; http://intelligence.ethicalfashionforum.com,2020,,https://www.commonobjective.co/renegade-plastics
43,ECOM Agroindustrial Corp. Ltd,1,gabriela.lozano@ecomtrading.com,,https://www.google-analytics.com; https://www.google.com; http://intelligence.ethicalfashionforum.com,1850,1000+,https://www.commonobjective.co/ecom-agroindustrial-corp-ltd
43,ARSHYS,1,info@arshys.com,+971505868584,https://cdn.segment.com; https://www.google-analytics.com; http://www.arshys.com,2020,,https://www.commonobjective.co/arshys
43,SHOHOJOGITA,1,shojugi@gmail.com,,www.shohojogita.org; https://www.google-analytics.com; http://www.shohojogita.org,2005,10-49,https://www.commonobjective.co/shohojogita
43,Claramos,1,info@claramos.com,,http://claramos.com; https://www.google-analytics.com; https://www.google.com,2007,1-4,https://www.commonobjective.co/claramos
43,studioloor,1,silverloordesigns@yahoo.com,,https://www.google-analytics.com; https://www.google.com; http://intelligence.ethicalfashionforum.com,2005,1-4,https://www.commonobjective.co/studioloor
43,Imago,1,hellolunadelsur@gmail.com,,https://www.google-analytics.com; https://www.google.com; http://intelligence.ethicalfashionforum.com,,1-4,https://www.commonobjective.co/imago
43,"Sunny Special Dyeing & Finishing Co., Ltd.",1,sarah@sunnytex.com.tw,,https://www.google-analytics.com; http://www.w3.org; https://www.google.com,1984,50-249,https://www.commonobjective.co/sunny-special-dyeing-finishing-co-ltd
43,Purse for the People,1,cmurphy@purseforthepeople.com,,https://www.google-analytics.com; https://www.google.com; http://intelligence.ethicalfashionforum.com,,,https://www.commonobjective.co/purse-for-the-people
43,The Green Label,1,seerat@thegreenlabel.co.uk,,https://www.google-analytics.com; https://www.google.com; http://intelligence.ethicalfashionforum.com,2020,,https://www.commonobjective.co/the-green-label
43,Naytra Couture,1,shagun@naytracouture.com,,https://www.google-analytics.com; https://www.google.com; http://intelligence.ethicalfashionforum.com,2020,1-4,https://www.commonobjective.co/naytra-couture-1
43,sheer by nature,1,johannaproudlove@gmail.com,07766052644,https://www.google-analytics.com; https://www.google.com; http://www.sheerbynature.com,,1-4,https://www.commonobjective.co/sheer-by-nature-1
43,Bioleather,1,priteshmistry67@gmail.com,+918087153266,https://www.google-analytics.com; https://www.google.com; http://intelligence.ethicalfashionforum.com,2019,1-4,https://www.commonobjective.co/bioleather
43,Bella and Frank,1,design@bellaandfrank.co.uk,,https://www.google-analytics.com; https://www.google.com; www.bellaandfrank.co.uk,,,https://www.commonobjective.co/bella-and-frank
43,GENESIS,1,hennigarj@vcu.edu,,https://www.google-analytics.com; https://www.google.com; http://intelligence.ethicalfashionforum.com,2018,1-4,https://www.commonobjective.co/genesis
43,Tittup Consulting Lda,1,jorge@tittup.com.pt,,https://www.google-analytics.com; https://www.google.com; http://intelligence.ethicalfashionforum.com,2010,1-4,https://www.commonobjective.co/tittup-consulting-lda
43,Samkia Enterprises,1,shivani@samkia.co.in,,https://www.google-analytics.com; https://www.google.com; http://intelligence.ethicalfashionforum.com,2015,50-249,https://www.commonobjective.co/samkia-enterprises
43,Yami Gemstone lab & Exports Ltd,1,yagle6097@gmail.com,+265999600972,https://www.google-analytics.com; https://www.google.com; http://intelligence.ethicalfashionforum.com,2018,10-49,https://www.commonobjective.co/yami-gemstone-lab-exports-ltd
44,Organic Textile Company,1,enquiries@organiccotton.biz,01654700002,https://www.google-analytics.com; https://www.google.com; http://intelligence.ethicalfashionforum.com,,,https://www.commonobjective.co/organic-textile-company-1
44,saurashtra impex,1,houseofkoshi@gmail.com,,https://www.google-analytics.com; https://www.google.com; http://intelligence.ethicalfashionforum.com,1990,50-249,https://www.commonobjective.co/saurashtra-impex
44,IndoWeave,1,divyarishi@gmail.com,+918779294473,www.google.com; https://www.googletagmanager.com; https://s.pointerpro.com,2018,10-49,https://www.commonobjective.co/indoweave
44,GION,1,martoneszti@yahoo.com,,www.gion.hu; https://www.google-analytics.com; https://www.google.com,1979,,https://www.commonobjective.co/gion
44,IRIS srl,1,chiara.iurlaro@irissrl.eu,+390113582147,http://www.irissrl.eu; https://www.google-analytics.com; https://www.google.com,2012,,https://www.commonobjective.co/iris-srl
44,Freelance Production Manager / Buyer,1,sofiaseruya@gmail.com,,https://www.google-analytics.com; https://www.google.com; http://intelligence.ethicalfashionforum.com,2020,,https://www.commonobjective.co/freelance-production-manager-buyer
44,SOYAL SONS Trims Manufacturer Pakistan,1,soyal_salman@live.com,+923212704167,https://www.google-analytics.com; https://www.google.com; http://www.soyalsons.com,2015,50-249,https://www.commonobjective.co/soyal-sons-trims-manufacturer-pakistan
44,Stampa Prints,1,jackpatrick399@gmail.com,,https://www.google-analytics.com; https://www.google.com; http://intelligence.ethicalfashionforum.com,1850,1000+,https://www.commonobjective.co/stampa-prints-1
44,Kintra Fibers,1,billy@kintrafibers.com,,https://www.google-analytics.com; https://www.google.com; http://intelligence.ethicalfashionforum.com,2018,,https://www.commonobjective.co/kintra-fibers
44,AltMat,1,project@altmat.in,,https://www.google-analytics.com; https://www.google.com; www.altmat.in,2019,10-49,https://www.commonobjective.co/altmat
44,Fiberlink,1,cesare@cleanoceantechnology.us,+393495835170,https://cdn.segment.com; https://www.google-analytics.com; https://www.google.com,2020,1-4,https://www.commonobjective.co/fiberlink
44,Slow Factory Labs Co,1,celine@slowfactory.com,,https://www.google-analytics.com; https://www.google.com; http://intelligence.ethicalfashionforum.com,,,https://www.commonobjective.co/slow-factory-labs-co
44,AN Herbals - Advantage Nature,1,advantagenature@hotmail.com,+91 9811108402,http://www.advantagenature.com; https://www.google-analytics.com; https://www.google.com,2019,5-9,https://www.commonobjective.co/an-herbals-advantage-nature
44,Xeros,1,Emily.axten@xerostech.com,,https://www.google-analytics.com; https://www.google.com; http://intelligence.ethicalfashionforum.com,,10-49,https://www.commonobjective.co/xeros
44,DELFINA,1,dfinav@gmail.com,,https://www.google-analytics.com; https://www.google.com; http://intelligence.ethicalfashionforum.com,2020,1-4,https://www.commonobjective.co/delfina
44,Ninawa Zero Waste Clothes,1,ninawa.fashion@gmail.com,,https://www.google-analytics.com; https://www.google.com; http://intelligence.ethicalfashionforum.com,2019,1-4,https://www.commonobjective.co/ninawa-zero-waste-clothes
44,Zoom Zipper,1,marianne@knoglobal.com,,www.zoomzipper.com; www.google.com; https://www.googletagmanager.com,,250-999,https://www.commonobjective.co/zoom-zipper
44,Nano Textile Solutions AB,1,info@nanotextile.se,+46762075487,https://cdn.segment.com; https://www.google-analytics.com; https://www.google.com,2019,1-4,https://www.commonobjective.co/nano-textile-solutions-ab
44,IBA Exports,1,sales@ibaexports.co,+923330953504,https://www.google-analytics.com; https://www.google.com; http://intelligence.ethicalfashionforum.com,2017,10-49,https://www.commonobjective.co/iba-exports
44,CFB create fashion brand textil unip lda,1,vicente@createfashionbrand.com,,https://www.google-analytics.com; https://www.google.com; http://intelligence.ethicalfashionforum.com,1989,50-249,https://www.commonobjective.co/cfb-create-fashion-brand-textil-unip-lda
45,Koozee Crazee,1,koozeecrazee.info@gmail.com,,https://www.google-analytics.com; https://www.google.com; http://intelligence.ethicalfashionforum.com,2019,10-49,https://www.commonobjective.co/koozee-crazee-3
45,NEFFA | New Fashion Factory & MycoTEX,1,aniela@neffa.nl,,https://www.google-analytics.com; http://www.w3.org; https://www.google.com,,,https://www.commonobjective.co/neffa-new-fashion-factory
45,NORMN Hangers,1,carine.middeldorp@normanhangers.com,,https://www.google-analytics.com; https://www.google.com; http://intelligence.ethicalfashionforum.com,,,https://www.commonobjective.co/normn-hangers
45,ON SCREEN,1,joy@jm-london.com,,https://www.google-analytics.com; https://www.google.com; http://intelligence.ethicalfashionforum.com,,,https://www.commonobjective.co/on-screen
45,Seam Apparel,1,donaldharden422@gmail.com,,https://www.google-analytics.com; http://seamapparel.com; https://www.google.com,2020,10-49,https://www.commonobjective.co/seam-apparel
45,McLean & Co.,1,hello@mcleanandco.nz,,https://www.google-analytics.com; https://www.google.com; http://intelligence.ethicalfashionforum.com,2015,1-4,https://www.commonobjective.co/mclean-co
45,Amphibio,1,c.miller@amphibio.co,,https://www.google-analytics.com; www.amphibio.co; https://www.google.com,2018,5-9,https://www.commonobjective.co/amphibio
45,Sackito,1,info@sackito.com,+44 07967185070; 07967185070,https://www.google-analytics.com; https://www.google.com; http://www.sackito.co.uk,2020,1-4,https://www.commonobjective.co/sackito
45,W'air Sustainable Clothing Care Ltd,1,jonny.hewlett@pilotliteventures.com,07535659584,www.google.com; https://www.googletagmanager.com; https://s.pointerpro.com,2019,5-9,https://www.commonobjective.co/w-air-sustainable-clothing-care-ltd
45,LS SPORTING WEAR,1,nazirqasim298@gmail.com,,https://www.google-analytics.com; https://www.google.com; http://intelligence.ethicalfashionforum.com,2019,5-9,https://www.commonobjective.co/ls-sporting-wear
45,Tailstyle,1,seoonlineclass1@gmail.com,,http://tailstyle.com; https://www.google-analytics.com; https://www.google.com,2010,1000+,https://www.commonobjective.co/tailstyle
45,Leathercoins,1,mercedessaravia.accesorios@gmail.com.ar,,https://www.google-analytics.com; https://www.google.com; http://intelligence.ethicalfashionforum.com,2009,5-9,https://www.commonobjective.co/leathercoins
45,BARK CLOTH (Uganda) Ltd.   ///   BARK CLOTH_europe,1,barkcloth@barkcloth.de,,https://www.google-analytics.com; https://www.google.com; www.barktex.com,1999,10-49,https://www.commonobjective.co/bark-cloth-uganda-ltd-bark-cloth-europe
45,Calasdesigne,1,calasdesigne@gmail.com,,www.calasdesigne.com; https://www.google-analytics.com; https://www.google.com,2019,1-4,https://www.commonobjective.co/calasdesigne
45,VIVUYA,1,meni.mbugha@gmail.com,08092801390,https://www.google-analytics.com; https://www.google.com; http://intelligence.ethicalfashionforum.com,,,https://www.commonobjective.co/vivuya
45,JUMAC Manufacturing,1,cansjumac@gmail.com,,https://www.google-analytics.com; https://www.google.com; http://intelligence.ethicalfashionforum.com,1974,,https://www.commonobjective.co/jumac-manufacturing
45,VISHH,1,isha@vishh.com,+91 9920158451,https://www.google-analytics.com; https://www.google.com; http://intelligence.ethicalfashionforum.com,2017,,https://www.commonobjective.co/vishh
45,Promise Bags,1,info@promisebags.com,09490339898,https://www.google-analytics.com; https://www.google.com; http://intelligence.ethicalfashionforum.com,2015,10-49,https://www.commonobjective.co/promise-bags
45,"House of Noorie, Assam",1,houseofnoorie@gmail.com,+918910901943,https://www.google-analytics.com; https://www.google.com; http://intelligence.ethicalfashionforum.com,2020,,https://www.commonobjective.co/house-of-noorie-assam
45,Weftberry Fabric,1,info@weftberry.com,+917595095980,https://www.google-analytics.com; https://www.google.com; http://intelligence.ethicalfashionforum.com,2020,50-249,https://www.commonobjective.co/weftberry-fabric
46,Purple Moose Sock Company,1,kevin@purplemoosesocks.ca,,https://www.google-analytics.com; https://www.google.com; http://intelligence.ethicalfashionforum.com,2014,1-4,https://www.commonobjective.co/purple-moose-sock-company
46,Casa Textil,1,benmeasures@gmail.com,,https://www.google-analytics.com; https://www.google.com; http://intelligence.ethicalfashionforum.com,2014,10-49,https://www.commonobjective.co/casa-textil
46,Asix,1,reach.asix@gmail.com,+8801730007788,https://www.google-analytics.com; https://www.google.com; http://intelligence.ethicalfashionforum.com,2013,50-249,https://www.commonobjective.co/asix
46,The NoName Company,1,pankaj@nonameglobal.com,,https://www.google-analytics.com; https://www.google.com; http://intelligence.ethicalfashionforum.com,2018,10-49,https://www.commonobjective.co/the-noname-company
46,Creative Handicrafts,1,johnyjoseph@creativehandicrafts.org,09821255008,https://www.google-analytics.com; https://www.google.com; http://intelligence.ethicalfashionforum.com,1994,250-999,https://www.commonobjective.co/creative-handicrafts
46,Konceito.r,1,cristina.ipg@gmail.com,,https://www.google-analytics.com; https://www.google.com; http://intelligence.ethicalfashionforum.com,2011,1-4,https://www.commonobjective.co/konceito-r
46,Bosida Knit Ltd,1,mac.chen00@gmail.com,,https://www.google-analytics.com; https://www.google.com; http://intelligence.ethicalfashionforum.com,1992,50-249,https://www.commonobjective.co/bosida-knit-ltd
46,"Fujian Baichuan Resources Recycling Science & Technology Co., Ltd.",1,chloewangsbl@fjbaichuan.com,+86 15106081967,https://www.google-analytics.com; https://www.google.com; http://www.bcrtex.com,1994,50-249,https://www.commonobjective.co/fujian-baichuan-resources-recycling-science-technology-co-ltd-1
46,Atelier termaji,0,,,https://www.google-analytics.com; https://www.google.com; http://intelligence.ethicalfashionforum.com,,1-4,https://www.commonobjective.co/atelier-termaji
46,B.HADARI,1,yoav@yhadari.com,+447547340900,https://www.google-analytics.com; https://www.google.com; http://intelligence.ethicalfashionforum.com,,,https://www.commonobjective.co/b-hadari
46,Versatile Creation Ltd,1,mdmonirulislammonir@gmail.com,+8801743762978,https://www.google-analytics.com; http://www.vclbd.net; https://www.google.com,2014,50-249,https://www.commonobjective.co/versatile-creation-ltd
46,Studio Kühü,1,mariana@studiokuhu.com,,https://www.google-analytics.com; https://www.google.com; http://intelligence.ethicalfashionforum.com,2019,1-4,https://www.commonobjective.co/studio-kuhu
46,Sunman Export,1,seda@sunmanexport.com,,https://www.google-analytics.com; https://www.google.com; http://intelligence.ethicalfashionforum.com,2016,,https://www.commonobjective.co/sunman-export
46,Mancmade Ltd,1,nattysewandsew@gmail.com,,https://www.google-analytics.com; https://www.google.com; http://intelligence.ethicalfashionforum.com,,,https://www.commonobjective.co/mancmade-ltd
46,PLNTmatter,1,amanda@ettitude.com,,https://www.google-analytics.com; https://www.google.com; http://intelligence.ethicalfashionforum.com,2014,1-4,https://www.commonobjective.co/into-senses
46,PSG Textile,1,geethachandrasekar97@gmail.com,,https://www.google-analytics.com; https://www.google.com; http://intelligence.ethicalfashionforum.com,2015,50-249,https://www.commonobjective.co/psg-textile
46,Autremode,1,diana.porta@live.com,+524773942073,https://www.google-analytics.com; https://www.google.com; http://intelligence.ethicalfashionforum.com,2020,5-9,https://www.commonobjective.co/autremode
46,"BeWave Sustainable Trading Co., Ltd.",1,cyrine@bewavetrading.com,,https://www.google-analytics.com; https://www.google.com; http://intelligence.ethicalfashionforum.com,,,https://www.commonobjective.co/bewave-sustainable-trading-co-ltd
46,Tuscarora Mills Natural Fiber Fabric,1,tuscamills@gmail.com,,https://www.google-analytics.com; https://www.google.com; http://www.tuscaroramills.com,2020,,https://www.commonobjective.co/tuscarora-mills-natural-fiber-fabric
46,Fara Leia,1,hello@faraleia.com,,https://www.google-analytics.com; https://www.google.com; http://intelligence.ethicalfashionforum.com,2020,1-4,https://www.commonobjective.co/fara-leia
47,Fernweh UK,1,fernwehuk@gmail.com,,https://www.google-analytics.com; https://www.google.com; http://intelligence.ethicalfashionforum.com,2014,1-4,https://www.commonobjective.co/fernweh-uk
47,Maru Jewlery,1,marszbali@gmail.com,+628113853229,https://www.google-analytics.com; https://www.google.com; http://Marubali.com,2004,5-9,https://www.commonobjective.co/maru-jewlery
47,KOUA STUDIO,0,,,https://www.google-analytics.com; https://www.google.com; http://intelligence.ethicalfashionforum.com,2020,5-9,https://www.commonobjective.co/koua-studio
47,Thai Design Distributors,1,info@thaidesignuk.com,,www.thaidesignuk.com; https://www.google-analytics.com; http://www.thaidesignuk.com,1975,,https://www.commonobjective.co/thai-design-distributors-2
47,MIA DASTKAAR ZARIWALE PVT LTD,1,mnlari2011@gmail.com,,www.indiamart.com; www.google.com; https://www.googletagmanager.com,2007,10-49,https://www.commonobjective.co/mia-dastkaar-zariwale-pvt-ltd
47,RITHAM EXPORTS,1,azureind@gmail.com,+919945067872,www.youtube.com; https://www.google-analytics.com; https://www.google.com,2005,250-999,https://www.commonobjective.co/ritham-exports
47,re-UP,1,jessica.r.wedding@gmail.com,,www.reupbags.com; https://www.google-analytics.com; https://www.google.com,,,https://www.commonobjective.co/re-up
47,R2F Limited,1,gauravhkg@gmail.com,,http://www.r2flimited.com; https://www.google-analytics.com; https://www.google.com,,,https://www.commonobjective.co/r2f-limited
47,Poppy Hawk,1,cperry2772@gmail.com,,https://www.google-analytics.com; https://www.google.com; http://intelligence.ethicalfashionforum.com,,1-4,https://www.commonobjective.co/poppy-hawk
47,Wild Purple,1,thewildpurple@gmail.com,,https://www.google-analytics.com; https://www.google.com; http://intelligence.ethicalfashionforum.com,2015,1-4,https://www.commonobjective.co/wild-purple
47,Redress Laboratory,1,Infoaudadesignsite@gmail.com,07415282148,https://www.google-analytics.com; https://www.google.com; http://intelligence.ethicalfashionforum.com,,1-4,https://www.commonobjective.co/redress-laboratory
47,Marsh&Moor,1,mariaiulia.b@gmail.com,+447450752874,https://www.google-analytics.com; https://www.google.com; http://intelligence.ethicalfashionforum.com,2020,1-4,https://www.commonobjective.co/marsh-moor
47,Megan-Ilene,1,hello@megan-ilene.com,,https://www.google-analytics.com; https://www.google.com; http://intelligence.ethicalfashionforum.com,2016,,https://www.commonobjective.co/megan-ilene
47,Ma Te Sai,1,emi@matesai.com,,https://www.google-analytics.com; https://www.google.com; http://intelligence.ethicalfashionforum.com,2010,1-4,https://www.commonobjective.co/ma-te-sai
47,Punto Creativo,1,alitamachi97@gmail.com,+17868481872,https://www.google-analytics.com; https://www.google.com; www.flipsnack.com,2018,1-4,https://www.commonobjective.co/punto-creativo
47,Camban Studio,1,hello@cambanstudio.com,,https://www.google-analytics.com; https://www.google.com; http://intelligence.ethicalfashionforum.com,2018,1-4,https://www.commonobjective.co/camban-studio
47,OG,1,sazzadsaon@gmail.com,+8801746915158,https://www.google-analytics.com; https://www.google.com; http://intelligence.ethicalfashionforum.com,1994,10-49,https://www.commonobjective.co/og
47,PagaBags,1,mailloud@pagabags.com,,https://www.google-analytics.com; https://www.google.com; http://intelligence.ethicalfashionforum.com,2013,1-4,https://www.commonobjective.co/pagabags
47,Kon2re Studio,1,info@kon2re.com,+385915120056,https://www.google-analytics.com; http://www.kon2re.com; https://www.google.com,2011,1-4,https://www.commonobjective.co/kon2re-studio
47,MangoMusi,1,pirjo.eelmaa@gmail.com,+37253962646,https://www.google-analytics.com; https://www.google.com; http://intelligence.ethicalfashionforum.com,2017,1-4,https://www.commonobjective.co/mangomusi
48,How About? Lab,1,urte@janus.studio,,https://www.google-analytics.com; https://www.google.com; http://intelligence.ethicalfashionforum.com,,,https://www.commonobjective.co/how-about-lab
48,BearMade,1,oscar@bearmade.co.uk,+4407305251506,https://www.google-analytics.com; https://www.google.com; http://intelligence.ethicalfashionforum.com,2018,1-4,https://www.commonobjective.co/bearmade
48,Iris Green,1,irisgreen983@gmail.com,,https://www.google-analytics.com; https://www.rananjayexports.com; www.rananjayexports.com,2013,250-999,https://www.commonobjective.co/iris-green-2
48,Revival Jewelry Studio,1,revivaljewelrystudio@gmail.com,,https://www.google-analytics.com; http://www.w3.org; https://www.google.com,,1-4,https://www.commonobjective.co/revival-jewelry-studio
48,Falcieri Designs,1,falcieridesigns@yahoo.co.uk,,https://www.google-analytics.com; https://www.google.com; http://intelligence.ethicalfashionforum.com,2012,1-4,https://www.commonobjective.co/falcieri-designs
48,TRASHCLOTHES LLC,1,welovetrashclothes@gmail.com,,https://www.google-analytics.com; https://www.google.com; http://intelligence.ethicalfashionforum.com,2020,1-4,https://www.commonobjective.co/trashclothes-llc
48,RESTYLE by Mia,1,hello@restyle.fi,,https://www.google-analytics.com; https://www.google.com; http://intelligence.ethicalfashionforum.com,2011,1-4,https://www.commonobjective.co/restyle-by-mia
48,Nuvaa Fashions,1,logu@nuvaafashions.com,,https://www.google-analytics.com; http://www.nuvaafashions.com; https://www.google.com,,10-49,https://www.commonobjective.co/nuvaa-fashions
48,MULTILOCAL,1,laleince@gmail.com,,https://www.google-analytics.com; https://www.google.com; http://intelligence.ethicalfashionforum.com,,1-4,https://www.commonobjective.co/multilocal
48,House of Noorie,1,prerana.ch3@gmail.com,+91 8910901943,https://www.google-analytics.com; https://www.google.com; http://intelligence.ethicalfashionforum.com,2020,1-4,https://www.commonobjective.co/house-of-noorie
48,Atelier MADE HERE,1,info@ateliermadehere.nl,,https://www.google-analytics.com; https://www.google.com; http://intelligence.ethicalfashionforum.com,2018,5-9,https://www.commonobjective.co/atelier-made-here
48,PIO RIO BRANCO,1,pio@pioriobranco.com,,https://www.google-analytics.com; https://www.google.com; http://intelligence.ethicalfashionforum.com,2020,,https://www.commonobjective.co/pio-rio-branco-business
48,Vonart,1,nita@vonart.in,+919886670177,www.google.com; https://www.googletagmanager.com; https://s.pointerpro.com,2015,1-4,https://www.commonobjective.co/vonart
48,Nihilism,1,paultimchristian@hotmail.com,,https://www.google-analytics.com; https://www.google.com; http://intelligence.ethicalfashionforum.com,2004,1-4,https://www.commonobjective.co/nihilism
48,amk panama,1,artedmoda@gmail.com,,www.google.com; https://www.googletagmanager.com; https://s.pointerpro.com,2011,,https://www.commonobjective.co/amk-panama
48,Zoe Burt,1,zoeburtuk@gmail.com,,https://www.google-analytics.com; https://www.google.com; http://intelligence.ethicalfashionforum.com,,,https://www.commonobjective.co/zoe-burt-business
48,GUDU fashion,1,ykostetska@gmail.com,,https://www.google-analytics.com; https://www.google.com; http://gudu.ua,2015,10-49,https://www.commonobjective.co/gudu-fashion
48,DEEPWEAR,1,info@deepwear.info,,https://www.google-analytics.com; https://www.google.com; http://intelligence.ethicalfashionforum.com,2007,10-49,https://www.commonobjective.co/deepwear-2
48,Poeticgem International,1,Anneh@poeticgem.com,,https://www.google-analytics.com; https://www.google.com; http://intelligence.ethicalfashionforum.com,2017,10-49,https://www.commonobjective.co/poeticgem-international
48,LLêN studio,1,info@llenhembrow.co.uk,,https://www.google-analytics.com; https://www.google.com; http://intelligence.ethicalfashionforum.com,,,https://www.commonobjective.co/llen-studio
49,Goddard & Brown - The Fashion Buying & Sourcing Consultancy,2,samantha@goddardandbrown.com; kate@goddardandbrown.com,,https://www.google-analytics.com; https://www.google.com; http://intelligence.ethicalfashionforum.com,2020,1-4,https://www.commonobjective.co/goddard-brown-the-fashion-buying-sourcing-consultancy
49,SheWorks Pvt. Ltd,1,samina.sheworks@gmail.com,,https://www.google-analytics.com; https://www.google.com; http://intelligence.ethicalfashionforum.com,2020,10-49,https://www.commonobjective.co/sheworks-pvt-ltd
49,RCS Trading Company,1,rcstradingco@gmail.com,,https://www.google-analytics.com; https://www.google.com; http://intelligence.ethicalfashionforum.com,2020,,https://www.commonobjective.co/rcs-trading-company
49,Cottonpaka,1,vivonettog@gmail.com,,https://www.google-analytics.com; www.Cottonpaka.com; https://www.google.com,2019,5-9,https://www.commonobjective.co/cottonpaka
49,She's Eve,1,tanyapuncuh@gmail.com,,https://www.google-analytics.com; www.sheseve.com; https://www.google.com,2020,1-4,https://www.commonobjective.co/she-s-eve
49,Bowles Farming Company,1,cannon@elite.net,,https://www.google-analytics.com; https://www.google.com; http://intelligence.ethicalfashionforum.com,1858,50-249,https://www.commonobjective.co/bowles-farming-company
49,THE LONDON LEATHER WORHSHOP,1,melissa@thelondonleatherworkshop.com,+4407462935473,https://www.google-analytics.com; https://www.google.com; http://intelligence.ethicalfashionforum.com,,,https://www.commonobjective.co/the-london-leather-worhshop
49,Terracottarow,1,info@terracottarow.co.uk,,https://www.google-analytics.com; https://www.google.com; http://intelligence.ethicalfashionforum.com,2018,,https://www.commonobjective.co/terracottarow
49,April March Jewellery,1,hello@aprilmarchjewellery.com,,https://www.google-analytics.com; https://www.google.com; http://intelligence.ethicalfashionforum.com,2016,1-4,https://www.commonobjective.co/april-march-jewellery
49,Sophie Darling Limited,1,studio@sophiedarling.com,07866423226,https://www.google-analytics.com; http://www.sophiedarling.com; https://www.google.com,2013,5-9,https://www.commonobjective.co/sophie-darling-limited
49,Vouloir Apparel,1,harris.tahir2001@gmail.com,,https://www.google-analytics.com; https://www.google.com; http://vouloirapparel.com,2020,,https://www.commonobjective.co/vouloir-apparel
49,Lectra,1,v.fothergill@lectra.com,,https://www.google-analytics.com; https://www.google.com; http://intelligence.ethicalfashionforum.com,1973,1000+,https://www.commonobjective.co/lectra
49,Garment Sources - NPN,1,info@garmentsources.com,+905323544819,www.google.com; http://www.garmentsources.com; https://www.googletagmanager.com,2017,10-49,https://www.commonobjective.co/garment-sources-npn
49,Fairkonnect,1,rema@fairkonnect.com,,https://www.google-analytics.com; https://www.google.com; http://intelligence.ethicalfashionforum.com,2016,,https://www.commonobjective.co/fairkonnect
49,Friends Textile,1,ozgun@friendstextile.com,,https://www.google-analytics.com; http://www.friendstextile.com; https://www.google.com,2015,10-49,https://www.commonobjective.co/friends-textile
49,Refab Portugal,1,ritarodrix@gmail.com,,https://www.google-analytics.com; https://www.google.com; http://intelligence.ethicalfashionforum.com,2020,1-4,https://www.commonobjective.co/refab-portugal
49,SBS International development ltd.,1,peter@sbszipper.com.hk,,https://www.google-analytics.com; https://www.google.com; http://intelligence.ethicalfashionforum.com,1984,1000+,https://www.commonobjective.co/sbs-international-development-ltd
49,LLABB Co.,1,lane.tabb@llabb.co,,https://www.google-analytics.com; https://www.google.com; http://www.llabb.co,2019,10-49,https://www.commonobjective.co/llabb-co
49,Janne Claes,1,info@janneclaes.com,,https://www.google-analytics.com; https://www.google.com; http://www.janneclaes.com,,1-4,https://www.commonobjective.co/janne-claes-business
49,ADIDEV ORGANIC,1,adidevorganic@gmail.com,+91 7777987945,https://www.google-analytics.com; https://www.google.com; http://intelligence.ethicalfashionforum.com,2011,5-9,https://www.commonobjective.co/adidev-organic-business
50,Biophilica Ltd,1,jordan@biophilica.co.uk,,https://www.google-analytics.com; https://www.google.com; http://intelligence.ethicalfashionforum.com,2019,,https://www.commonobjective.co/biophilica-ltd
50,irm-Solution Eco Sourcing Company,0,,,https://www.google-analytics.com; https://www.google.com; http://intelligence.ethicalfashionforum.com,,,https://www.commonobjective.co/irm-solution-eco-sourcing-company
50,Vienna Textile Lab,2,elizabeth.rdzbringas@viennatextilelab.at; iva.pessoa@viennatextilelab.at,,https://www.google-analytics.com; https://www.google.com; http://intelligence.ethicalfashionforum.com,2017,,https://www.commonobjective.co/vienna-textile-lab
50,Meyburg Taschen,1,rut@meyburg.biz,+493085993776,https://www.google-analytics.com; http://meyburg.biz; https://www.google.com,2010,,https://www.commonobjective.co/meyburg-taschen
50,Bayt Lynen,1,lynn0206@hotmail.co.uk,,https://www.google-analytics.com; https://www.google.com; http://intelligence.ethicalfashionforum.com,2017,1-4,https://www.commonobjective.co/bayt-lynen
50,Ethical AfroAsia Apparel Sourcing LLC,1,prakash@ethicalaaasourcing.com,+919840410090,https://www.google-analytics.com; https://www.google.com; http://intelligence.ethicalfashionforum.com,,,https://www.commonobjective.co/ethical-afroasia-apparel-sourcing-llc
50,Dhipshi's global biobags,1,babu@globalbiobags.com,+918940121888,https://www.google-analytics.com; https://www.google.com; http://intelligence.ethicalfashionforum.com,2015,10-49,https://www.commonobjective.co/dhipshi-s-global-biobags
50,Green Worms,1,akshay@greenworms.org,+919705470575,https://www.google-analytics.com; https://www.google.com; http://intelligence.ethicalfashionforum.com,2014,50-249,https://www.commonobjective.co/green-worms
50,Manui,1,manuibrasil@gmail.com,+5511972911453,https://www.google-analytics.com; https://www.google.com; http://intelligence.ethicalfashionforum.com,2016,1-4,https://www.commonobjective.co/manui
50,SeamsFriendly LLP,1,sachin.kumar@seamsfriendly.com,09910925683,https://www.google-analytics.com; https://www.google.com; http://intelligence.ethicalfashionforum.com,2018,10-49,https://www.commonobjective.co/seamsfriendly-llp
50,Raquel Ale Jewellery Design,1,raquel@raquelale.com,,https://www.google-analytics.com; https://www.google.com; http://intelligence.ethicalfashionforum.com,,1-4,https://www.commonobjective.co/raquel-ale-jewellery-design
50,TIE Global Artisans,1,eingraham@tieinitiative.com,,http://www.tieinitiative.com; https://www.google-analytics.com; https://www.google.com,2019,1-4,https://www.commonobjective.co/tie-global-artisans
50,CECILIA ORTIZ FASHION CONSULTANT,1,ceciliaortiz84@gmail.com,,https://www.google-analytics.com; https://www.google.com; http://intelligence.ethicalfashionforum.com,2020,1-4,https://www.commonobjective.co/cecilia-ortiz-fashion-consultant
50,Moksha Lifestyle Products,1,abhi.mokshalifestyle@gmail.com,,https://www.google-analytics.com; https://www.google.com; http://mokshalifestyle.com,2005,10-49,https://www.commonobjective.co/moksha-lifestyle-products
50,Fundación Mitz,1,gerencia.digital@mitz.org.mx,,https://www.google-analytics.com; https://www.google.com; http://intelligence.ethicalfashionforum.com,,,https://www.commonobjective.co/fundacion-mitz
50,Twill Ecotex,1,twill.india@gmail.com,,https://www.google-analytics.com; https://www.google.com; http://intelligence.ethicalfashionforum.com,2020,5-9,https://www.commonobjective.co/twill-ecotex-business
50,Bowie’s Haus,1,info@bowieshaus.com,+447850047379,https://www.google-analytics.com; https://www.google.com; http://intelligence.ethicalfashionforum.com,2020,1-4,https://www.commonobjective.co/bowie-s-haus
50,Indi Maya Swimwear,1,corinnehicks@gmail.com,+14348780720,https://www.google-analytics.com; https://www.google.com; http://intelligence.ethicalfashionforum.com,2019,1-4,https://www.commonobjective.co/indi-maya-swimwear
50,O Loves M Eco Bags,1,olovesm@gmail.com,,https://www.google-analytics.com; https://www.google.com; http://intelligence.ethicalfashionforum.com,2009,,https://www.commonobjective.co/o-loves-m-eco-bags
50,Nilorn,1,christina.heines@de.nilorn.com,,http://www.nilorn.com; https://www.google-analytics.com; https://www.google.com,1977,,https://www.commonobjective.co/nilorn
51,everydayiame,1,unstablecountry@gmail.com,,https://www.google-analytics.com; https://www.google.com; http://intelligence.ethicalfashionforum.com,1990,1-4,https://www.commonobjective.co/everydayiame
51,Green Smart Shirts Ltd.,1,zahirul.islam@pds-mfg.com,+8801704166650,https://www.google-analytics.com; https://www.google.com; http://intelligence.ethicalfashionforum.com,2017,1000+,https://www.commonobjective.co/green-smart-shirts-ltd
51,Mr N Clothing Ltd,1,rizwan.haji@mrnclothing.com,+447377895894,https://www.google-analytics.com; http://www.mrnclothing.co.uk; https://www.google.com,2020,1-4,https://www.commonobjective.co/mr-n-clothing-ltd
51,Veshin Factory,1,joey@veshinfactory.com,07871399268,www.google.com; https://www.googletagmanager.com; https://s.pointerpro.com,2020,50-249,https://www.commonobjective.co/veshin-factory
51,Maxcuber india,1,maxcuberindia@gmail.com,,https://www.google-analytics.com; https://www.google.com; http://intelligence.ethicalfashionforum.com,1995,50-249,https://www.commonobjective.co/maxcuber-india
51,Chemachetu leather k,1,ewanjiku2005@yahoo.com,,https://www.google-analytics.com; https://www.google.com; http://intelligence.ethicalfashionforum.com,2020,1-4,https://www.commonobjective.co/chemachetu-leather-k
51,COZ. estudio textil,1,antonia@cozestudiotextil.com,,https://www.google-analytics.com; https://www.google.com; http://intelligence.ethicalfashionforum.com,2020,1-4,https://www.commonobjective.co/coz-estudio-textil
51,Adventures In Furniture,1,mikehussey583@gmail.com,,https://www.google-analytics.com; https://www.google.com; http://intelligence.ethicalfashionforum.com,,,https://www.commonobjective.co/adventures-in-furniture
51,PAGES VALENTI,1,josep@pagesvalenti.com,+34649395692,https://www.google-analytics.com; https://www.google.com; http://intelligence.ethicalfashionforum.com,1953,50-249,https://www.commonobjective.co/pages-valenti
51,UP-GREAT FASHION,1,shahin@up-greatfashion.com,01715909620,https://www.google-analytics.com; https://www.google.com; http://intelligence.ethicalfashionforum.com,2012,10-49,https://www.commonobjective.co/up-great-fashion
51,Aletheia,1,info@atelier-aletheia.com,+34659282838,https://www.google-analytics.com; https://www.google.com; http://intelligence.ethicalfashionforum.com,1850,1000+,https://www.commonobjective.co/aletheia
51,CARLA_M.,1,carlamatos.materialab@gmail.com,+351961444133,https://www.google-analytics.com; https://www.google.com; http://intelligence.ethicalfashionforum.com,2009,1-4,https://www.commonobjective.co/carla-m
51,Orta Anadolu,1,nonder@ortaanadolu.com,+902123153200,https://www.google-analytics.com; https://www.google.com; www.ortablu.org,1953,1000+,https://www.commonobjective.co/orta-anadolu
51,corben&lane,1,irina@corbenandlane.com,+16174075366,https://www.google-analytics.com; https://www.google.com; www.corbenandlane.com,2020,1-4,https://www.commonobjective.co/corben-lane
51,ALBA,1,Zghal.ahmed@hotmail.com,,https://www.google-analytics.com; https://www.google.com; http://intelligence.ethicalfashionforum.com,2017,10-49,https://www.commonobjective.co/alba
51,Burgaya,1,patriciaburgaya@gmail.com,,www.google.com; http://burgaya.dk; https://www.googletagmanager.com,,,https://www.commonobjective.co/burgaya
51,Pashmina.com,1,marketing@pashmina.com,,http://www.pashmina.com; https://www.google-analytics.com; https://www.google.com,2017,10-49,https://www.commonobjective.co/pashmina-com
51,Industria Maviltex S.A.S,1,subgerencia@maviltex.com.co,+573045595991,https://www.google-analytics.com; https://www.google.com; http://intelligence.ethicalfashionforum.com,2000,50-249,https://www.commonobjective.co/industria-maviltex-s-a-s
51,Creative Apparel Sourcing,1,thoufik.creativeapparelsourcing@gmail.com,,https://www.google-analytics.com; https://www.google.com; www.creativeapparelsourcing.com,2017,10-49,https://www.commonobjective.co/creative-apparel-sourcing
51,AUROMIRA EXPORTS,1,info@auromiraexports.com,,https://www.google-analytics.com; https://www.google.com; http://intelligence.ethicalfashionforum.com,2004,10-49,https://www.commonobjective.co/auromira-exports-business
52,CAVAN JAYNE,1,cavan.mcpherson@network.rca.ac.uk,07506705280,https://www.google-analytics.com; https://www.google.com; http://www.cavanjayne.com,2018,1-4,https://www.commonobjective.co/cavan-jayne
52,Maya Weaves,1,antara@mayaweaves.in,,https://www.google-analytics.com; https://www.google.com; http://intelligence.ethicalfashionforum.com,2015,1-4,https://www.commonobjective.co/maya-weaves
52,Black Cherry Fashion Development,1,terrianne@blackcherryfd.com,,https://www.google-analytics.com; https://www.google.com; http://intelligence.ethicalfashionforum.com,1999,1-4,https://www.commonobjective.co/black-cherry-fashion-development
52,Al Kilani Fabrics,1,sameerasheriff1196@gmail.com,(971) 2634930,https://www.google-analytics.com; https://www.google.com; www.alkilanifabrics.com,2009,10-49,https://www.commonobjective.co/al-kilani-fabrics
52,ApparelTASKER,1,zack@appareltasker.com,,http://www.appareltasker.com; https://www.google-analytics.com; https://www.google.com,2015,50-249,https://www.commonobjective.co/appareltasker
52,Artesanias Pachay,1,guido@artesaniaspachay.com,+593983922621,https://www.google-analytics.com; http://www.artesaniaspachay.com; https://www.google.com,2016,10-49,https://www.commonobjective.co/artesanias-pachay
52,ALWAYS TRENDIN PTY LTD,1,dinesh@alwaystrendin.com,,https://www.google-analytics.com; https://www.google.com; http://intelligence.ethicalfashionforum.com,2020,10-49,https://www.commonobjective.co/always-trendin-pty-ltd
52,Re.Verso™,0,,,https://www.google-analytics.com; https://www.google.com; http://intelligence.ethicalfashionforum.com,2012,,https://www.commonobjective.co/re-verso
52,Kukka,1,info@kukka.nl,,https://www.google-analytics.com; https://www.google.com; http://intelligence.ethicalfashionforum.com,2010,,https://www.commonobjective.co/kukka
52,TextileLab,0,,,https://cdn.segment.com; https://www.google-analytics.com; https://www.google.com,2016,,https://www.commonobjective.co/textilelab
52,Colorfix,0,,,https://www.google-analytics.com; https://www.google.com; http://intelligence.ethicalfashionforum.com,2016,,https://www.commonobjective.co/colorfix
52,Faber Futures,1,laura@faberfutures.com,,https://www.google-analytics.com; https://www.google.com; http://intelligence.ethicalfashionforum.com,2017,,https://www.commonobjective.co/faber-futures
52,Rare Thread,0,,,https://www.google-analytics.com; https://www.google.com; http://intelligence.ethicalfashionforum.com,,,https://www.commonobjective.co/rare-thread
52,Asahi Kasei,0,,,https://www.google-analytics.com; https://www.google.com; http://intelligence.ethicalfashionforum.com,1922,,https://www.commonobjective.co/asahi-kasei
52,The LYCRA Company,0,,,https://www.google-analytics.com; https://www.google.com; http://intelligence.ethicalfashionforum.com,1958,,https://www.commonobjective.co/the-lycra-company
52,Friedmans,1,laura_neeson@hotmail.com,,https://www.google-analytics.com; https://www.google.com; http://intelligence.ethicalfashionforum.com,1962,,https://www.commonobjective.co/friedmans
52,Iluna,0,,,https://www.google-analytics.com; https://www.google.com; www.iluna.com,1969,,https://www.commonobjective.co/iluna
52,TESSITURA COLOMBO,0,,,www.tessituracolombo.com; https://www.google-analytics.com; https://www.google.com,,,https://www.commonobjective.co/tessitura-colombo
52,Carvico,0,,,https://www.google-analytics.com; https://www.google.com; www.carvico.com,1962,,https://www.commonobjective.co/carvico
52,SPORTWEAR ARGENTONA,0,,,https://www.google-analytics.com; https://www.google.com; http://intelligence.ethicalfashionforum.com,1997,,https://www.commonobjective.co/sportwear-argentona
53,Oratex,0,,,https://www.google-analytics.com; https://www.google.com; http://intelligence.ethicalfashionforum.com,1989,,https://www.commonobjective.co/oratex
53,Spanflex,0,,,https://www.google-analytics.com; https://www.google.com; http://intelligence.ethicalfashionforum.com,,,https://www.commonobjective.co/spanflex
53,Sheiflex,0,,,https://www.google-analytics.com; https://www.google.com; http://intelligence.ethicalfashionforum.com,2001,,https://www.commonobjective.co/sheiflex
53,Penn Textile Solutions,0,,,https://www.google-analytics.com; http://www.penn-ts.com; https://www.google.com,1987,,https://www.commonobjective.co/penn-textile-solutions
53,Maglificio Ripa,0,,,https://www.google-analytics.com; https://www.google.com; http://intelligence.ethicalfashionforum.com,1952,,https://www.commonobjective.co/maglificio-ripa
53,Piave Maitex,0,,,https://www.google-analytics.com; https://www.google.com; www.piavemaitex.com,1908,,https://www.commonobjective.co/piave-maitex
53,Nilit,0,,,https://cdn.segment.com; https://www.google-analytics.com; https://www.google.com,1969,,https://www.commonobjective.co/nilit
53,Seven Senses Fabrics,1,info@sevensensesfabrics.com,,http://www.sevensensesfabrics.com; https://www.google-analytics.com; http://www.w3.org,2015,,https://www.commonobjective.co/seven-senses-fabrics
53,Shanxi Greenland Textile Co,0,,,https://www.google-analytics.com; http://www.organichemp.cn; https://www.google.com,1997,1000+,https://www.commonobjective.co/shanxi-greenland-textile-co
53,Qingdao Fab Mill,0,,,https://www.google-analytics.com; http://www.hempshowtex.com; https://www.google.com,2004,,https://www.commonobjective.co/qingdao-fab-mill
53,Evlox,0,,,https://www.google-analytics.com; https://www.google.com; http://intelligence.ethicalfashionforum.com,1850,,https://www.commonobjective.co/evlox
53,ISKO,0,,,https://www.google-analytics.com; https://www.google.com; http://intelligence.ethicalfashionforum.com,1983,,https://www.commonobjective.co/isko
53,Pizarro,0,,,https://www.google-analytics.com; https://www.google.com; http://intelligence.ethicalfashionforum.com,1983,,https://www.commonobjective.co/pizarro
53,Soorty,0,,,https://www.google-analytics.com; https://www.google.com; http://intelligence.ethicalfashionforum.com,1983,,https://www.commonobjective.co/soorty
53,Atlantic Mills (Thailand) Co,0,,,https://cdn.segment.com; https://www.google-analytics.com; https://www.google.com,2002,,https://www.commonobjective.co/atlantic-mills-thailand-co
53,Global Denim,0,,,https://www.google-analytics.com; https://www.google.com; http://intelligence.ethicalfashionforum.com,2006,,https://www.commonobjective.co/global-denim
53,Ama Herbal,0,,,https://www.google-analytics.com; https://www.google.com; http://intelligence.ethicalfashionforum.com,1996,,https://www.commonobjective.co/ama-herbal
53,Britannia Garment Packaging,0,,,https://www.google-analytics.com; https://www.google.com; http://intelligence.ethicalfashionforum.com,1976,,https://www.commonobjective.co/britannia-garment-packaging
53,BCI Corporation,0,,,https://www.google-analytics.com; https://www.google.com; http://intelligence.ethicalfashionforum.com,2005,,https://www.commonobjective.co/bci-corporation
53,Avery Dennison,0,,,https://www.google-analytics.com; https://www.google.com; http://intelligence.ethicalfashionforum.com,1935,,https://www.commonobjective.co/avery-dennison
54,Wendler Inside,0,,,https://www.google-analytics.com; https://www.google.com; http://intelligence.ethicalfashionforum.com,1850,,https://www.commonobjective.co/wendler-inside
54,Freudenberg Performance Materials,1,nilesh.rodrigo@freudenberg-pm.com,,https://www.google-analytics.com; https://www.google.com; www.freudenberg-pm.com,1936,,https://www.commonobjective.co/freudenberg-performance-materials
54,YKK Fastening,0,,,www.ykkfastening.com; https://www.google-analytics.com; https://www.google.com,1987,,https://www.commonobjective.co/ykk-fastening
54,Coats,0,,,https://cdn.segment.com; https://www.google-analytics.com; https://www.google.com,1850,,https://www.commonobjective.co/coats
54,Amman,0,,,https://cdn.segment.com; https://www.google-analytics.com; https://www.google.com,1854,,https://www.commonobjective.co/amman
54,American & Efird,0,,,https://www.google-analytics.com; https://www.google.com; http://intelligence.ethicalfashionforum.com,1891,,https://www.commonobjective.co/american-efird
54,Botto Giuseppe,0,,,https://www.google-analytics.com; https://www.google.com; http://intelligence.ethicalfashionforum.com,1876,,https://www.commonobjective.co/botto-giuseppe
54,Designer Textiles,0,,,https://www.google-analytics.com; https://www.google.com; http://intelligence.ethicalfashionforum.com,1968,,https://www.commonobjective.co/designer-textiles
54,Birla Cellulose,0,,,https://www.google-analytics.com; https://www.google.com; www.birlacellulose.com,2006,,https://www.commonobjective.co/birla-cellulose
54,Chul Thai Silk,0,,,https://www.google-analytics.com; https://www.google.com; http://intelligence.ethicalfashionforum.com,2018,,https://www.commonobjective.co/chul-thai-silk
54,Centro Seta,0,,,https://www.google-analytics.com; https://www.google.com; http://intelligence.ethicalfashionforum.com,1981,,https://www.commonobjective.co/centro-seta
54,Balavigna Weaving Mills,0,,,https://www.google-analytics.com; https://www.google.com; http://intelligence.ethicalfashionforum.com,1995,,https://www.commonobjective.co/balavigna-weaving-mills
54,Simplifi,0,,,https://www.google-analytics.com; https://www.google.com; http://www.simplififabric.com,,,https://www.commonobjective.co/simplifi
54,ZS Fabrics,0,,,https://www.google-analytics.com; https://www.google.com; http://intelligence.ethicalfashionforum.com,2012,,https://www.commonobjective.co/zs-fabrics
54,Arunaa Textiles,0,,,https://www.google-analytics.com; https://www.google.com; http://intelligence.ethicalfashionforum.com,1998,,https://www.commonobjective.co/arunaa-textiles
54,Swicofil,0,,,https://www.google-analytics.com; http://www.swicofil.com; https://www.google.com,1995,,https://www.commonobjective.co/swicofil
54,Life Materials,0,,,https://www.google-analytics.com; https://www.google.com; http://intelligence.ethicalfashionforum.com,2015,,https://www.commonobjective.co/life-materials
54,MIKO,0,,,https://www.google-analytics.com; http://www.dinamicamiko.com; https://www.google.com,1997,,https://www.commonobjective.co/miko
54,Toray,0,,,https://www.google-analytics.com; https://www.google.com; http://intelligence.ethicalfashionforum.com,1926,,https://www.commonobjective.co/toray
54,Eleather,1,Nicola.rapley@eleathergroup.com,,https://www.google-analytics.com; http://www.w3.org; https://www.google.com,2007,,https://www.commonobjective.co/eleather
55,Natural Cotton Color,0,,,www.ecofriendlycotton.com; https://www.google-analytics.com; http://www.ecofriendlycotton.com,1995,,https://www.commonobjective.co/natural-cotton-color
55,Eco2cotton®,0,,,https://www.google-analytics.com; http://www.w3.org; https://www.google.com,,,https://www.commonobjective.co/eco2cotton-r
55,Marchi & Fildi,0,,,https://www.google-analytics.com; https://www.google.com; http://www.marchifildi.com,1965,,https://www.commonobjective.co/marchi-fildi
55,Recover,0,,,https://www.google-analytics.com; https://www.google.com; http://intelligence.ethicalfashionforum.com,1947,,https://www.commonobjective.co/recover
55,OCC Apparel,0,,,https://www.google-analytics.com; https://www.google.com; http://intelligence.ethicalfashionforum.com,2004,,https://www.commonobjective.co/occ-apparel
55,The Fabric Store,0,,,http://thefabricstoreonline.com; https://www.google-analytics.com; https://www.google.com,1995,,https://www.commonobjective.co/the-fabric-store
55,Pickering International,0,,,https://www.google-analytics.com; https://www.google.com; http://intelligence.ethicalfashionforum.com,1992,,https://www.commonobjective.co/pickering-international
55,Birch Fabrics,0,,,https://www.google-analytics.com; https://www.google.com; http://intelligence.ethicalfashionforum.com,2009,,https://www.commonobjective.co/birch-fabrics
55,Stoffonkel,0,,,https://www.google-analytics.com; https://www.google.com; http://intelligence.ethicalfashionforum.com,,,https://www.commonobjective.co/stoffonkel
55,Meterwerk,0,,,https://www.google-analytics.com; https://www.google.com; http://intelligence.ethicalfashionforum.com,,,https://www.commonobjective.co/meterwerk
55,Virent,0,,,https://www.google-analytics.com; https://www.google.com; http://intelligence.ethicalfashionforum.com,1850,1000+,https://www.commonobjective.co/virent
55,SOFILETA,0,,,https://www.google-analytics.com; http://www.sofileta.com; https://www.google.com,1911,,https://www.commonobjective.co/sofileta
55,Santaconstancia,0,,,https://www.google-analytics.com; https://www.google.com; http://intelligence.ethicalfashionforum.com,1948,50-249,https://www.commonobjective.co/santaconstancia
55,Pontetorto,0,,,http://pontetorto.it; https://www.google-analytics.com; https://www.google.com,1952,,https://www.commonobjective.co/pontetorto
55,Mango Materials,0,,,https://www.google-analytics.com; https://www.google.com; http://intelligence.ethicalfashionforum.com,2010,,https://www.commonobjective.co/mango-materials
55,Riopele,0,,,https://www.google-analytics.com; https://www.google.com; http://intelligence.ethicalfashionforum.com,1927,,https://www.commonobjective.co/riopele
55,Teijin,0,,,https://www.google-analytics.com; https://www.google.com; http://intelligence.ethicalfashionforum.com,2018,,https://www.commonobjective.co/teijin
55,Newlife™,0,,,https://www.google-analytics.com; https://www.google.com; http://intelligence.ethicalfashionforum.com,,10-49,https://www.commonobjective.co/newlife
55,Betts Metal Sales,0,,,http://www.bettsmetalsales.com; https://www.google-analytics.com; https://www.google.com,1985,,https://www.commonobjective.co/betts-metal-sales
55,Bellore Rashbel,0,,,https://www.google-analytics.com; https://www.google.com; http://intelligence.ethicalfashionforum.com,2005,,https://www.commonobjective.co/bellore-rashbel
56,A & E Metal Merchants,0,,,https://www.google-analytics.com; https://www.google.com; http://intelligence.ethicalfashionforum.com,,,https://www.commonobjective.co/a-e-metal-merchants
56,First Mile,0,,,https://www.google-analytics.com; https://www.google.com; http://intelligence.ethicalfashionforum.com,2010,,https://www.commonobjective.co/first-mile
56,Texpiel,0,,,https://www.google-analytics.com; https://www.google.com; http://intelligence.ethicalfashionforum.com,1993,,https://www.commonobjective.co/texpiel
56,Unisea Textile Co,0,,,https://www.google-analytics.com; https://www.google.com; http://intelligence.ethicalfashionforum.com,,,https://www.commonobjective.co/unisea-textile-co
56,TENCEL™,0,,,https://www.google-analytics.com; https://www.google.com; http://intelligence.ethicalfashionforum.com,1972,,https://www.commonobjective.co/tencel
56,Seidentraum,1,email@seidentraum.eu,,https://www.google-analytics.com; https://www.google.com; http://intelligence.ethicalfashionforum.com,2011,,https://www.commonobjective.co/seidentraum
56,Sekem,0,,,https://cdn.segment.com; https://www.google-analytics.com; https://www.google.com,1977,,https://www.commonobjective.co/sekem
56,Recyctex,1,steven@recyctex.com,,https://www.google-analytics.com; https://www.google.com; http://intelligence.ethicalfashionforum.com,2014,,https://www.commonobjective.co/recyctex
56,Ecological Textiles,0,,,https://www.google-analytics.com; https://www.google.com; http://intelligence.ethicalfashionforum.com,2005,,https://www.commonobjective.co/ecological-textiles
56,Algalife,0,,,https://www.google-analytics.com; https://www.google.com; http://intelligence.ethicalfashionforum.com,,,https://www.commonobjective.co/algalife
57,Green Nettle Textiles,0,,,https://www.google-analytics.com; https://www.google.com; http://intelligence.ethicalfashionforum.com,2019,,https://www.commonobjective.co/green-nettle-textiles
57,Ecovative,0,,,https://www.google-analytics.com; https://www.google.com; http://intelligence.ethicalfashionforum.com,2014,,https://www.commonobjective.co/ecovative
57,Inspidere,0,,,https://cdn.segment.com; https://www.google-analytics.com; https://www.google.com,,,https://www.commonobjective.co/inspidere
57,Radiant Matter,1,info@elissabrunato.com,,https://www.google-analytics.com; https://www.google.com; http://intelligence.ethicalfashionforum.com,,,https://www.commonobjective.co/radiant-matter
57,Mycoworks,0,,,https://www.google-analytics.com; https://www.google.com; http://intelligence.ethicalfashionforum.com,2013,,https://www.commonobjective.co/mycoworks
57,Spiber,0,,,https://www.google-analytics.com; https://www.google.com; http://intelligence.ethicalfashionforum.com,2007,,https://www.commonobjective.co/spiber
57,Hemp Fabric Lab,0,,,https://www.google-analytics.com; https://www.google.com; http://intelligence.ethicalfashionforum.com,,,https://www.commonobjective.co/hemp-fabric-lab
57,Nanollose,0,,,https://www.google-analytics.com; https://www.google.com; http://intelligence.ethicalfashionforum.com,2014,,https://www.commonobjective.co/nanollose
57,Bolt Threads,0,,,https://www.google-analytics.com; https://www.google.com; http://intelligence.ethicalfashionforum.com,2009,,https://www.commonobjective.co/bolt-threads
57,JUAN FERNANDO HIDALGO CORDERO,0,,,https://cdn.segment.com; https://www.google-analytics.com; https://www.google.com,,,https://www.commonobjective.co/juan-fernando-hidalgo-cordero
57,Nuo Design,0,,,https://www.google-analytics.com; https://www.google.com; http://intelligence.ethicalfashionforum.com,,,https://www.commonobjective.co/nuo-design
57,Deepmello,0,,,www.deepmello-leather.com; https://www.google-analytics.com; https://www.google.com,2015,,https://www.commonobjective.co/deepmello
57,Amadeu - Amazon Textiles and Design United,1,amadeuflavia@gmail.com,,https://www.google-analytics.com; https://www.google.com; http://intelligence.ethicalfashionforum.com,2004,10-49,https://www.commonobjective.co/amadeu-amazon-textiles-and-design-united
57,Desserto,0,,,https://www.google-analytics.com; https://www.google.com; http://intelligence.ethicalfashionforum.com,2017,,https://www.commonobjective.co/desserto
57,Barktex,0,,,https://www.google-analytics.com; https://www.google.com; www.barktex.com,1999,10-49,https://www.commonobjective.co/barktex
57,Repreve,0,,,https://www.google-analytics.com; https://www.google.com; http://intelligence.ethicalfashionforum.com,1971,,https://www.commonobjective.co/repreve
57,Vegea,0,,,https://www.google-analytics.com; http://www.vegeacompany.com; https://www.google.com,2016,,https://www.commonobjective.co/vegea
57,Nirvana CPH,1,alex@nirvanacph.com,07808648184,www.youtube.com; https://www.google-analytics.com; https://www.google.com,2002,10-49,https://www.commonobjective.co/nirvana-cph
57,AIM athleisure Limited,1,management@aimathleisure.com,07834557983,https://www.google-analytics.com; https://www.google.com; http://intelligence.ethicalfashionforum.com,2016,5-9,https://www.commonobjective.co/aim-athleisure-limited
57,Vela Eco,0,,,https://www.google-analytics.com; https://www.google.com; http://intelligence.ethicalfashionforum.com,,,https://www.commonobjective.co/vela-eco
58,Seaman Paper,0,,+19786321513,https://www.google-analytics.com; https://www.google.com; http://intelligence.ethicalfashionforum.com,1946,,https://www.commonobjective.co/seaman-paper
58,Normn,0,,,https://www.google-analytics.com; https://www.google.com; http://intelligence.ethicalfashionforum.com,2010,,https://www.commonobjective.co/normn
58,Prime Packaging Plus,0,,+270210075252,https://www.google-analytics.com; https://www.google.com; http://intelligence.ethicalfashionforum.com,,,https://www.commonobjective.co/prime-packaging-plus
58,Delta Global,0,,+4401162847171,https://www.google-analytics.com; https://www.google.com; http://intelligence.ethicalfashionforum.com,2007,,https://www.commonobjective.co/delta-global
58,Wave Eco Solutions,0,,,https://www.google-analytics.com; https://www.google.com; http://intelligence.ethicalfashionforum.com,2017,,https://www.commonobjective.co/wave-eco-solutions
58,Polybags,0,,+4403452002828,https://www.google-analytics.com; https://www.google.com; http://intelligence.ethicalfashionforum.com,1961,,https://www.commonobjective.co/polybags
58,Eco-Craft,0,,+4401257792025,https://cdn.segment.com; https://www.google-analytics.com; https://www.google.com,1991,,https://www.commonobjective.co/eco-craft
58,WasteBased,0,,,https://www.google-analytics.com; http://www.w3.org; https://www.google.com,,,https://www.commonobjective.co/wastebased
58,Xula Palma Artesanal,1,ofstad@gmail.com,,https://www.google-analytics.com; https://www.google.com; http://intelligence.ethicalfashionforum.com,2014,10-49,https://www.commonobjective.co/xula-palma-artesanal
58,Luxury Fabrics Limited,1,david@luxuryfabricsltd.co.uk,,https://www.google-analytics.com; https://www.google.com; http://intelligence.ethicalfashionforum.com,1948,50-249,https://www.commonobjective.co/luxury-fabrics-limited
58,Kurabo Denim,0,,,https://www.google-analytics.com; https://www.google.com; http://intelligence.ethicalfashionforum.com,1888,1000+,https://www.commonobjective.co/kurabo-denim
58,Acrossriver Garment Ltd,1,nicola.tredoux@googlemail.com,,https://www.google-analytics.com; https://www.google.com; http://intelligence.ethicalfashionforum.com,2017,50-249,https://www.commonobjective.co/acrossriver-garment-ltd
58,Contour Creative,1,hello@contourcreative.us,,www.google.com; https://www.googletagmanager.com; www.contourcreative.us,2015,1-4,https://www.commonobjective.co/contour-creative
58,"Rudis - Calçados, Indústria e Comércio, Lda.",1,info@rudisfootwear.com,+351256794101,http://rudisfootwear.com; https://www.google-analytics.com; https://www.google.com,1993,10-49,https://www.commonobjective.co/rudis-calcados-industria-e-comercio-lda
58,Fashion Team,1,soames@fashionteam.net,,www.fashionteam.net; https://www.google-analytics.com; https://www.google.com,1983,5-9,https://www.commonobjective.co/fashion-team
58,Bryden Apparel,1,donovan@brydenapparel.com,,https://www.google-analytics.com; http://www.brydenapparel.com; https://www.google.com,2014,5-9,https://www.commonobjective.co/bryden-apparel
58,Riverview Fabrics,1,megan@riverviewfabrics.com,,https://www.google-analytics.com; https://www.google.com; http://intelligence.ethicalfashionforum.com,2018,,https://www.commonobjective.co/riverview-fabrics
58,The Chicago Pattern Maker,1,contactme@xochil.com,,https://www.google-analytics.com; https://www.google.com; http://intelligence.ethicalfashionforum.com,2009,1-4,https://www.commonobjective.co/the-chicago-pattern-maker
58,Tokoencit,1,stephanie.lumanta@gmail.com,+628156023325,https://www.google-analytics.com; https://www.google.com; http://intelligence.ethicalfashionforum.com,2010,,https://www.commonobjective.co/tokoencit
58,unisex apparel enterprises,1,unisexapparell@gmail.com,+2348023227628,http://unisexapparelng.com.ng; https://www.google-analytics.com; https://www.google.com,2008,5-9,https://www.commonobjective.co/unisex-apparel-enterprises
59,DEEPWEAR,1,tech@deepwear.info,,https://www.google-analytics.com; https://www.google.com; http://intelligence.ethicalfashionforum.com,2009,10-49,https://www.commonobjective.co/deepwear
59,Oumnia by Nivine Maktabi,1,nivine@oumniaboutique.com,,https://www.google-analytics.com; https://www.google.com; http://intelligence.ethicalfashionforum.com,2006,1-4,https://www.commonobjective.co/oumnia-by-nivine-maktabi
59,UAB Augsos Stilius,1,lena.augu@gmail.com,+37068560527,https://www.google-analytics.com; https://www.google.com; http://intelligence.ethicalfashionforum.com,2010,50-249,https://www.commonobjective.co/uab-augsos-stilius
59,One Happy Leaf,1,hello@onehappyleaf.com,+61402315579,https://www.google-analytics.com; https://www.google.com; http://intelligence.ethicalfashionforum.com,2013,1-4,https://www.commonobjective.co/one-happy-leaf
59,Yener Agency,1,yusufcan@yeneragency.com,+905335264668,https://www.google-analytics.com; https://www.google.com; http://intelligence.ethicalfashionforum.com,1985,,https://www.commonobjective.co/yener-agency
59,STAR KNITWEAR,1,zeinah@star-knitwear.com,,https://cdn.segment.com; https://www.google-analytics.com; https://www.google.com,,,https://www.commonobjective.co/star-knitwear
59,Saivana Exports,1,saivanaseo@gmail.com,01143159600,https://www.google-analytics.com; https://www.google.com; http://intelligence.ethicalfashionforum.com,1994,1000+,https://www.commonobjective.co/saivana-exports
59,Reinas,0,,,https://www.google-analytics.com; https://www.google.com; http://intelligence.ethicalfashionforum.com,2015,,https://www.commonobjective.co/reinas
59,COSIMO Leathersmiths,1,lorialmario@gmail.com,,https://www.google-analytics.com; http://www.cosimoleather.com; https://www.google.com,2018,5-9,https://www.commonobjective.co/cosimo-leathersmiths
59,Mahisi,1,angelina@shopmahisi.com,,www.shopmahisi.com; https://www.google-analytics.com; https://www.google.com,2016,,https://www.commonobjective.co/mahisi
59,The Sampling Unit Ltd,1,tsu.andrew@gmail.com,+442088000911,https://www.google-analytics.com; https://www.google.com; http://intelligence.ethicalfashionforum.com,2000,10-49,https://www.commonobjective.co/the-sampling-unit-ltd
59,Solid Rock Association,2,arkaahkobina@gmail.com; vellies@live.nl,,https://www.google-analytics.com; https://www.google.com; http://intelligence.ethicalfashionforum.com,2009,10-49,https://www.commonobjective.co/solid-rock-association
59,Parekh Bugbee,1,info@parekhbugbee.com,,https://www.google-analytics.com; https://www.google.com; http://intelligence.ethicalfashionforum.com,,,https://www.commonobjective.co/parekh-bugbee
59,Hiddenstitch.co,1,hello@hiddenstitch.co,,https://www.google-analytics.com; https://www.google.com; http://intelligence.ethicalfashionforum.com,2016,1-4,https://www.commonobjective.co/hiddenstitch-co
