index,total,company_name,page_number,email_count,emails,phones,profile_url,timestamp,websites,founded_year,employees,governance
1,1174,Textile_Company_1,1,1,contact1@textilecompany1.com,+14000000001,https://www.commonobjective.co/textile-company-1,2025-08-22T16:28:15.342459,,,,
2,1174,Fashion_Manufacturer_2,1,1,contact1@fashionmanufacturer2.uk,+919000000002,https://www.commonobjective.co/fashion-manufacturer-2,2025-08-22T16:28:15.342479,,,,
3,1174,Garment_Supplier_3,1,1,contact1@garmentsupplier3.com,,https://www.commonobjective.co/garment-supplier-3,2025-08-22T16:28:15.342486,,,,
4,1174,Sustainable_Fashion_4,1,1,contact1@sustainablefashion4.com,,https://www.commonobjective.co/sustainable-fashion-4,2025-08-22T16:28:15.342492,,,,
5,1174,Eco_Textiles_5,1,1,contact1@ecotextiles5.net,,https://www.commonobjective.co/eco-textiles-5,2025-08-22T16:28:15.342496,,,,
6,1174,Global_Apparel_6,1,1,contact1@globalapparel6.co,,https://www.commonobjective.co/global-apparel-6,2025-08-22T16:28:15.342499,,,,
7,1174,Organic_Clothing_7,1,1,contact1@organicclothing7.org,,https://www.commonobjective.co/organic-clothing-7,2025-08-22T16:28:15.342502,,,,
8,1174,Green_Fashion_8,1,1,contact1@greenfashion8.fashion,,https://www.commonobjective.co/green-fashion-8,2025-08-22T16:28:15.342505,,,,
9,1174,Ethical_Sourcing_9,1,1,contact1@ethicalsourcing9.com,,https://www.commonobjective.co/ethical-sourcing-9,2025-08-22T16:28:15.342508,,,,
10,1174,Supplier_010,1,2,contact1@supplier010.com; contact2@supplier010.com,+447000000010,https://www.commonobjective.co/supplier-010,2025-08-22T16:28:15.342511,,,,
11,1174,Textile_Company_11,1,1,contact1@textilecompany11.com,+14000000011,https://www.commonobjective.co/textile-company-11,2025-08-22T16:28:15.342516,,,,
12,1174,Fashion_Manufacturer_12,1,1,contact1@fashionmanufacturer12.com,+919000000012,https://www.commonobjective.co/fashion-manufacturer-12,2025-08-22T16:28:15.342520,,,,
13,1174,Garment_Supplier_13,1,1,contact1@garmentsupplier13.com,,https://www.commonobjective.co/garment-supplier-13,2025-08-22T16:28:15.342524,,,,
14,1174,Sustainable_Fashion_14,1,1,contact1@sustainablefashion14.uk,,https://www.commonobjective.co/sustainable-fashion-14,2025-08-22T16:28:15.342527,,,,
15,1174,Eco_Textiles_15,1,1,contact1@ecotextiles15.com,,https://www.commonobjective.co/eco-textiles-15,2025-08-22T16:28:15.342531,,,,
16,1174,Global_Apparel_16,1,1,contact1@globalapparel16.com,,https://www.commonobjective.co/global-apparel-16,2025-08-22T16:28:15.342534,,,,
17,1174,Organic_Clothing_17,1,1,contact1@organicclothing17.net,,https://www.commonobjective.co/organic-clothing-17,2025-08-22T16:28:15.342536,,,,
18,1174,Green_Fashion_18,1,1,contact1@greenfashion18.co,,https://www.commonobjective.co/green-fashion-18,2025-08-22T16:28:15.342539,,,,
19,1174,Ethical_Sourcing_19,1,1,contact1@ethicalsourcing19.org,,https://www.commonobjective.co/ethical-sourcing-19,2025-08-22T16:28:15.342542,,,,
20,1174,Supplier_020,1,2,contact1@supplier020.fashion; contact2@supplier020.fashion,+447000000020,https://www.commonobjective.co/supplier-020,2025-08-22T16:28:15.342544,,,,
21,1174,Textile_Company_21,2,1,contact1@textilecompany21.com,+14000000021,https://www.commonobjective.co/textile-company-21,2025-08-22T16:28:15.342548,,,,
22,1174,Fashion_Manufacturer_22,2,1,contact1@fashionmanufacturer22.com,+919000000022,https://www.commonobjective.co/fashion-manufacturer-22,2025-08-22T16:28:15.342552,,,,
23,1174,Garment_Supplier_23,2,1,contact1@garmentsupplier23.com,,https://www.commonobjective.co/garment-supplier-23,2025-08-22T16:28:15.342556,,,,
24,1174,Sustainable_Fashion_24,2,1,contact1@sustainablefashion24.com,,https://www.commonobjective.co/sustainable-fashion-24,2025-08-22T16:28:15.342558,,,,
25,1174,Eco_Textiles_25,2,1,contact1@ecotextiles25.com,,https://www.commonobjective.co/eco-textiles-25,2025-08-22T16:28:15.342561,,,,
26,1174,Global_Apparel_26,2,1,contact1@globalapparel26.uk,,https://www.commonobjective.co/global-apparel-26,2025-08-22T16:28:15.342564,,,,
27,1174,Organic_Clothing_27,2,1,contact1@organicclothing27.com,,https://www.commonobjective.co/organic-clothing-27,2025-08-22T16:28:15.342567,,,,
28,1174,Green_Fashion_28,2,1,contact1@greenfashion28.com,,https://www.commonobjective.co/green-fashion-28,2025-08-22T16:28:15.342570,,,,
29,1174,Ethical_Sourcing_29,2,1,contact1@ethicalsourcing29.net,,https://www.commonobjective.co/ethical-sourcing-29,2025-08-22T16:28:15.342572,,,,
30,1174,Supplier_030,2,2,contact1@supplier030.co; contact2@supplier030.co,+447000000030,https://www.commonobjective.co/supplier-030,2025-08-22T16:28:15.342575,,,,
31,1174,Textile_Company_31,2,1,contact1@textilecompany31.org,+14000000031,https://www.commonobjective.co/textile-company-31,2025-08-22T16:28:15.342579,,,,
32,1174,Fashion_Manufacturer_32,2,1,contact1@fashionmanufacturer32.fashion,+919000000032,https://www.commonobjective.co/fashion-manufacturer-32,2025-08-22T16:28:15.342582,,,,
33,1174,Garment_Supplier_33,2,1,contact1@garmentsupplier33.com,,https://www.commonobjective.co/garment-supplier-33,2025-08-22T16:28:15.342585,,,,
34,1174,Sustainable_Fashion_34,2,1,contact1@sustainablefashion34.com,,https://www.commonobjective.co/sustainable-fashion-34,2025-08-22T16:28:15.342588,,,,
35,1174,Eco_Textiles_35,2,1,contact1@ecotextiles35.com,,https://www.commonobjective.co/eco-textiles-35,2025-08-22T16:28:15.342591,,,,
36,1174,Global_Apparel_36,2,1,contact1@globalapparel36.com,,https://www.commonobjective.co/global-apparel-36,2025-08-22T16:28:15.342593,,,,
37,1174,Organic_Clothing_37,2,1,contact1@organicclothing37.com,,https://www.commonobjective.co/organic-clothing-37,2025-08-22T16:28:15.342596,,,,
38,1174,Green_Fashion_38,2,1,contact1@greenfashion38.uk,,https://www.commonobjective.co/green-fashion-38,2025-08-22T16:28:15.342598,,,,
39,1174,Ethical_Sourcing_39,2,1,contact1@ethicalsourcing39.com,,https://www.commonobjective.co/ethical-sourcing-39,2025-08-22T16:28:15.342601,,,,
40,1174,Supplier_040,2,2,contact1@supplier040.com; contact2@supplier040.com,+447000000040,https://www.commonobjective.co/supplier-040,2025-08-22T16:28:15.342603,,,,
41,1174,Textile_Company_41,3,1,contact1@textilecompany41.net,+14000000041,https://www.commonobjective.co/textile-company-41,2025-08-22T16:28:15.342607,,,,
42,1174,Fashion_Manufacturer_42,3,1,contact1@fashionmanufacturer42.co,+919000000042,https://www.commonobjective.co/fashion-manufacturer-42,2025-08-22T16:28:15.342610,,,,
43,1174,Garment_Supplier_43,3,1,contact1@garmentsupplier43.org,,https://www.commonobjective.co/garment-supplier-43,2025-08-22T16:28:15.342614,,,,
44,1174,Sustainable_Fashion_44,3,1,contact1@sustainablefashion44.fashion,,https://www.commonobjective.co/sustainable-fashion-44,2025-08-22T16:28:15.342616,,,,
45,1174,Eco_Textiles_45,3,1,contact1@ecotextiles45.com,,https://www.commonobjective.co/eco-textiles-45,2025-08-22T16:28:15.342620,,,,
46,1174,Global_Apparel_46,3,1,contact1@globalapparel46.com,,https://www.commonobjective.co/global-apparel-46,2025-08-22T16:28:15.342623,,,,
47,1174,Organic_Clothing_47,3,1,contact1@organicclothing47.com,,https://www.commonobjective.co/organic-clothing-47,2025-08-22T16:28:15.342626,,,,
48,1174,Green_Fashion_48,3,1,contact1@greenfashion48.com,,https://www.commonobjective.co/green-fashion-48,2025-08-22T16:28:15.342628,,,,
49,1174,Ethical_Sourcing_49,3,1,contact1@ethicalsourcing49.com,,https://www.commonobjective.co/ethical-sourcing-49,2025-08-22T16:28:15.342631,,,,
50,1174,Supplier_050,3,2,contact1@supplier050.uk; contact2@supplier050.uk,+447000000050,https://www.commonobjective.co/supplier-050,2025-08-22T16:28:15.342634,,,,
51,1174,Textile_Company_51,3,1,contact1@textilecompany51.com,+14000000051,https://www.commonobjective.co/textile-company-51,2025-08-22T16:28:15.342637,,,,
52,1174,Fashion_Manufacturer_52,3,1,contact1@fashionmanufacturer52.com,+919000000052,https://www.commonobjective.co/fashion-manufacturer-52,2025-08-22T16:28:15.342640,,,,
53,1174,Garment_Supplier_53,3,1,contact1@garmentsupplier53.net,,https://www.commonobjective.co/garment-supplier-53,2025-08-22T16:28:15.342644,,,,
54,1174,Sustainable_Fashion_54,3,1,contact1@sustainablefashion54.co,,https://www.commonobjective.co/sustainable-fashion-54,2025-08-22T16:28:15.342646,,,,
55,1174,Eco_Textiles_55,3,1,contact1@ecotextiles55.org,,https://www.commonobjective.co/eco-textiles-55,2025-08-22T16:28:15.342650,,,,
56,1174,Global_Apparel_56,3,1,contact1@globalapparel56.fashion,,https://www.commonobjective.co/global-apparel-56,2025-08-22T16:28:15.342653,,,,
57,1174,Organic_Clothing_57,3,1,contact1@organicclothing57.com,,https://www.commonobjective.co/organic-clothing-57,2025-08-22T16:28:15.342655,,,,
58,1174,Green_Fashion_58,3,1,contact1@greenfashion58.com,,https://www.commonobjective.co/green-fashion-58,2025-08-22T16:28:15.342658,,,,
59,1174,Ethical_Sourcing_59,3,1,contact1@ethicalsourcing59.com,,https://www.commonobjective.co/ethical-sourcing-59,2025-08-22T16:28:15.342660,,,,
60,1174,Supplier_060,3,2,contact1@supplier060.com; contact2@supplier060.com,+447000000060,https://www.commonobjective.co/supplier-060,2025-08-22T16:28:15.342663,,,,
61,1174,Textile_Company_61,4,1,contact1@textilecompany61.com,+14000000061,https://www.commonobjective.co/textile-company-61,2025-08-22T16:28:15.342666,,,,
62,1174,Fashion_Manufacturer_62,4,1,contact1@fashionmanufacturer62.uk,+919000000062,https://www.commonobjective.co/fashion-manufacturer-62,2025-08-22T16:28:15.342669,,,,
63,1174,Garment_Supplier_63,4,1,contact1@garmentsupplier63.com,,https://www.commonobjective.co/garment-supplier-63,2025-08-22T16:28:15.342672,,,,
64,1174,Sustainable_Fashion_64,4,1,contact1@sustainablefashion64.com,,https://www.commonobjective.co/sustainable-fashion-64,2025-08-22T16:28:15.342675,,,,
65,1174,Eco_Textiles_65,4,1,contact1@ecotextiles65.net,,https://www.commonobjective.co/eco-textiles-65,2025-08-22T16:28:15.342677,,,,
66,1174,Global_Apparel_66,4,1,contact1@globalapparel66.co,,https://www.commonobjective.co/global-apparel-66,2025-08-22T16:28:15.342680,,,,
67,1174,Organic_Clothing_67,4,1,contact1@organicclothing67.org,,https://www.commonobjective.co/organic-clothing-67,2025-08-22T16:28:15.342683,,,,
68,1174,Green_Fashion_68,4,1,contact1@greenfashion68.fashion,,https://www.commonobjective.co/green-fashion-68,2025-08-22T16:28:15.342685,,,,
69,1174,Ethical_Sourcing_69,4,1,contact1@ethicalsourcing69.com,,https://www.commonobjective.co/ethical-sourcing-69,2025-08-22T16:28:15.342688,,,,
70,1174,Supplier_070,4,2,contact1@supplier070.com; contact2@supplier070.com,+447000000070,https://www.commonobjective.co/supplier-070,2025-08-22T16:28:15.342690,,,,
71,1174,Textile_Company_71,4,1,contact1@textilecompany71.com,+14000000071,https://www.commonobjective.co/textile-company-71,2025-08-22T16:28:15.342694,,,,
72,1174,Fashion_Manufacturer_72,4,1,contact1@fashionmanufacturer72.com,+919000000072,https://www.commonobjective.co/fashion-manufacturer-72,2025-08-22T16:28:15.342697,,,,
73,1174,Garment_Supplier_73,4,1,contact1@garmentsupplier73.com,,https://www.commonobjective.co/garment-supplier-73,2025-08-22T16:28:15.342700,,,,
74,1174,Sustainable_Fashion_74,4,1,contact1@sustainablefashion74.uk,,https://www.commonobjective.co/sustainable-fashion-74,2025-08-22T16:28:15.342703,,,,
75,1174,Eco_Textiles_75,4,1,contact1@ecotextiles75.com,,https://www.commonobjective.co/eco-textiles-75,2025-08-22T16:28:15.342705,,,,
76,1174,Global_Apparel_76,4,1,contact1@globalapparel76.com,,https://www.commonobjective.co/global-apparel-76,2025-08-22T16:28:15.342709,,,,
77,1174,Organic_Clothing_77,4,1,contact1@organicclothing77.net,,https://www.commonobjective.co/organic-clothing-77,2025-08-22T16:28:15.342712,,,,
78,1174,Green_Fashion_78,4,1,contact1@greenfashion78.co,,https://www.commonobjective.co/green-fashion-78,2025-08-22T16:28:15.342715,,,,
79,1174,Ethical_Sourcing_79,4,1,contact1@ethicalsourcing79.org,,https://www.commonobjective.co/ethical-sourcing-79,2025-08-22T16:28:15.342717,,,,
80,1174,Supplier_080,4,2,contact1@supplier080.fashion; contact2@supplier080.fashion,+447000000080,https://www.commonobjective.co/supplier-080,2025-08-22T16:28:15.342720,,,,
81,1174,Textile_Company_81,5,1,contact1@textilecompany81.com,+14000000081,https://www.commonobjective.co/textile-company-81,2025-08-22T16:28:15.342724,,,,
82,1174,Fashion_Manufacturer_82,5,1,contact1@fashionmanufacturer82.com,+919000000082,https://www.commonobjective.co/fashion-manufacturer-82,2025-08-22T16:28:15.342727,,,,
83,1174,Garment_Supplier_83,5,1,contact1@garmentsupplier83.com,,https://www.commonobjective.co/garment-supplier-83,2025-08-22T16:28:15.342730,,,,
84,1174,Sustainable_Fashion_84,5,1,contact1@sustainablefashion84.com,,https://www.commonobjective.co/sustainable-fashion-84,2025-08-22T16:28:15.342732,,,,
85,1174,Eco_Textiles_85,5,1,contact1@ecotextiles85.com,,https://www.commonobjective.co/eco-textiles-85,2025-08-22T16:28:15.342735,,,,
86,1174,Global_Apparel_86,5,1,contact1@globalapparel86.uk,,https://www.commonobjective.co/global-apparel-86,2025-08-22T16:28:15.342737,,,,
87,1174,Organic_Clothing_87,5,1,contact1@organicclothing87.com,,https://www.commonobjective.co/organic-clothing-87,2025-08-22T16:28:15.342740,,,,
88,1174,Green_Fashion_88,5,1,contact1@greenfashion88.com,,https://www.commonobjective.co/green-fashion-88,2025-08-22T16:28:15.342742,,,,
89,1174,Ethical_Sourcing_89,5,1,contact1@ethicalsourcing89.net,,https://www.commonobjective.co/ethical-sourcing-89,2025-08-22T16:28:15.342745,,,,
90,1174,Supplier_090,5,2,contact1@supplier090.co; contact2@supplier090.co,+447000000090,https://www.commonobjective.co/supplier-090,2025-08-22T16:28:15.342747,,,,
91,1174,Textile_Company_91,5,1,contact1@textilecompany91.org,+14000000091,https://www.commonobjective.co/textile-company-91,2025-08-22T16:28:15.342751,,,,
92,1174,Fashion_Manufacturer_92,5,1,contact1@fashionmanufacturer92.fashion,+919000000092,https://www.commonobjective.co/fashion-manufacturer-92,2025-08-22T16:28:15.342755,,,,
93,1174,Garment_Supplier_93,5,0,,,https://www.commonobjective.co/garment-supplier-93,2025-08-22T16:28:15.342759,,,,
94,1174,Sustainable_Fashion_94,5,0,,,https://www.commonobjective.co/sustainable-fashion-94,2025-08-22T16:28:15.342761,,,,
95,1174,Eco_Textiles_95,5,0,,,https://www.commonobjective.co/eco-textiles-95,2025-08-22T16:28:15.342765,,,,
96,1174,Global_Apparel_96,5,0,,,https://www.commonobjective.co/global-apparel-96,2025-08-22T16:28:15.342767,,,,
97,1174,Organic_Clothing_97,5,0,,,https://www.commonobjective.co/organic-clothing-97,2025-08-22T16:28:15.342769,,,,
98,1174,Green_Fashion_98,5,0,,,https://www.commonobjective.co/green-fashion-98,2025-08-22T16:28:15.342771,,,,
99,1174,Ethical_Sourcing_99,5,0,,,https://www.commonobjective.co/ethical-sourcing-99,2025-08-22T16:28:15.342773,,,,
100,1174,Supplier_100,5,2,contact1@supplier100.com; contact2@supplier100.com,+447000000100,https://www.commonobjective.co/supplier-100,2025-08-22T16:28:15.342775,,,,
101,1174,Textile_Company_101,6,1,contact1@textilecompany101.net,+14000000101,https://www.commonobjective.co/textile-company-101,2025-08-22T16:28:15.342779,,,,
102,1174,Fashion_Manufacturer_102,6,1,contact1@fashionmanufacturer102.co,+919000000102,https://www.commonobjective.co/fashion-manufacturer-102,2025-08-22T16:28:15.342783,,,,
103,1174,Garment_Supplier_103,6,1,contact1@garmentsupplier103.org,,https://www.commonobjective.co/garment-supplier-103,2025-08-22T16:28:15.342787,,,,
104,1174,Sustainable_Fashion_104,6,1,contact1@sustainablefashion104.fashion,,https://www.commonobjective.co/sustainable-fashion-104,2025-08-22T16:28:15.342789,,,,
105,1174,Eco_Textiles_105,6,1,contact1@ecotextiles105.com,,https://www.commonobjective.co/eco-textiles-105,2025-08-22T16:28:15.342792,,,,
106,1174,Global_Apparel_106,6,1,contact1@globalapparel106.com,,https://www.commonobjective.co/global-apparel-106,2025-08-22T16:28:15.342796,,,,
107,1174,Organic_Clothing_107,6,1,contact1@organicclothing107.com,,https://www.commonobjective.co/organic-clothing-107,2025-08-22T16:28:15.342798,,,,
108,1174,Green_Fashion_108,6,1,contact1@greenfashion108.com,,https://www.commonobjective.co/green-fashion-108,2025-08-22T16:28:15.342801,,,,
109,1174,Ethical_Sourcing_109,6,1,contact1@ethicalsourcing109.com,,https://www.commonobjective.co/ethical-sourcing-109,2025-08-22T16:28:15.342804,,,,
110,1174,Supplier_110,6,2,contact1@supplier110.uk; contact2@supplier110.uk,+447000000110,https://www.commonobjective.co/supplier-110,2025-08-22T16:28:15.342806,,,,
111,1174,Textile_Company_111,6,1,contact1@textilecompany111.com,+14000000111,https://www.commonobjective.co/textile-company-111,2025-08-22T16:28:15.342810,,,,
112,1174,Fashion_Manufacturer_112,6,1,contact1@fashionmanufacturer112.com,+919000000112,https://www.commonobjective.co/fashion-manufacturer-112,2025-08-22T16:28:15.342814,,,,
113,1174,Garment_Supplier_113,6,1,contact1@garmentsupplier113.net,,https://www.commonobjective.co/garment-supplier-113,2025-08-22T16:28:15.342817,,,,
114,1174,Sustainable_Fashion_114,6,1,contact1@sustainablefashion114.co,,https://www.commonobjective.co/sustainable-fashion-114,2025-08-22T16:28:15.342819,,,,
115,1174,Eco_Textiles_115,6,1,contact1@ecotextiles115.org,,https://www.commonobjective.co/eco-textiles-115,2025-08-22T16:28:15.342822,,,,
116,1174,Global_Apparel_116,6,1,contact1@globalapparel116.fashion,,https://www.commonobjective.co/global-apparel-116,2025-08-22T16:28:15.342825,,,,
117,1174,Organic_Clothing_117,6,1,contact1@organicclothing117.com,,https://www.commonobjective.co/organic-clothing-117,2025-08-22T16:28:15.342827,,,,
118,1174,Green_Fashion_118,6,1,contact1@greenfashion118.com,,https://www.commonobjective.co/green-fashion-118,2025-08-22T16:28:15.342830,,,,
119,1174,Ethical_Sourcing_119,6,1,contact1@ethicalsourcing119.com,,https://www.commonobjective.co/ethical-sourcing-119,2025-08-22T16:28:15.342832,,,,
120,1174,Supplier_120,6,2,contact1@supplier120.com; contact2@supplier120.com,+447000000120,https://www.commonobjective.co/supplier-120,2025-08-22T16:28:15.342834,,,,
121,1174,Textile_Company_121,7,1,contact1@textilecompany121.com,+14000000121,https://www.commonobjective.co/textile-company-121,2025-08-22T16:28:15.342838,,,,
122,1174,Fashion_Manufacturer_122,7,1,contact1@fashionmanufacturer122.uk,+919000000122,https://www.commonobjective.co/fashion-manufacturer-122,2025-08-22T16:28:15.342841,,,,
123,1174,Garment_Supplier_123,7,1,contact1@garmentsupplier123.com,,https://www.commonobjective.co/garment-supplier-123,2025-08-22T16:28:15.342844,,,,
124,1174,Sustainable_Fashion_124,7,1,contact1@sustainablefashion124.com,,https://www.commonobjective.co/sustainable-fashion-124,2025-08-22T16:28:15.342847,,,,
125,1174,Eco_Textiles_125,7,1,contact1@ecotextiles125.net,,https://www.commonobjective.co/eco-textiles-125,2025-08-22T16:28:15.342849,,,,
126,1174,Global_Apparel_126,7,1,contact1@globalapparel126.co,,https://www.commonobjective.co/global-apparel-126,2025-08-22T16:28:15.342852,,,,
127,1174,Organic_Clothing_127,7,1,contact1@organicclothing127.org,,https://www.commonobjective.co/organic-clothing-127,2025-08-22T16:28:15.342854,,,,
128,1174,Green_Fashion_128,7,1,contact1@greenfashion128.fashion,,https://www.commonobjective.co/green-fashion-128,2025-08-22T16:28:15.342857,,,,
129,1174,Ethical_Sourcing_129,7,1,contact1@ethicalsourcing129.com,,https://www.commonobjective.co/ethical-sourcing-129,2025-08-22T16:28:15.342860,,,,
130,1174,Supplier_130,7,2,contact1@supplier130.com; contact2@supplier130.com,+447000000130,https://www.commonobjective.co/supplier-130,2025-08-22T16:28:15.342862,,,,
131,1174,Textile_Company_131,7,1,contact1@textilecompany131.com,+14000000131,https://www.commonobjective.co/textile-company-131,2025-08-22T16:28:15.342866,,,,
132,1174,Fashion_Manufacturer_132,7,1,contact1@fashionmanufacturer132.com,+919000000132,https://www.commonobjective.co/fashion-manufacturer-132,2025-08-22T16:28:15.342869,,,,
133,1174,Garment_Supplier_133,7,1,contact1@garmentsupplier133.com,,https://www.commonobjective.co/garment-supplier-133,2025-08-22T16:28:15.342872,,,,
134,1174,Sustainable_Fashion_134,7,1,contact1@sustainablefashion134.uk,,https://www.commonobjective.co/sustainable-fashion-134,2025-08-22T16:28:15.342875,,,,
135,1174,Eco_Textiles_135,7,1,contact1@ecotextiles135.com,,https://www.commonobjective.co/eco-textiles-135,2025-08-22T16:28:15.342879,,,,
136,1174,Global_Apparel_136,7,1,contact1@globalapparel136.com,,https://www.commonobjective.co/global-apparel-136,2025-08-22T16:28:15.342881,,,,
137,1174,Organic_Clothing_137,7,1,contact1@organicclothing137.net,,https://www.commonobjective.co/organic-clothing-137,2025-08-22T16:28:15.342884,,,,
138,1174,Green_Fashion_138,7,1,contact1@greenfashion138.co,,https://www.commonobjective.co/green-fashion-138,2025-08-22T16:28:15.342886,,,,
139,1174,Ethical_Sourcing_139,7,1,contact1@ethicalsourcing139.org,,https://www.commonobjective.co/ethical-sourcing-139,2025-08-22T16:28:15.342889,,,,
140,1174,Supplier_140,7,2,contact1@supplier140.fashion; contact2@supplier140.fashion,+447000000140,https://www.commonobjective.co/supplier-140,2025-08-22T16:28:15.342891,,,,
141,1174,Textile_Company_141,8,1,contact1@textilecompany141.com,+14000000141,https://www.commonobjective.co/textile-company-141,2025-08-22T16:28:15.342896,,,,
142,1174,Fashion_Manufacturer_142,8,1,contact1@fashionmanufacturer142.com,+919000000142,https://www.commonobjective.co/fashion-manufacturer-142,2025-08-22T16:28:15.342900,,,,
143,1174,Garment_Supplier_143,8,1,contact1@garmentsupplier143.com,,https://www.commonobjective.co/garment-supplier-143,2025-08-22T16:28:15.342903,,,,
144,1174,Sustainable_Fashion_144,8,1,contact1@sustainablefashion144.com,,https://www.commonobjective.co/sustainable-fashion-144,2025-08-22T16:28:15.342906,,,,
145,1174,Eco_Textiles_145,8,1,contact1@ecotextiles145.com,,https://www.commonobjective.co/eco-textiles-145,2025-08-22T16:28:15.342909,,,,
146,1174,Global_Apparel_146,8,1,contact1@globalapparel146.uk,,https://www.commonobjective.co/global-apparel-146,2025-08-22T16:28:15.342911,,,,
147,1174,Organic_Clothing_147,8,1,contact1@organicclothing147.com,,https://www.commonobjective.co/organic-clothing-147,2025-08-22T16:28:15.342914,,,,
148,1174,Green_Fashion_148,8,1,contact1@greenfashion148.com,,https://www.commonobjective.co/green-fashion-148,2025-08-22T16:28:15.342916,,,,
149,1174,Ethical_Sourcing_149,8,1,contact1@ethicalsourcing149.net,,https://www.commonobjective.co/ethical-sourcing-149,2025-08-22T16:28:15.342919,,,,
150,1174,Supplier_150,8,2,contact1@supplier150.co; contact2@supplier150.co,+447000000150,https://www.commonobjective.co/supplier-150,2025-08-22T16:28:15.342921,,,,
151,1174,Textile_Company_151,8,1,contact1@textilecompany151.org,+14000000151,https://www.commonobjective.co/textile-company-151,2025-08-22T16:28:15.342925,,,,
152,1174,Fashion_Manufacturer_152,8,1,contact1@fashionmanufacturer152.fashion,+919000000152,https://www.commonobjective.co/fashion-manufacturer-152,2025-08-22T16:28:15.342928,,,,
153,1174,Garment_Supplier_153,8,1,contact1@garmentsupplier153.com,,https://www.commonobjective.co/garment-supplier-153,2025-08-22T16:28:15.342931,,,,
154,1174,Sustainable_Fashion_154,8,1,contact1@sustainablefashion154.com,,https://www.commonobjective.co/sustainable-fashion-154,2025-08-22T16:28:15.342934,,,,
155,1174,Eco_Textiles_155,8,1,contact1@ecotextiles155.com,,https://www.commonobjective.co/eco-textiles-155,2025-08-22T16:28:15.342936,,,,
156,1174,Global_Apparel_156,8,1,contact1@globalapparel156.com,,https://www.commonobjective.co/global-apparel-156,2025-08-22T16:28:15.342939,,,,
157,1174,Organic_Clothing_157,8,1,contact1@organicclothing157.com,,https://www.commonobjective.co/organic-clothing-157,2025-08-22T16:28:15.342941,,,,
158,1174,Green_Fashion_158,8,1,contact1@greenfashion158.uk,,https://www.commonobjective.co/green-fashion-158,2025-08-22T16:28:15.342944,,,,
159,1174,Ethical_Sourcing_159,8,1,contact1@ethicalsourcing159.com,,https://www.commonobjective.co/ethical-sourcing-159,2025-08-22T16:28:15.342946,,,,
160,1174,Supplier_160,8,2,contact1@supplier160.com; contact2@supplier160.com,+447000000160,https://www.commonobjective.co/supplier-160,2025-08-22T16:28:15.342949,,,,
161,1174,Textile_Company_161,9,1,contact1@textilecompany161.net,+14000000161,https://www.commonobjective.co/textile-company-161,2025-08-22T16:28:15.342952,,,,
162,1174,Fashion_Manufacturer_162,9,1,contact1@fashionmanufacturer162.co,+919000000162,https://www.commonobjective.co/fashion-manufacturer-162,2025-08-22T16:28:15.342955,,,,
163,1174,Garment_Supplier_163,9,1,contact1@garmentsupplier163.org,,https://www.commonobjective.co/garment-supplier-163,2025-08-22T16:28:15.342958,,,,
164,1174,Sustainable_Fashion_164,9,1,contact1@sustainablefashion164.fashion,,https://www.commonobjective.co/sustainable-fashion-164,2025-08-22T16:28:15.342961,,,,
165,1174,Eco_Textiles_165,9,1,contact1@ecotextiles165.com,,https://www.commonobjective.co/eco-textiles-165,2025-08-22T16:28:15.342964,,,,
166,1174,Global_Apparel_166,9,1,contact1@globalapparel166.com,,https://www.commonobjective.co/global-apparel-166,2025-08-22T16:28:15.342967,,,,
167,1174,Organic_Clothing_167,9,1,contact1@organicclothing167.com,,https://www.commonobjective.co/organic-clothing-167,2025-08-22T16:28:15.342971,,,,
168,1174,Green_Fashion_168,9,1,contact1@greenfashion168.com,,https://www.commonobjective.co/green-fashion-168,2025-08-22T16:28:15.342974,,,,
169,1174,Ethical_Sourcing_169,9,1,contact1@ethicalsourcing169.com,,https://www.commonobjective.co/ethical-sourcing-169,2025-08-22T16:28:15.342976,,,,
170,1174,Supplier_170,9,2,contact1@supplier170.uk; contact2@supplier170.uk,+447000000170,https://www.commonobjective.co/supplier-170,2025-08-22T16:28:15.342979,,,,
171,1174,Textile_Company_171,9,1,contact1@textilecompany171.com,+14000000171,https://www.commonobjective.co/textile-company-171,2025-08-22T16:28:15.342982,,,,
172,1174,Fashion_Manufacturer_172,9,1,contact1@fashionmanufacturer172.com,+919000000172,https://www.commonobjective.co/fashion-manufacturer-172,2025-08-22T16:28:15.342985,,,,
173,1174,Garment_Supplier_173,9,1,contact1@garmentsupplier173.net,,https://www.commonobjective.co/garment-supplier-173,2025-08-22T16:28:15.342988,,,,
174,1174,Sustainable_Fashion_174,9,1,contact1@sustainablefashion174.co,,https://www.commonobjective.co/sustainable-fashion-174,2025-08-22T16:28:15.342991,,,,
175,1174,Eco_Textiles_175,9,1,contact1@ecotextiles175.org,,https://www.commonobjective.co/eco-textiles-175,2025-08-22T16:28:15.342996,,,,
176,1174,Global_Apparel_176,9,1,contact1@globalapparel176.fashion,,https://www.commonobjective.co/global-apparel-176,2025-08-22T16:28:15.342999,,,,
177,1174,Organic_Clothing_177,9,1,contact1@organicclothing177.com,,https://www.commonobjective.co/organic-clothing-177,2025-08-22T16:28:15.343001,,,,
178,1174,Green_Fashion_178,9,1,contact1@greenfashion178.com,,https://www.commonobjective.co/green-fashion-178,2025-08-22T16:28:15.343003,,,,
179,1174,Ethical_Sourcing_179,9,1,contact1@ethicalsourcing179.com,,https://www.commonobjective.co/ethical-sourcing-179,2025-08-22T16:28:15.343006,,,,
180,1174,Supplier_180,9,2,contact1@supplier180.com; contact2@supplier180.com,+447000000180,https://www.commonobjective.co/supplier-180,2025-08-22T16:28:15.343008,,,,
181,1174,Textile_Company_181,10,1,contact1@textilecompany181.com,+14000000181,https://www.commonobjective.co/textile-company-181,2025-08-22T16:28:15.343012,,,,
182,1174,Fashion_Manufacturer_182,10,1,contact1@fashionmanufacturer182.uk,+919000000182,https://www.commonobjective.co/fashion-manufacturer-182,2025-08-22T16:28:15.343015,,,,
183,1174,Garment_Supplier_183,10,1,contact1@garmentsupplier183.com,,https://www.commonobjective.co/garment-supplier-183,2025-08-22T16:28:15.343018,,,,
184,1174,Sustainable_Fashion_184,10,1,contact1@sustainablefashion184.com,,https://www.commonobjective.co/sustainable-fashion-184,2025-08-22T16:28:15.343020,,,,
185,1174,Eco_Textiles_185,10,1,contact1@ecotextiles185.net,,https://www.commonobjective.co/eco-textiles-185,2025-08-22T16:28:15.343023,,,,
186,1174,Global_Apparel_186,10,1,contact1@globalapparel186.co,,https://www.commonobjective.co/global-apparel-186,2025-08-22T16:28:15.343025,,,,
187,1174,Organic_Clothing_187,10,1,contact1@organicclothing187.org,,https://www.commonobjective.co/organic-clothing-187,2025-08-22T16:28:15.343028,,,,
188,1174,Green_Fashion_188,10,1,contact1@greenfashion188.fashion,,https://www.commonobjective.co/green-fashion-188,2025-08-22T16:28:15.343030,,,,
189,1174,Ethical_Sourcing_189,10,1,contact1@ethicalsourcing189.com,,https://www.commonobjective.co/ethical-sourcing-189,2025-08-22T16:28:15.343034,,,,
190,1174,Supplier_190,10,2,contact1@supplier190.com; contact2@supplier190.com,+447000000190,https://www.commonobjective.co/supplier-190,2025-08-22T16:28:15.343037,,,,
191,1174,Textile_Company_191,10,1,contact1@textilecompany191.com,+14000000191,https://www.commonobjective.co/textile-company-191,2025-08-22T16:28:15.343040,,,,
192,1174,Fashion_Manufacturer_192,10,1,contact1@fashionmanufacturer192.com,+919000000192,https://www.commonobjective.co/fashion-manufacturer-192,2025-08-22T16:28:15.343044,,,,
193,1174,Garment_Supplier_193,10,0,,,https://www.commonobjective.co/garment-supplier-193,2025-08-22T16:28:15.343047,,,,
194,1174,Sustainable_Fashion_194,10,0,,,https://www.commonobjective.co/sustainable-fashion-194,2025-08-22T16:28:15.343049,,,,
195,1174,Eco_Textiles_195,10,0,,,https://www.commonobjective.co/eco-textiles-195,2025-08-22T16:28:15.343051,,,,
196,1174,Global_Apparel_196,10,0,,,https://www.commonobjective.co/global-apparel-196,2025-08-22T16:28:15.343053,,,,
197,1174,Organic_Clothing_197,10,0,,,https://www.commonobjective.co/organic-clothing-197,2025-08-22T16:28:15.343055,,,,
198,1174,Green_Fashion_198,10,0,,,https://www.commonobjective.co/green-fashion-198,2025-08-22T16:28:15.343057,,,,
199,1174,Ethical_Sourcing_199,10,0,,,https://www.commonobjective.co/ethical-sourcing-199,2025-08-22T16:28:15.343059,,,,
200,1174,Supplier_200,10,2,contact1@supplier200.fashion; contact2@supplier200.fashion,+447000000200,https://www.commonobjective.co/supplier-200,2025-08-22T16:28:15.343061,,,,
201,1174,Textile_Company_201,11,1,contact1@textilecompany201.com,+14000000201,https://www.commonobjective.co/textile-company-201,2025-08-22T16:28:15.343065,,,,
202,1174,Fashion_Manufacturer_202,11,1,contact1@fashionmanufacturer202.com,+919000000202,https://www.commonobjective.co/fashion-manufacturer-202,2025-08-22T16:28:15.343068,,,,
203,1174,Garment_Supplier_203,11,1,contact1@garmentsupplier203.com,,https://www.commonobjective.co/garment-supplier-203,2025-08-22T16:28:15.343071,,,,
204,1174,Sustainable_Fashion_204,11,1,contact1@sustainablefashion204.com,,https://www.commonobjective.co/sustainable-fashion-204,2025-08-22T16:28:15.343075,,,,
205,1174,Eco_Textiles_205,11,1,contact1@ecotextiles205.com,,https://www.commonobjective.co/eco-textiles-205,2025-08-22T16:28:15.343078,,,,
206,1174,Global_Apparel_206,11,1,contact1@globalapparel206.uk,,https://www.commonobjective.co/global-apparel-206,2025-08-22T16:28:15.343080,,,,
207,1174,Organic_Clothing_207,11,1,contact1@organicclothing207.com,,https://www.commonobjective.co/organic-clothing-207,2025-08-22T16:28:15.343083,,,,
208,1174,Green_Fashion_208,11,1,contact1@greenfashion208.com,,https://www.commonobjective.co/green-fashion-208,2025-08-22T16:28:15.343085,,,,
209,1174,Ethical_Sourcing_209,11,1,contact1@ethicalsourcing209.net,,https://www.commonobjective.co/ethical-sourcing-209,2025-08-22T16:28:15.343087,,,,
210,1174,Supplier_210,11,2,contact1@supplier210.co; contact2@supplier210.co,+447000000210,https://www.commonobjective.co/supplier-210,2025-08-22T16:28:15.343090,,,,
211,1174,Textile_Company_211,11,1,contact1@textilecompany211.org,+14000000211,https://www.commonobjective.co/textile-company-211,2025-08-22T16:28:15.343093,,,,
212,1174,Fashion_Manufacturer_212,11,1,contact1@fashionmanufacturer212.fashion,+919000000212,https://www.commonobjective.co/fashion-manufacturer-212,2025-08-22T16:28:15.343097,,,,
213,1174,Garment_Supplier_213,11,1,contact1@garmentsupplier213.com,,https://www.commonobjective.co/garment-supplier-213,2025-08-22T16:28:15.343100,,,,
214,1174,Sustainable_Fashion_214,11,1,contact1@sustainablefashion214.com,,https://www.commonobjective.co/sustainable-fashion-214,2025-08-22T16:28:15.343102,,,,
215,1174,Eco_Textiles_215,11,1,contact1@ecotextiles215.com,,https://www.commonobjective.co/eco-textiles-215,2025-08-22T16:28:15.343106,,,,
216,1174,Global_Apparel_216,11,1,contact1@globalapparel216.com,,https://www.commonobjective.co/global-apparel-216,2025-08-22T16:28:15.343109,,,,
217,1174,Organic_Clothing_217,11,1,contact1@organicclothing217.com,,https://www.commonobjective.co/organic-clothing-217,2025-08-22T16:28:15.343111,,,,
218,1174,Green_Fashion_218,11,1,contact1@greenfashion218.uk,,https://www.commonobjective.co/green-fashion-218,2025-08-22T16:28:15.343114,,,,
219,1174,Ethical_Sourcing_219,11,1,contact1@ethicalsourcing219.com,,https://www.commonobjective.co/ethical-sourcing-219,2025-08-22T16:28:15.343116,,,,
220,1174,Supplier_220,11,2,contact1@supplier220.com; contact2@supplier220.com,+447000000220,https://www.commonobjective.co/supplier-220,2025-08-22T16:28:15.343119,,,,
221,1174,Textile_Company_221,12,1,contact1@textilecompany221.net,+14000000221,https://www.commonobjective.co/textile-company-221,2025-08-22T16:28:15.343122,,,,
222,1174,Fashion_Manufacturer_222,12,1,contact1@fashionmanufacturer222.co,+919000000222,https://www.commonobjective.co/fashion-manufacturer-222,2025-08-22T16:28:15.343125,,,,
223,1174,Garment_Supplier_223,12,1,contact1@garmentsupplier223.org,,https://www.commonobjective.co/garment-supplier-223,2025-08-22T16:28:15.343128,,,,
224,1174,Sustainable_Fashion_224,12,1,contact1@sustainablefashion224.fashion,,https://www.commonobjective.co/sustainable-fashion-224,2025-08-22T16:28:15.343131,,,,
225,1174,Eco_Textiles_225,12,1,contact1@ecotextiles225.com,,https://www.commonobjective.co/eco-textiles-225,2025-08-22T16:28:15.343133,,,,
226,1174,Global_Apparel_226,12,1,contact1@globalapparel226.com,,https://www.commonobjective.co/global-apparel-226,2025-08-22T16:28:15.343136,,,,
227,1174,Organic_Clothing_227,12,1,contact1@organicclothing227.com,,https://www.commonobjective.co/organic-clothing-227,2025-08-22T16:28:15.343138,,,,
228,1174,Green_Fashion_228,12,1,contact1@greenfashion228.com,,https://www.commonobjective.co/green-fashion-228,2025-08-22T16:28:15.343140,,,,
229,1174,Ethical_Sourcing_229,12,1,contact1@ethicalsourcing229.com,,https://www.commonobjective.co/ethical-sourcing-229,2025-08-22T16:28:15.343143,,,,
230,1174,Supplier_230,12,2,contact1@supplier230.uk; contact2@supplier230.uk,+447000000230,https://www.commonobjective.co/supplier-230,2025-08-22T16:28:15.343145,,,,
231,1174,Textile_Company_231,12,1,contact1@textilecompany231.com,+14000000231,https://www.commonobjective.co/textile-company-231,2025-08-22T16:28:15.343149,,,,
232,1174,Fashion_Manufacturer_232,12,1,contact1@fashionmanufacturer232.com,+919000000232,https://www.commonobjective.co/fashion-manufacturer-232,2025-08-22T16:28:15.343152,,,,
233,1174,Garment_Supplier_233,12,1,contact1@garmentsupplier233.net,,https://www.commonobjective.co/garment-supplier-233,2025-08-22T16:28:15.343155,,,,
234,1174,Sustainable_Fashion_234,12,1,contact1@sustainablefashion234.co,,https://www.commonobjective.co/sustainable-fashion-234,2025-08-22T16:28:15.343157,,,,
235,1174,Eco_Textiles_235,12,1,contact1@ecotextiles235.org,,https://www.commonobjective.co/eco-textiles-235,2025-08-22T16:28:15.343160,,,,
236,1174,Global_Apparel_236,12,1,contact1@globalapparel236.fashion,,https://www.commonobjective.co/global-apparel-236,2025-08-22T16:28:15.343162,,,,
237,1174,Organic_Clothing_237,12,1,contact1@organicclothing237.com,,https://www.commonobjective.co/organic-clothing-237,2025-08-22T16:28:15.343165,,,,
238,1174,Green_Fashion_238,12,1,contact1@greenfashion238.com,,https://www.commonobjective.co/green-fashion-238,2025-08-22T16:28:15.343169,,,,
239,1174,Ethical_Sourcing_239,12,1,contact1@ethicalsourcing239.com,,https://www.commonobjective.co/ethical-sourcing-239,2025-08-22T16:28:15.343171,,,,
240,1174,Supplier_240,12,2,contact1@supplier240.com; contact2@supplier240.com,+447000000240,https://www.commonobjective.co/supplier-240,2025-08-22T16:28:15.343174,,,,
241,1174,Textile_Company_241,13,1,contact1@textilecompany241.com,+14000000241,https://www.commonobjective.co/textile-company-241,2025-08-22T16:28:15.343177,,,,
242,1174,Fashion_Manufacturer_242,13,1,contact1@fashionmanufacturer242.uk,+919000000242,https://www.commonobjective.co/fashion-manufacturer-242,2025-08-22T16:28:15.343180,,,,
243,1174,Garment_Supplier_243,13,1,contact1@garmentsupplier243.com,,https://www.commonobjective.co/garment-supplier-243,2025-08-22T16:28:15.343183,,,,
244,1174,Sustainable_Fashion_244,13,1,contact1@sustainablefashion244.com,,https://www.commonobjective.co/sustainable-fashion-244,2025-08-22T16:28:15.343186,,,,
245,1174,Eco_Textiles_245,13,1,contact1@ecotextiles245.net,,https://www.commonobjective.co/eco-textiles-245,2025-08-22T16:28:15.343189,,,,
246,1174,Global_Apparel_246,13,1,contact1@globalapparel246.co,,https://www.commonobjective.co/global-apparel-246,2025-08-22T16:28:15.343192,,,,
247,1174,Organic_Clothing_247,13,1,contact1@organicclothing247.org,,https://www.commonobjective.co/organic-clothing-247,2025-08-22T16:28:15.343195,,,,
248,1174,Green_Fashion_248,13,1,contact1@greenfashion248.fashion,,https://www.commonobjective.co/green-fashion-248,2025-08-22T16:28:15.343197,,,,
249,1174,Ethical_Sourcing_249,13,1,contact1@ethicalsourcing249.com,,https://www.commonobjective.co/ethical-sourcing-249,2025-08-22T16:28:15.343200,,,,
250,1174,Supplier_250,13,2,contact1@supplier250.com; contact2@supplier250.com,+447000000250,https://www.commonobjective.co/supplier-250,2025-08-22T16:28:15.343202,,,,
251,1174,Textile_Company_251,13,1,contact1@textilecompany251.com,+14000000251,https://www.commonobjective.co/textile-company-251,2025-08-22T16:28:15.343206,,,,
252,1174,Fashion_Manufacturer_252,13,1,contact1@fashionmanufacturer252.com,+919000000252,https://www.commonobjective.co/fashion-manufacturer-252,2025-08-22T16:28:15.343209,,,,
253,1174,Garment_Supplier_253,13,1,contact1@garmentsupplier253.com,,https://www.commonobjective.co/garment-supplier-253,2025-08-22T16:28:15.343212,,,,
254,1174,Sustainable_Fashion_254,13,1,contact1@sustainablefashion254.uk,,https://www.commonobjective.co/sustainable-fashion-254,2025-08-22T16:28:15.343214,,,,
255,1174,Eco_Textiles_255,13,1,contact1@ecotextiles255.com,,https://www.commonobjective.co/eco-textiles-255,2025-08-22T16:28:15.343218,,,,
256,1174,Global_Apparel_256,13,1,contact1@globalapparel256.com,,https://www.commonobjective.co/global-apparel-256,2025-08-22T16:28:15.343221,,,,
257,1174,Organic_Clothing_257,13,1,contact1@organicclothing257.net,,https://www.commonobjective.co/organic-clothing-257,2025-08-22T16:28:15.343224,,,,
258,1174,Green_Fashion_258,13,1,contact1@greenfashion258.co,,https://www.commonobjective.co/green-fashion-258,2025-08-22T16:28:15.343227,,,,
259,1174,Ethical_Sourcing_259,13,1,contact1@ethicalsourcing259.org,,https://www.commonobjective.co/ethical-sourcing-259,2025-08-22T16:28:15.343229,,,,
260,1174,Supplier_260,13,2,contact1@supplier260.fashion; contact2@supplier260.fashion,+447000000260,https://www.commonobjective.co/supplier-260,2025-08-22T16:28:15.343232,,,,
261,1174,Textile_Company_261,14,1,contact1@textilecompany261.com,+14000000261,https://www.commonobjective.co/textile-company-261,2025-08-22T16:28:15.343236,,,,
262,1174,Fashion_Manufacturer_262,14,1,contact1@fashionmanufacturer262.com,+919000000262,https://www.commonobjective.co/fashion-manufacturer-262,2025-08-22T16:28:15.343240,,,,
263,1174,Garment_Supplier_263,14,1,contact1@garmentsupplier263.com,,https://www.commonobjective.co/garment-supplier-263,2025-08-22T16:28:15.343244,,,,
264,1174,Sustainable_Fashion_264,14,1,contact1@sustainablefashion264.com,,https://www.commonobjective.co/sustainable-fashion-264,2025-08-22T16:28:15.343246,,,,
265,1174,Eco_Textiles_265,14,1,contact1@ecotextiles265.com,,https://www.commonobjective.co/eco-textiles-265,2025-08-22T16:28:15.343249,,,,
266,1174,Global_Apparel_266,14,1,contact1@globalapparel266.uk,,https://www.commonobjective.co/global-apparel-266,2025-08-22T16:28:15.343252,,,,
267,1174,Organic_Clothing_267,14,1,contact1@organicclothing267.com,,https://www.commonobjective.co/organic-clothing-267,2025-08-22T16:28:15.343254,,,,
268,1174,Green_Fashion_268,14,1,contact1@greenfashion268.com,,https://www.commonobjective.co/green-fashion-268,2025-08-22T16:28:15.343256,,,,
269,1174,Ethical_Sourcing_269,14,1,contact1@ethicalsourcing269.net,,https://www.commonobjective.co/ethical-sourcing-269,2025-08-22T16:28:15.343259,,,,
270,1174,Supplier_270,14,2,contact1@supplier270.co; contact2@supplier270.co,+447000000270,https://www.commonobjective.co/supplier-270,2025-08-22T16:28:15.343262,,,,
271,1174,Textile_Company_271,14,1,contact1@textilecompany271.org,+14000000271,https://www.commonobjective.co/textile-company-271,2025-08-22T16:28:15.343265,,,,
272,1174,Fashion_Manufacturer_272,14,1,contact1@fashionmanufacturer272.fashion,+919000000272,https://www.commonobjective.co/fashion-manufacturer-272,2025-08-22T16:28:15.343269,,,,
273,1174,Garment_Supplier_273,14,1,contact1@garmentsupplier273.com,,https://www.commonobjective.co/garment-supplier-273,2025-08-22T16:28:15.343272,,,,
274,1174,Sustainable_Fashion_274,14,1,contact1@sustainablefashion274.com,,https://www.commonobjective.co/sustainable-fashion-274,2025-08-22T16:28:15.343274,,,,
275,1174,Eco_Textiles_275,14,1,contact1@ecotextiles275.com,,https://www.commonobjective.co/eco-textiles-275,2025-08-22T16:28:15.343277,,,,
276,1174,Global_Apparel_276,14,1,contact1@globalapparel276.com,,https://www.commonobjective.co/global-apparel-276,2025-08-22T16:28:15.343279,,,,
277,1174,Organic_Clothing_277,14,1,contact1@organicclothing277.com,,https://www.commonobjective.co/organic-clothing-277,2025-08-22T16:28:15.343282,,,,
278,1174,Green_Fashion_278,14,1,contact1@greenfashion278.uk,,https://www.commonobjective.co/green-fashion-278,2025-08-22T16:28:15.343284,,,,
279,1174,Ethical_Sourcing_279,14,1,contact1@ethicalsourcing279.com,,https://www.commonobjective.co/ethical-sourcing-279,2025-08-22T16:28:15.343287,,,,
280,1174,Supplier_280,14,2,contact1@supplier280.com; contact2@supplier280.com,+447000000280,https://www.commonobjective.co/supplier-280,2025-08-22T16:28:15.343289,,,,
281,1174,Textile_Company_281,15,1,contact1@textilecompany281.net,+14000000281,https://www.commonobjective.co/textile-company-281,2025-08-22T16:28:15.343293,,,,
282,1174,Fashion_Manufacturer_282,15,1,contact1@fashionmanufacturer282.co,+919000000282,https://www.commonobjective.co/fashion-manufacturer-282,2025-08-22T16:28:15.343296,,,,
283,1174,Garment_Supplier_283,15,1,contact1@garmentsupplier283.org,,https://www.commonobjective.co/garment-supplier-283,2025-08-22T16:28:15.343299,,,,
284,1174,Sustainable_Fashion_284,15,1,contact1@sustainablefashion284.fashion,,https://www.commonobjective.co/sustainable-fashion-284,2025-08-22T16:28:15.343301,,,,
285,1174,Eco_Textiles_285,15,1,contact1@ecotextiles285.com,,https://www.commonobjective.co/eco-textiles-285,2025-08-22T16:28:15.343304,,,,
286,1174,Global_Apparel_286,15,1,contact1@globalapparel286.com,,https://www.commonobjective.co/global-apparel-286,2025-08-22T16:28:15.343308,,,,
287,1174,Organic_Clothing_287,15,1,contact1@organicclothing287.com,,https://www.commonobjective.co/organic-clothing-287,2025-08-22T16:28:15.343311,,,,
288,1174,Green_Fashion_288,15,1,contact1@greenfashion288.com,,https://www.commonobjective.co/green-fashion-288,2025-08-22T16:28:15.343313,,,,
289,1174,Ethical_Sourcing_289,15,1,contact1@ethicalsourcing289.com,,https://www.commonobjective.co/ethical-sourcing-289,2025-08-22T16:28:15.343316,,,,
290,1174,Supplier_290,15,2,contact1@supplier290.uk; contact2@supplier290.uk,+447000000290,https://www.commonobjective.co/supplier-290,2025-08-22T16:28:15.343318,,,,
291,1174,Textile_Company_291,15,1,contact1@textilecompany291.com,+14000000291,https://www.commonobjective.co/textile-company-291,2025-08-22T16:28:15.343322,,,,
292,1174,Fashion_Manufacturer_292,15,1,contact1@fashionmanufacturer292.com,+919000000292,https://www.commonobjective.co/fashion-manufacturer-292,2025-08-22T16:28:15.343325,,,,
293,1174,Garment_Supplier_293,15,0,,,https://www.commonobjective.co/garment-supplier-293,2025-08-22T16:28:15.343328,,,,
294,1174,Sustainable_Fashion_294,15,0,,,https://www.commonobjective.co/sustainable-fashion-294,2025-08-22T16:28:15.343331,,,,
295,1174,Eco_Textiles_295,15,0,,,https://www.commonobjective.co/eco-textiles-295,2025-08-22T16:28:15.343334,,,,
296,1174,Global_Apparel_296,15,0,,,https://www.commonobjective.co/global-apparel-296,2025-08-22T16:28:15.343336,,,,
297,1174,Organic_Clothing_297,15,0,,,https://www.commonobjective.co/organic-clothing-297,2025-08-22T16:28:15.343338,,,,
298,1174,Green_Fashion_298,15,0,,,https://www.commonobjective.co/green-fashion-298,2025-08-22T16:28:15.343340,,,,
299,1174,Ethical_Sourcing_299,15,0,,,https://www.commonobjective.co/ethical-sourcing-299,2025-08-22T16:28:15.343342,,,,
300,1174,Supplier_300,15,2,contact1@supplier300.com; contact2@supplier300.com,+447000000300,https://www.commonobjective.co/supplier-300,2025-08-22T16:28:15.343344,,,,
301,1174,Textile_Company_301,16,1,contact1@textilecompany301.com,+14000000301,https://www.commonobjective.co/textile-company-301,2025-08-22T16:28:15.343347,,,,
302,1174,Fashion_Manufacturer_302,16,1,contact1@fashionmanufacturer302.uk,+919000000302,https://www.commonobjective.co/fashion-manufacturer-302,2025-08-22T16:28:15.343351,,,,
303,1174,Garment_Supplier_303,16,1,contact1@garmentsupplier303.com,,https://www.commonobjective.co/garment-supplier-303,2025-08-22T16:28:15.343354,,,,
304,1174,Sustainable_Fashion_304,16,1,contact1@sustainablefashion304.com,,https://www.commonobjective.co/sustainable-fashion-304,2025-08-22T16:28:15.343357,,,,
305,1174,Eco_Textiles_305,16,1,contact1@ecotextiles305.net,,https://www.commonobjective.co/eco-textiles-305,2025-08-22T16:28:15.343360,,,,
306,1174,Global_Apparel_306,16,1,contact1@globalapparel306.co,,https://www.commonobjective.co/global-apparel-306,2025-08-22T16:28:15.343363,,,,
307,1174,Organic_Clothing_307,16,1,contact1@organicclothing307.org,,https://www.commonobjective.co/organic-clothing-307,2025-08-22T16:28:15.343365,,,,
308,1174,Green_Fashion_308,16,1,contact1@greenfashion308.fashion,,https://www.commonobjective.co/green-fashion-308,2025-08-22T16:28:15.343368,,,,
309,1174,Ethical_Sourcing_309,16,1,contact1@ethicalsourcing309.com,,https://www.commonobjective.co/ethical-sourcing-309,2025-08-22T16:28:15.343370,,,,
310,1174,Supplier_310,16,2,contact1@supplier310.com; contact2@supplier310.com,+447000000310,https://www.commonobjective.co/supplier-310,2025-08-22T16:28:15.343373,,,,
311,1174,Textile_Company_311,16,1,contact1@textilecompany311.com,+14000000311,https://www.commonobjective.co/textile-company-311,2025-08-22T16:28:15.343376,,,,
312,1174,Fashion_Manufacturer_312,16,1,contact1@fashionmanufacturer312.com,+919000000312,https://www.commonobjective.co/fashion-manufacturer-312,2025-08-22T16:28:15.343379,,,,
313,1174,Garment_Supplier_313,16,1,contact1@garmentsupplier313.com,,https://www.commonobjective.co/garment-supplier-313,2025-08-22T16:28:15.343382,,,,
314,1174,Sustainable_Fashion_314,16,1,contact1@sustainablefashion314.uk,,https://www.commonobjective.co/sustainable-fashion-314,2025-08-22T16:28:15.343385,,,,
315,1174,Eco_Textiles_315,16,1,contact1@ecotextiles315.com,,https://www.commonobjective.co/eco-textiles-315,2025-08-22T16:28:15.343387,,,,
316,1174,Global_Apparel_316,16,1,contact1@globalapparel316.com,,https://www.commonobjective.co/global-apparel-316,2025-08-22T16:28:15.343390,,,,
317,1174,Organic_Clothing_317,16,1,contact1@organicclothing317.net,,https://www.commonobjective.co/organic-clothing-317,2025-08-22T16:28:15.343392,,,,
318,1174,Green_Fashion_318,16,1,contact1@greenfashion318.co,,https://www.commonobjective.co/green-fashion-318,2025-08-22T16:28:15.343395,,,,
319,1174,Ethical_Sourcing_319,16,1,contact1@ethicalsourcing319.org,,https://www.commonobjective.co/ethical-sourcing-319,2025-08-22T16:28:15.343397,,,,
320,1174,Supplier_320,16,2,contact1@supplier320.fashion; contact2@supplier320.fashion,+447000000320,https://www.commonobjective.co/supplier-320,2025-08-22T16:28:15.343400,,,,
321,1174,Textile_Company_321,17,1,contact1@textilecompany321.com,+14000000321,https://www.commonobjective.co/textile-company-321,2025-08-22T16:28:15.343403,,,,
322,1174,Fashion_Manufacturer_322,17,1,contact1@fashionmanufacturer322.com,+919000000322,https://www.commonobjective.co/fashion-manufacturer-322,2025-08-22T16:28:15.343406,,,,
323,1174,Garment_Supplier_323,17,1,contact1@garmentsupplier323.com,,https://www.commonobjective.co/garment-supplier-323,2025-08-22T16:28:15.343409,,,,
324,1174,Sustainable_Fashion_324,17,1,contact1@sustainablefashion324.com,,https://www.commonobjective.co/sustainable-fashion-324,2025-08-22T16:28:15.343412,,,,
325,1174,Eco_Textiles_325,17,1,contact1@ecotextiles325.com,,https://www.commonobjective.co/eco-textiles-325,2025-08-22T16:28:15.343415,,,,
326,1174,Global_Apparel_326,17,1,contact1@globalapparel326.uk,,https://www.commonobjective.co/global-apparel-326,2025-08-22T16:28:15.343417,,,,
327,1174,Organic_Clothing_327,17,1,contact1@organicclothing327.com,,https://www.commonobjective.co/organic-clothing-327,2025-08-22T16:28:15.343420,,,,
328,1174,Green_Fashion_328,17,1,contact1@greenfashion328.com,,https://www.commonobjective.co/green-fashion-328,2025-08-22T16:28:15.343422,,,,
329,1174,Ethical_Sourcing_329,17,1,contact1@ethicalsourcing329.net,,https://www.commonobjective.co/ethical-sourcing-329,2025-08-22T16:28:15.343425,,,,
330,1174,Supplier_330,17,2,contact1@supplier330.co; contact2@supplier330.co,+447000000330,https://www.commonobjective.co/supplier-330,2025-08-22T16:28:15.343427,,,,
331,1174,Textile_Company_331,17,1,contact1@textilecompany331.org,+14000000331,https://www.commonobjective.co/textile-company-331,2025-08-22T16:28:15.343431,,,,
332,1174,Fashion_Manufacturer_332,17,1,contact1@fashionmanufacturer332.fashion,+919000000332,https://www.commonobjective.co/fashion-manufacturer-332,2025-08-22T16:28:15.343434,,,,
333,1174,Garment_Supplier_333,17,1,contact1@garmentsupplier333.com,,https://www.commonobjective.co/garment-supplier-333,2025-08-22T16:28:15.343437,,,,
334,1174,Sustainable_Fashion_334,17,1,contact1@sustainablefashion334.com,,https://www.commonobjective.co/sustainable-fashion-334,2025-08-22T16:28:15.343440,,,,
335,1174,Eco_Textiles_335,17,1,contact1@ecotextiles335.com,,https://www.commonobjective.co/eco-textiles-335,2025-08-22T16:28:15.343444,,,,
336,1174,Global_Apparel_336,17,1,contact1@globalapparel336.com,,https://www.commonobjective.co/global-apparel-336,2025-08-22T16:28:15.343447,,,,
337,1174,Organic_Clothing_337,17,1,contact1@organicclothing337.com,,https://www.commonobjective.co/organic-clothing-337,2025-08-22T16:28:15.343449,,,,
338,1174,Green_Fashion_338,17,1,contact1@greenfashion338.uk,,https://www.commonobjective.co/green-fashion-338,2025-08-22T16:28:15.343452,,,,
339,1174,Ethical_Sourcing_339,17,1,contact1@ethicalsourcing339.com,,https://www.commonobjective.co/ethical-sourcing-339,2025-08-22T16:28:15.343454,,,,
340,1174,Supplier_340,17,2,contact1@supplier340.com; contact2@supplier340.com,+447000000340,https://www.commonobjective.co/supplier-340,2025-08-22T16:28:15.343457,,,,
341,1174,Textile_Company_341,18,1,contact1@textilecompany341.net,+14000000341,https://www.commonobjective.co/textile-company-341,2025-08-22T16:28:15.343460,,,,
342,1174,Fashion_Manufacturer_342,18,1,contact1@fashionmanufacturer342.co,+919000000342,https://www.commonobjective.co/fashion-manufacturer-342,2025-08-22T16:28:15.343463,,,,
343,1174,Garment_Supplier_343,18,1,contact1@garmentsupplier343.org,,https://www.commonobjective.co/garment-supplier-343,2025-08-22T16:28:15.343466,,,,
344,1174,Sustainable_Fashion_344,18,1,contact1@sustainablefashion344.fashion,,https://www.commonobjective.co/sustainable-fashion-344,2025-08-22T16:28:15.343469,,,,
345,1174,Eco_Textiles_345,18,1,contact1@ecotextiles345.com,,https://www.commonobjective.co/eco-textiles-345,2025-08-22T16:28:15.343471,,,,
346,1174,Global_Apparel_346,18,1,contact1@globalapparel346.com,,https://www.commonobjective.co/global-apparel-346,2025-08-22T16:28:15.343474,,,,
347,1174,Organic_Clothing_347,18,1,contact1@organicclothing347.com,,https://www.commonobjective.co/organic-clothing-347,2025-08-22T16:28:15.343476,,,,
348,1174,Green_Fashion_348,18,1,contact1@greenfashion348.com,,https://www.commonobjective.co/green-fashion-348,2025-08-22T16:28:15.343479,,,,
349,1174,Ethical_Sourcing_349,18,1,contact1@ethicalsourcing349.com,,https://www.commonobjective.co/ethical-sourcing-349,2025-08-22T16:28:15.343481,,,,
350,1174,Supplier_350,18,2,contact1@supplier350.uk; contact2@supplier350.uk,+447000000350,https://www.commonobjective.co/supplier-350,2025-08-22T16:28:15.343484,,,,
351,1174,Textile_Company_351,18,1,contact1@textilecompany351.com,+14000000351,https://www.commonobjective.co/textile-company-351,2025-08-22T16:28:15.343487,,,,
352,1174,Fashion_Manufacturer_352,18,1,contact1@fashionmanufacturer352.com,+919000000352,https://www.commonobjective.co/fashion-manufacturer-352,2025-08-22T16:28:15.343490,,,,
353,1174,Garment_Supplier_353,18,1,contact1@garmentsupplier353.net,,https://www.commonobjective.co/garment-supplier-353,2025-08-22T16:28:15.343493,,,,
354,1174,Sustainable_Fashion_354,18,1,contact1@sustainablefashion354.co,,https://www.commonobjective.co/sustainable-fashion-354,2025-08-22T16:28:15.343496,,,,
355,1174,Eco_Textiles_355,18,1,contact1@ecotextiles355.org,,https://www.commonobjective.co/eco-textiles-355,2025-08-22T16:28:15.343498,,,,
356,1174,Global_Apparel_356,18,1,contact1@globalapparel356.fashion,,https://www.commonobjective.co/global-apparel-356,2025-08-22T16:28:15.343501,,,,
357,1174,Organic_Clothing_357,18,1,contact1@organicclothing357.com,,https://www.commonobjective.co/organic-clothing-357,2025-08-22T16:28:15.343503,,,,
358,1174,Green_Fashion_358,18,1,contact1@greenfashion358.com,,https://www.commonobjective.co/green-fashion-358,2025-08-22T16:28:15.343506,,,,
359,1174,Ethical_Sourcing_359,18,1,contact1@ethicalsourcing359.com,,https://www.commonobjective.co/ethical-sourcing-359,2025-08-22T16:28:15.343508,,,,
360,1174,Supplier_360,18,2,contact1@supplier360.com; contact2@supplier360.com,+447000000360,https://www.commonobjective.co/supplier-360,2025-08-22T16:28:15.343510,,,,
361,1174,Textile_Company_361,19,1,contact1@textilecompany361.com,+14000000361,https://www.commonobjective.co/textile-company-361,2025-08-22T16:28:15.343514,,,,
362,1174,Fashion_Manufacturer_362,19,1,contact1@fashionmanufacturer362.uk,+919000000362,https://www.commonobjective.co/fashion-manufacturer-362,2025-08-22T16:28:15.343517,,,,
363,1174,Garment_Supplier_363,19,1,contact1@garmentsupplier363.com,,https://www.commonobjective.co/garment-supplier-363,2025-08-22T16:28:15.343520,,,,
364,1174,Sustainable_Fashion_364,19,1,contact1@sustainablefashion364.com,,https://www.commonobjective.co/sustainable-fashion-364,2025-08-22T16:28:15.343523,,,,
365,1174,Eco_Textiles_365,19,1,contact1@ecotextiles365.net,,https://www.commonobjective.co/eco-textiles-365,2025-08-22T16:28:15.343525,,,,
366,1174,Global_Apparel_366,19,1,contact1@globalapparel366.co,,https://www.commonobjective.co/global-apparel-366,2025-08-22T16:28:15.343528,,,,
367,1174,Organic_Clothing_367,19,1,contact1@organicclothing367.org,,https://www.commonobjective.co/organic-clothing-367,2025-08-22T16:28:15.343530,,,,
368,1174,Green_Fashion_368,19,1,contact1@greenfashion368.fashion,,https://www.commonobjective.co/green-fashion-368,2025-08-22T16:28:15.343533,,,,
369,1174,Ethical_Sourcing_369,19,1,contact1@ethicalsourcing369.com,,https://www.commonobjective.co/ethical-sourcing-369,2025-08-22T16:28:15.343535,,,,
370,1174,Supplier_370,19,2,contact1@supplier370.com; contact2@supplier370.com,+447000000370,https://www.commonobjective.co/supplier-370,2025-08-22T16:28:15.343538,,,,
371,1174,Textile_Company_371,19,1,contact1@textilecompany371.com,+14000000371,https://www.commonobjective.co/textile-company-371,2025-08-22T16:28:15.343541,,,,
372,1174,Fashion_Manufacturer_372,19,1,contact1@fashionmanufacturer372.com,+919000000372,https://www.commonobjective.co/fashion-manufacturer-372,2025-08-22T16:28:15.343544,,,,
373,1174,Garment_Supplier_373,19,1,contact1@garmentsupplier373.com,,https://www.commonobjective.co/garment-supplier-373,2025-08-22T16:28:15.343547,,,,
374,1174,Sustainable_Fashion_374,19,1,contact1@sustainablefashion374.uk,,https://www.commonobjective.co/sustainable-fashion-374,2025-08-22T16:28:15.343550,,,,
375,1174,Eco_Textiles_375,19,1,contact1@ecotextiles375.com,,https://www.commonobjective.co/eco-textiles-375,2025-08-22T16:28:15.343553,,,,
376,1174,Global_Apparel_376,19,1,contact1@globalapparel376.com,,https://www.commonobjective.co/global-apparel-376,2025-08-22T16:28:15.343556,,,,
377,1174,Organic_Clothing_377,19,1,contact1@organicclothing377.net,,https://www.commonobjective.co/organic-clothing-377,2025-08-22T16:28:15.343558,,,,
378,1174,Green_Fashion_378,19,1,contact1@greenfashion378.co,,https://www.commonobjective.co/green-fashion-378,2025-08-22T16:28:15.343561,,,,
379,1174,Ethical_Sourcing_379,19,1,contact1@ethicalsourcing379.org,,https://www.commonobjective.co/ethical-sourcing-379,2025-08-22T16:28:15.343564,,,,
380,1174,Supplier_380,19,2,contact1@supplier380.fashion; contact2@supplier380.fashion,+447000000380,https://www.commonobjective.co/supplier-380,2025-08-22T16:28:15.343566,,,,
381,1174,Textile_Company_381,20,1,contact1@textilecompany381.com,+14000000381,https://www.commonobjective.co/textile-company-381,2025-08-22T16:28:15.343569,,,,
382,1174,Fashion_Manufacturer_382,20,1,contact1@fashionmanufacturer382.com,+919000000382,https://www.commonobjective.co/fashion-manufacturer-382,2025-08-22T16:28:15.343573,,,,
383,1174,Garment_Supplier_383,20,1,contact1@garmentsupplier383.com,,https://www.commonobjective.co/garment-supplier-383,2025-08-22T16:28:15.343577,,,,
384,1174,Sustainable_Fashion_384,20,1,contact1@sustainablefashion384.com,,https://www.commonobjective.co/sustainable-fashion-384,2025-08-22T16:28:15.343580,,,,
385,1174,Eco_Textiles_385,20,1,contact1@ecotextiles385.com,,https://www.commonobjective.co/eco-textiles-385,2025-08-22T16:28:15.343582,,,,
386,1174,Global_Apparel_386,20,1,contact1@globalapparel386.uk,,https://www.commonobjective.co/global-apparel-386,2025-08-22T16:28:15.343585,,,,
387,1174,Organic_Clothing_387,20,1,contact1@organicclothing387.com,,https://www.commonobjective.co/organic-clothing-387,2025-08-22T16:28:15.343587,,,,
388,1174,Green_Fashion_388,20,1,contact1@greenfashion388.com,,https://www.commonobjective.co/green-fashion-388,2025-08-22T16:28:15.343590,,,,
389,1174,Ethical_Sourcing_389,20,1,contact1@ethicalsourcing389.net,,https://www.commonobjective.co/ethical-sourcing-389,2025-08-22T16:28:15.343592,,,,
390,1174,Supplier_390,20,2,contact1@supplier390.co; contact2@supplier390.co,+447000000390,https://www.commonobjective.co/supplier-390,2025-08-22T16:28:15.343595,,,,
391,1174,Textile_Company_391,20,1,contact1@textilecompany391.org,+14000000391,https://www.commonobjective.co/textile-company-391,2025-08-22T16:28:15.343598,,,,
392,1174,Fashion_Manufacturer_392,20,1,contact1@fashionmanufacturer392.fashion,+919000000392,https://www.commonobjective.co/fashion-manufacturer-392,2025-08-22T16:28:15.343601,,,,
393,1174,Garment_Supplier_393,20,0,,,https://www.commonobjective.co/garment-supplier-393,2025-08-22T16:28:15.343604,,,,
394,1174,Sustainable_Fashion_394,20,0,,,https://www.commonobjective.co/sustainable-fashion-394,2025-08-22T16:28:15.343606,,,,
395,1174,Eco_Textiles_395,20,0,,,https://www.commonobjective.co/eco-textiles-395,2025-08-22T16:28:15.343609,,,,
396,1174,Global_Apparel_396,20,0,,,https://www.commonobjective.co/global-apparel-396,2025-08-22T16:28:15.343611,,,,
397,1174,Organic_Clothing_397,20,0,,,https://www.commonobjective.co/organic-clothing-397,2025-08-22T16:28:15.343613,,,,
398,1174,Green_Fashion_398,20,0,,,https://www.commonobjective.co/green-fashion-398,2025-08-22T16:28:15.343615,,,,
399,1174,Ethical_Sourcing_399,20,0,,,https://www.commonobjective.co/ethical-sourcing-399,2025-08-22T16:28:15.343617,,,,
400,1174,Supplier_400,20,2,contact1@supplier400.com; contact2@supplier400.com,+447000000400,https://www.commonobjective.co/supplier-400,2025-08-22T16:28:15.343619,,,,
401,1174,Textile_Company_401,21,1,contact1@textilecompany401.net,+14000000401,https://www.commonobjective.co/textile-company-401,2025-08-22T16:28:15.343622,,,,
402,1174,Fashion_Manufacturer_402,21,1,contact1@fashionmanufacturer402.co,+919000000402,https://www.commonobjective.co/fashion-manufacturer-402,2025-08-22T16:28:15.343626,,,,
403,1174,Garment_Supplier_403,21,1,contact1@garmentsupplier403.org,,https://www.commonobjective.co/garment-supplier-403,2025-08-22T16:28:15.343631,,,,
404,1174,Sustainable_Fashion_404,21,1,contact1@sustainablefashion404.fashion,,https://www.commonobjective.co/sustainable-fashion-404,2025-08-22T16:28:15.343633,,,,
405,1174,Eco_Textiles_405,21,1,contact1@ecotextiles405.com,,https://www.commonobjective.co/eco-textiles-405,2025-08-22T16:28:15.343636,,,,
406,1174,Global_Apparel_406,21,1,contact1@globalapparel406.com,,https://www.commonobjective.co/global-apparel-406,2025-08-22T16:28:15.343638,,,,
407,1174,Organic_Clothing_407,21,1,contact1@organicclothing407.com,,https://www.commonobjective.co/organic-clothing-407,2025-08-22T16:28:15.343641,,,,
408,1174,Green_Fashion_408,21,1,contact1@greenfashion408.com,,https://www.commonobjective.co/green-fashion-408,2025-08-22T16:28:15.343643,,,,
409,1174,Ethical_Sourcing_409,21,1,contact1@ethicalsourcing409.com,,https://www.commonobjective.co/ethical-sourcing-409,2025-08-22T16:28:15.343646,,,,
410,1174,Supplier_410,21,2,contact1@supplier410.uk; contact2@supplier410.uk,+447000000410,https://www.commonobjective.co/supplier-410,2025-08-22T16:28:15.343648,,,,
411,1174,Textile_Company_411,21,1,contact1@textilecompany411.com,+14000000411,https://www.commonobjective.co/textile-company-411,2025-08-22T16:28:15.343652,,,,
412,1174,Fashion_Manufacturer_412,21,1,contact1@fashionmanufacturer412.com,+919000000412,https://www.commonobjective.co/fashion-manufacturer-412,2025-08-22T16:28:15.343655,,,,
413,1174,Garment_Supplier_413,21,1,contact1@garmentsupplier413.net,,https://www.commonobjective.co/garment-supplier-413,2025-08-22T16:28:15.343658,,,,
414,1174,Sustainable_Fashion_414,21,1,contact1@sustainablefashion414.co,,https://www.commonobjective.co/sustainable-fashion-414,2025-08-22T16:28:15.343660,,,,
415,1174,Eco_Textiles_415,21,1,contact1@ecotextiles415.org,,https://www.commonobjective.co/eco-textiles-415,2025-08-22T16:28:15.343664,,,,
416,1174,Global_Apparel_416,21,1,contact1@globalapparel416.fashion,,https://www.commonobjective.co/global-apparel-416,2025-08-22T16:28:15.343668,,,,
417,1174,Organic_Clothing_417,21,1,contact1@organicclothing417.com,,https://www.commonobjective.co/organic-clothing-417,2025-08-22T16:28:15.343670,,,,
418,1174,Green_Fashion_418,21,1,contact1@greenfashion418.com,,https://www.commonobjective.co/green-fashion-418,2025-08-22T16:28:15.343673,,,,
419,1174,Ethical_Sourcing_419,21,1,contact1@ethicalsourcing419.com,,https://www.commonobjective.co/ethical-sourcing-419,2025-08-22T16:28:15.343675,,,,
420,1174,Supplier_420,21,2,contact1@supplier420.com; contact2@supplier420.com,+447000000420,https://www.commonobjective.co/supplier-420,2025-08-22T16:28:15.343678,,,,
421,1174,Textile_Company_421,22,1,contact1@textilecompany421.com,+14000000421,https://www.commonobjective.co/textile-company-421,2025-08-22T16:28:15.343681,,,,
422,1174,Fashion_Manufacturer_422,22,1,contact1@fashionmanufacturer422.uk,+919000000422,https://www.commonobjective.co/fashion-manufacturer-422,2025-08-22T16:28:15.343684,,,,
423,1174,Garment_Supplier_423,22,1,contact1@garmentsupplier423.com,,https://www.commonobjective.co/garment-supplier-423,2025-08-22T16:28:15.343687,,,,
424,1174,Sustainable_Fashion_424,22,1,contact1@sustainablefashion424.com,,https://www.commonobjective.co/sustainable-fashion-424,2025-08-22T16:28:15.343690,,,,
425,1174,Eco_Textiles_425,22,1,contact1@ecotextiles425.net,,https://www.commonobjective.co/eco-textiles-425,2025-08-22T16:28:15.343693,,,,
426,1174,Global_Apparel_426,22,1,contact1@globalapparel426.co,,https://www.commonobjective.co/global-apparel-426,2025-08-22T16:28:15.343695,,,,
427,1174,Organic_Clothing_427,22,1,contact1@organicclothing427.org,,https://www.commonobjective.co/organic-clothing-427,2025-08-22T16:28:15.343698,,,,
428,1174,Green_Fashion_428,22,1,contact1@greenfashion428.fashion,,https://www.commonobjective.co/green-fashion-428,2025-08-22T16:28:15.343700,,,,
429,1174,Ethical_Sourcing_429,22,1,contact1@ethicalsourcing429.com,,https://www.commonobjective.co/ethical-sourcing-429,2025-08-22T16:28:15.343703,,,,
430,1174,Supplier_430,22,2,contact1@supplier430.com; contact2@supplier430.com,+447000000430,https://www.commonobjective.co/supplier-430,2025-08-22T16:28:15.343706,,,,
431,1174,Textile_Company_431,22,1,contact1@textilecompany431.com,+14000000431,https://www.commonobjective.co/textile-company-431,2025-08-22T16:28:15.343713,,,,
432,1174,Fashion_Manufacturer_432,22,1,contact1@fashionmanufacturer432.com,+919000000432,https://www.commonobjective.co/fashion-manufacturer-432,2025-08-22T16:28:15.343717,,,,
433,1174,Garment_Supplier_433,22,1,contact1@garmentsupplier433.com,,https://www.commonobjective.co/garment-supplier-433,2025-08-22T16:28:15.343720,,,,
434,1174,Sustainable_Fashion_434,22,1,contact1@sustainablefashion434.uk,,https://www.commonobjective.co/sustainable-fashion-434,2025-08-22T16:28:15.343723,,,,
435,1174,Eco_Textiles_435,22,1,contact1@ecotextiles435.com,,https://www.commonobjective.co/eco-textiles-435,2025-08-22T16:28:15.343726,,,,
436,1174,Global_Apparel_436,22,1,contact1@globalapparel436.com,,https://www.commonobjective.co/global-apparel-436,2025-08-22T16:28:15.343728,,,,
437,1174,Organic_Clothing_437,22,1,contact1@organicclothing437.net,,https://www.commonobjective.co/organic-clothing-437,2025-08-22T16:28:15.343731,,,,
438,1174,Green_Fashion_438,22,1,contact1@greenfashion438.co,,https://www.commonobjective.co/green-fashion-438,2025-08-22T16:28:15.343734,,,,
439,1174,Ethical_Sourcing_439,22,1,contact1@ethicalsourcing439.org,,https://www.commonobjective.co/ethical-sourcing-439,2025-08-22T16:28:15.343737,,,,
440,1174,Supplier_440,22,2,contact1@supplier440.fashion; contact2@supplier440.fashion,+447000000440,https://www.commonobjective.co/supplier-440,2025-08-22T16:28:15.343739,,,,
441,1174,Textile_Company_441,23,1,contact1@textilecompany441.com,+14000000441,https://www.commonobjective.co/textile-company-441,2025-08-22T16:28:15.343743,,,,
442,1174,Fashion_Manufacturer_442,23,1,contact1@fashionmanufacturer442.com,+919000000442,https://www.commonobjective.co/fashion-manufacturer-442,2025-08-22T16:28:15.343747,,,,
443,1174,Garment_Supplier_443,23,1,contact1@garmentsupplier443.com,,https://www.commonobjective.co/garment-supplier-443,2025-08-22T16:28:15.343750,,,,
444,1174,Sustainable_Fashion_444,23,1,contact1@sustainablefashion444.com,,https://www.commonobjective.co/sustainable-fashion-444,2025-08-22T16:28:15.343753,,,,
445,1174,Eco_Textiles_445,23,1,contact1@ecotextiles445.com,,https://www.commonobjective.co/eco-textiles-445,2025-08-22T16:28:15.343756,,,,
446,1174,Global_Apparel_446,23,1,contact1@globalapparel446.uk,,https://www.commonobjective.co/global-apparel-446,2025-08-22T16:28:15.343758,,,,
447,1174,Organic_Clothing_447,23,1,contact1@organicclothing447.com,,https://www.commonobjective.co/organic-clothing-447,2025-08-22T16:28:15.343761,,,,
448,1174,Green_Fashion_448,23,1,contact1@greenfashion448.com,,https://www.commonobjective.co/green-fashion-448,2025-08-22T16:28:15.343764,,,,
449,1174,Ethical_Sourcing_449,23,1,contact1@ethicalsourcing449.net,,https://www.commonobjective.co/ethical-sourcing-449,2025-08-22T16:28:15.343766,,,,
450,1174,Supplier_450,23,2,contact1@supplier450.co; contact2@supplier450.co,+447000000450,https://www.commonobjective.co/supplier-450,2025-08-22T16:28:15.343769,,,,
451,1174,Textile_Company_451,23,1,contact1@textilecompany451.org,+14000000451,https://www.commonobjective.co/textile-company-451,2025-08-22T16:28:15.343773,,,,
452,1174,Fashion_Manufacturer_452,23,1,contact1@fashionmanufacturer452.fashion,+919000000452,https://www.commonobjective.co/fashion-manufacturer-452,2025-08-22T16:28:15.343777,,,,
453,1174,Garment_Supplier_453,23,1,contact1@garmentsupplier453.com,,https://www.commonobjective.co/garment-supplier-453,2025-08-22T16:28:15.343780,,,,
454,1174,Sustainable_Fashion_454,23,1,contact1@sustainablefashion454.com,,https://www.commonobjective.co/sustainable-fashion-454,2025-08-22T16:28:15.343783,,,,
455,1174,Eco_Textiles_455,23,1,contact1@ecotextiles455.com,,https://www.commonobjective.co/eco-textiles-455,2025-08-22T16:28:15.343786,,,,
456,1174,Global_Apparel_456,23,1,contact1@globalapparel456.com,,https://www.commonobjective.co/global-apparel-456,2025-08-22T16:28:15.343789,,,,
457,1174,Organic_Clothing_457,23,1,contact1@organicclothing457.com,,https://www.commonobjective.co/organic-clothing-457,2025-08-22T16:28:15.343792,,,,
458,1174,Green_Fashion_458,23,1,contact1@greenfashion458.uk,,https://www.commonobjective.co/green-fashion-458,2025-08-22T16:28:15.343794,,,,
459,1174,Ethical_Sourcing_459,23,1,contact1@ethicalsourcing459.com,,https://www.commonobjective.co/ethical-sourcing-459,2025-08-22T16:28:15.343797,,,,
460,1174,Supplier_460,23,2,contact1@supplier460.com; contact2@supplier460.com,+447000000460,https://www.commonobjective.co/supplier-460,2025-08-22T16:28:15.343799,,,,
461,1174,Textile_Company_461,24,1,contact1@textilecompany461.net,+14000000461,https://www.commonobjective.co/textile-company-461,2025-08-22T16:28:15.343803,,,,
462,1174,Fashion_Manufacturer_462,24,1,contact1@fashionmanufacturer462.co,+919000000462,https://www.commonobjective.co/fashion-manufacturer-462,2025-08-22T16:28:15.343806,,,,
463,1174,Garment_Supplier_463,24,1,contact1@garmentsupplier463.org,,https://www.commonobjective.co/garment-supplier-463,2025-08-22T16:28:15.343872,,,,
464,1174,Sustainable_Fashion_464,24,1,contact1@sustainablefashion464.fashion,,https://www.commonobjective.co/sustainable-fashion-464,2025-08-22T16:28:15.343875,,,,
465,1174,Eco_Textiles_465,24,1,contact1@ecotextiles465.com,,https://www.commonobjective.co/eco-textiles-465,2025-08-22T16:28:15.343878,,,,
466,1174,Global_Apparel_466,24,1,contact1@globalapparel466.com,,https://www.commonobjective.co/global-apparel-466,2025-08-22T16:28:15.343880,,,,
467,1174,Organic_Clothing_467,24,1,contact1@organicclothing467.com,,https://www.commonobjective.co/organic-clothing-467,2025-08-22T16:28:15.343883,,,,
468,1174,Green_Fashion_468,24,1,contact1@greenfashion468.com,,https://www.commonobjective.co/green-fashion-468,2025-08-22T16:28:15.343885,,,,
469,1174,Ethical_Sourcing_469,24,1,contact1@ethicalsourcing469.com,,https://www.commonobjective.co/ethical-sourcing-469,2025-08-22T16:28:15.343888,,,,
470,1174,Supplier_470,24,2,contact1@supplier470.uk; contact2@supplier470.uk,+447000000470,https://www.commonobjective.co/supplier-470,2025-08-22T16:28:15.343890,,,,
471,1174,Textile_Company_471,24,1,contact1@textilecompany471.com,+14000000471,https://www.commonobjective.co/textile-company-471,2025-08-22T16:28:15.343894,,,,
472,1174,Fashion_Manufacturer_472,24,1,contact1@fashionmanufacturer472.com,+919000000472,https://www.commonobjective.co/fashion-manufacturer-472,2025-08-22T16:28:15.343898,,,,
473,1174,Garment_Supplier_473,24,1,contact1@garmentsupplier473.net,,https://www.commonobjective.co/garment-supplier-473,2025-08-22T16:28:15.343901,,,,
474,1174,Sustainable_Fashion_474,24,1,contact1@sustainablefashion474.co,,https://www.commonobjective.co/sustainable-fashion-474,2025-08-22T16:28:15.343903,,,,
475,1174,Eco_Textiles_475,24,1,contact1@ecotextiles475.org,,https://www.commonobjective.co/eco-textiles-475,2025-08-22T16:28:15.343906,,,,
476,1174,Global_Apparel_476,24,1,contact1@globalapparel476.fashion,,https://www.commonobjective.co/global-apparel-476,2025-08-22T16:28:15.343908,,,,
477,1174,Organic_Clothing_477,24,1,contact1@organicclothing477.com,,https://www.commonobjective.co/organic-clothing-477,2025-08-22T16:28:15.343913,,,,
478,1174,Green_Fashion_478,24,1,contact1@greenfashion478.com,,https://www.commonobjective.co/green-fashion-478,2025-08-22T16:28:15.343917,,,,
479,1174,Ethical_Sourcing_479,24,1,contact1@ethicalsourcing479.com,,https://www.commonobjective.co/ethical-sourcing-479,2025-08-22T16:28:15.343919,,,,
480,1174,Supplier_480,24,2,contact1@supplier480.com; contact2@supplier480.com,+447000000480,https://www.commonobjective.co/supplier-480,2025-08-22T16:28:15.343924,,,,
481,1174,Textile_Company_481,25,1,contact1@textilecompany481.com,+14000000481,https://www.commonobjective.co/textile-company-481,2025-08-22T16:28:15.343928,,,,
482,1174,Fashion_Manufacturer_482,25,1,contact1@fashionmanufacturer482.uk,+919000000482,https://www.commonobjective.co/fashion-manufacturer-482,2025-08-22T16:28:15.343932,,,,
483,1174,Garment_Supplier_483,25,1,contact1@garmentsupplier483.com,,https://www.commonobjective.co/garment-supplier-483,2025-08-22T16:28:15.343935,,,,
484,1174,Sustainable_Fashion_484,25,1,contact1@sustainablefashion484.com,,https://www.commonobjective.co/sustainable-fashion-484,2025-08-22T16:28:15.343938,,,,
485,1174,Eco_Textiles_485,25,1,contact1@ecotextiles485.net,,https://www.commonobjective.co/eco-textiles-485,2025-08-22T16:28:15.343941,,,,
486,1174,Global_Apparel_486,25,1,contact1@globalapparel486.co,,https://www.commonobjective.co/global-apparel-486,2025-08-22T16:28:15.343944,,,,
487,1174,Organic_Clothing_487,25,1,contact1@organicclothing487.org,,https://www.commonobjective.co/organic-clothing-487,2025-08-22T16:28:15.343946,,,,
488,1174,Green_Fashion_488,25,1,contact1@greenfashion488.fashion,,https://www.commonobjective.co/green-fashion-488,2025-08-22T16:28:15.343949,,,,
489,1174,Ethical_Sourcing_489,25,1,contact1@ethicalsourcing489.com,,https://www.commonobjective.co/ethical-sourcing-489,2025-08-22T16:28:15.343951,,,,
490,1174,Supplier_490,25,2,contact1@supplier490.com; contact2@supplier490.com,+447000000490,https://www.commonobjective.co/supplier-490,2025-08-22T16:28:15.343954,,,,
491,1174,Textile_Company_491,25,1,contact1@textilecompany491.com,+14000000491,https://www.commonobjective.co/textile-company-491,2025-08-22T16:28:15.343958,,,,
492,1174,Fashion_Manufacturer_492,25,1,contact1@fashionmanufacturer492.com,+919000000492,https://www.commonobjective.co/fashion-manufacturer-492,2025-08-22T16:28:15.343961,,,,
493,1174,Garment_Supplier_493,25,0,,,https://www.commonobjective.co/garment-supplier-493,2025-08-22T16:28:15.343964,,,,
494,1174,Sustainable_Fashion_494,25,0,,,https://www.commonobjective.co/sustainable-fashion-494,2025-08-22T16:28:15.343967,,,,
495,1174,Eco_Textiles_495,25,0,,,https://www.commonobjective.co/eco-textiles-495,2025-08-22T16:28:15.343970,,,,
496,1174,Global_Apparel_496,25,0,,,https://www.commonobjective.co/global-apparel-496,2025-08-22T16:28:15.343973,,,,
497,1174,Organic_Clothing_497,25,0,,,https://www.commonobjective.co/organic-clothing-497,2025-08-22T16:28:15.343975,,,,
498,1174,Green_Fashion_498,25,0,,,https://www.commonobjective.co/green-fashion-498,2025-08-22T16:28:15.343977,,,,
499,1174,Ethical_Sourcing_499,25,0,,,https://www.commonobjective.co/ethical-sourcing-499,2025-08-22T16:28:15.343979,,,,
500,1174,Supplier_500,25,2,contact1@supplier500.fashion; contact2@supplier500.fashion,+447000000500,https://www.commonobjective.co/supplier-500,2025-08-22T16:28:15.343981,,,,
501,1174,Textile_Company_501,26,1,contact1@textilecompany501.com,+14000000501,https://www.commonobjective.co/textile-company-501,2025-08-22T16:28:15.343987,,,,
502,1174,Fashion_Manufacturer_502,26,1,contact1@fashionmanufacturer502.com,+919000000502,https://www.commonobjective.co/fashion-manufacturer-502,2025-08-22T16:28:15.343990,,,,
503,1174,Garment_Supplier_503,26,1,contact1@garmentsupplier503.com,,https://www.commonobjective.co/garment-supplier-503,2025-08-22T16:28:15.343994,,,,
504,1174,Sustainable_Fashion_504,26,1,contact1@sustainablefashion504.com,,https://www.commonobjective.co/sustainable-fashion-504,2025-08-22T16:28:15.343996,,,,
505,1174,Eco_Textiles_505,26,1,contact1@ecotextiles505.com,,https://www.commonobjective.co/eco-textiles-505,2025-08-22T16:28:15.343999,,,,
506,1174,Global_Apparel_506,26,1,contact1@globalapparel506.uk,,https://www.commonobjective.co/global-apparel-506,2025-08-22T16:28:15.344002,,,,
507,1174,Organic_Clothing_507,26,1,contact1@organicclothing507.com,,https://www.commonobjective.co/organic-clothing-507,2025-08-22T16:28:15.344004,,,,
508,1174,Green_Fashion_508,26,1,contact1@greenfashion508.com,,https://www.commonobjective.co/green-fashion-508,2025-08-22T16:28:15.344007,,,,
509,1174,Ethical_Sourcing_509,26,1,contact1@ethicalsourcing509.net,,https://www.commonobjective.co/ethical-sourcing-509,2025-08-22T16:28:15.344009,,,,
510,1174,Supplier_510,26,2,contact1@supplier510.co; contact2@supplier510.co,+447000000510,https://www.commonobjective.co/supplier-510,2025-08-22T16:28:15.344012,,,,
511,1174,Textile_Company_511,26,1,contact1@textilecompany511.org,+14000000511,https://www.commonobjective.co/textile-company-511,2025-08-22T16:28:15.344015,,,,
512,1174,Fashion_Manufacturer_512,26,1,contact1@fashionmanufacturer512.fashion,+919000000512,https://www.commonobjective.co/fashion-manufacturer-512,2025-08-22T16:28:15.344019,,,,
513,1174,Garment_Supplier_513,26,1,contact1@garmentsupplier513.com,,https://www.commonobjective.co/garment-supplier-513,2025-08-22T16:28:15.344022,,,,
514,1174,Sustainable_Fashion_514,26,1,contact1@sustainablefashion514.com,,https://www.commonobjective.co/sustainable-fashion-514,2025-08-22T16:28:15.344024,,,,
515,1174,Eco_Textiles_515,26,1,contact1@ecotextiles515.com,,https://www.commonobjective.co/eco-textiles-515,2025-08-22T16:28:15.344027,,,,
516,1174,Global_Apparel_516,26,1,contact1@globalapparel516.com,,https://www.commonobjective.co/global-apparel-516,2025-08-22T16:28:15.344030,,,,
517,1174,Organic_Clothing_517,26,1,contact1@organicclothing517.com,,https://www.commonobjective.co/organic-clothing-517,2025-08-22T16:28:15.344032,,,,
518,1174,Green_Fashion_518,26,1,contact1@greenfashion518.uk,,https://www.commonobjective.co/green-fashion-518,2025-08-22T16:28:15.344035,,,,
519,1174,Ethical_Sourcing_519,26,1,contact1@ethicalsourcing519.com,,https://www.commonobjective.co/ethical-sourcing-519,2025-08-22T16:28:15.344037,,,,
520,1174,Supplier_520,26,2,contact1@supplier520.com; contact2@supplier520.com,+447000000520,https://www.commonobjective.co/supplier-520,2025-08-22T16:28:15.344040,,,,
521,1174,Textile_Company_521,27,1,contact1@textilecompany521.net,+14000000521,https://www.commonobjective.co/textile-company-521,2025-08-22T16:28:15.344043,,,,
522,1174,Fashion_Manufacturer_522,27,1,contact1@fashionmanufacturer522.co,+919000000522,https://www.commonobjective.co/fashion-manufacturer-522,2025-08-22T16:28:15.344047,,,,
523,1174,Garment_Supplier_523,27,1,contact1@garmentsupplier523.org,,https://www.commonobjective.co/garment-supplier-523,2025-08-22T16:28:15.344050,,,,
524,1174,Sustainable_Fashion_524,27,1,contact1@sustainablefashion524.fashion,,https://www.commonobjective.co/sustainable-fashion-524,2025-08-22T16:28:15.344052,,,,
525,1174,Eco_Textiles_525,27,1,contact1@ecotextiles525.com,,https://www.commonobjective.co/eco-textiles-525,2025-08-22T16:28:15.344055,,,,
526,1174,Global_Apparel_526,27,1,contact1@globalapparel526.com,,https://www.commonobjective.co/global-apparel-526,2025-08-22T16:28:15.344057,,,,
527,1174,Organic_Clothing_527,27,1,contact1@organicclothing527.com,,https://www.commonobjective.co/organic-clothing-527,2025-08-22T16:28:15.344060,,,,
528,1174,Green_Fashion_528,27,1,contact1@greenfashion528.com,,https://www.commonobjective.co/green-fashion-528,2025-08-22T16:28:15.344064,,,,
529,1174,Ethical_Sourcing_529,27,1,contact1@ethicalsourcing529.com,,https://www.commonobjective.co/ethical-sourcing-529,2025-08-22T16:28:15.344067,,,,
530,1174,Supplier_530,27,2,contact1@supplier530.uk; contact2@supplier530.uk,+447000000530,https://www.commonobjective.co/supplier-530,2025-08-22T16:28:15.344069,,,,
531,1174,Textile_Company_531,27,1,contact1@textilecompany531.com,+14000000531,https://www.commonobjective.co/textile-company-531,2025-08-22T16:28:15.344073,,,,
532,1174,Fashion_Manufacturer_532,27,1,contact1@fashionmanufacturer532.com,+919000000532,https://www.commonobjective.co/fashion-manufacturer-532,2025-08-22T16:28:15.344077,,,,
533,1174,Garment_Supplier_533,27,1,contact1@garmentsupplier533.net,,https://www.commonobjective.co/garment-supplier-533,2025-08-22T16:28:15.344080,,,,
534,1174,Sustainable_Fashion_534,27,1,contact1@sustainablefashion534.co,,https://www.commonobjective.co/sustainable-fashion-534,2025-08-22T16:28:15.344082,,,,
535,1174,Eco_Textiles_535,27,1,contact1@ecotextiles535.org,,https://www.commonobjective.co/eco-textiles-535,2025-08-22T16:28:15.344087,,,,
536,1174,Global_Apparel_536,27,1,contact1@globalapparel536.fashion,,https://www.commonobjective.co/global-apparel-536,2025-08-22T16:28:15.344089,,,,
537,1174,Organic_Clothing_537,27,1,contact1@organicclothing537.com,,https://www.commonobjective.co/organic-clothing-537,2025-08-22T16:28:15.344092,,,,
538,1174,Green_Fashion_538,27,1,contact1@greenfashion538.com,,https://www.commonobjective.co/green-fashion-538,2025-08-22T16:28:15.344094,,,,
539,1174,Ethical_Sourcing_539,27,1,contact1@ethicalsourcing539.com,,https://www.commonobjective.co/ethical-sourcing-539,2025-08-22T16:28:15.344097,,,,
540,1174,Supplier_540,27,2,contact1@supplier540.com; contact2@supplier540.com,+447000000540,https://www.commonobjective.co/supplier-540,2025-08-22T16:28:15.344099,,,,
541,1174,Textile_Company_541,28,1,contact1@textilecompany541.com,+14000000541,https://www.commonobjective.co/textile-company-541,2025-08-22T16:28:15.344103,,,,
542,1174,Fashion_Manufacturer_542,28,1,contact1@fashionmanufacturer542.uk,+919000000542,https://www.commonobjective.co/fashion-manufacturer-542,2025-08-22T16:28:15.344106,,,,
543,1174,Garment_Supplier_543,28,1,contact1@garmentsupplier543.com,,https://www.commonobjective.co/garment-supplier-543,2025-08-22T16:28:15.344109,,,,
544,1174,Sustainable_Fashion_544,28,1,contact1@sustainablefashion544.com,,https://www.commonobjective.co/sustainable-fashion-544,2025-08-22T16:28:15.344111,,,,
545,1174,Eco_Textiles_545,28,1,contact1@ecotextiles545.net,,https://www.commonobjective.co/eco-textiles-545,2025-08-22T16:28:15.344114,,,,
546,1174,Global_Apparel_546,28,1,contact1@globalapparel546.co,,https://www.commonobjective.co/global-apparel-546,2025-08-22T16:28:15.344116,,,,
547,1174,Organic_Clothing_547,28,1,contact1@organicclothing547.org,,https://www.commonobjective.co/organic-clothing-547,2025-08-22T16:28:15.344119,,,,
548,1174,Green_Fashion_548,28,1,contact1@greenfashion548.fashion,,https://www.commonobjective.co/green-fashion-548,2025-08-22T16:28:15.344121,,,,
549,1174,Ethical_Sourcing_549,28,1,contact1@ethicalsourcing549.com,,https://www.commonobjective.co/ethical-sourcing-549,2025-08-22T16:28:15.344124,,,,
550,1174,Supplier_550,28,2,contact1@supplier550.com; contact2@supplier550.com,+447000000550,https://www.commonobjective.co/supplier-550,2025-08-22T16:28:15.344126,,,,
551,1174,Textile_Company_551,28,1,contact1@textilecompany551.com,+14000000551,https://www.commonobjective.co/textile-company-551,2025-08-22T16:28:15.344130,,,,
552,1174,Fashion_Manufacturer_552,28,1,contact1@fashionmanufacturer552.com,+919000000552,https://www.commonobjective.co/fashion-manufacturer-552,2025-08-22T16:28:15.344133,,,,
553,1174,Garment_Supplier_553,28,1,contact1@garmentsupplier553.com,,https://www.commonobjective.co/garment-supplier-553,2025-08-22T16:28:15.344136,,,,
554,1174,Sustainable_Fashion_554,28,1,contact1@sustainablefashion554.uk,,https://www.commonobjective.co/sustainable-fashion-554,2025-08-22T16:28:15.344139,,,,
555,1174,Eco_Textiles_555,28,1,contact1@ecotextiles555.com,,https://www.commonobjective.co/eco-textiles-555,2025-08-22T16:28:15.344141,,,,
556,1174,Global_Apparel_556,28,1,contact1@globalapparel556.com,,https://www.commonobjective.co/global-apparel-556,2025-08-22T16:28:15.344144,,,,
557,1174,Organic_Clothing_557,28,1,contact1@organicclothing557.net,,https://www.commonobjective.co/organic-clothing-557,2025-08-22T16:28:15.344146,,,,
558,1174,Green_Fashion_558,28,1,contact1@greenfashion558.co,,https://www.commonobjective.co/green-fashion-558,2025-08-22T16:28:15.344149,,,,
559,1174,Ethical_Sourcing_559,28,1,contact1@ethicalsourcing559.org,,https://www.commonobjective.co/ethical-sourcing-559,2025-08-22T16:28:15.344151,,,,
560,1174,Supplier_560,28,2,contact1@supplier560.fashion; contact2@supplier560.fashion,+447000000560,https://www.commonobjective.co/supplier-560,2025-08-22T16:28:15.344154,,,,
561,1174,Textile_Company_561,29,1,contact1@textilecompany561.com,+14000000561,https://www.commonobjective.co/textile-company-561,2025-08-22T16:28:15.344157,,,,
562,1174,Fashion_Manufacturer_562,29,1,contact1@fashionmanufacturer562.com,+919000000562,https://www.commonobjective.co/fashion-manufacturer-562,2025-08-22T16:28:15.344160,,,,
563,1174,Garment_Supplier_563,29,1,contact1@garmentsupplier563.com,,https://www.commonobjective.co/garment-supplier-563,2025-08-22T16:28:15.344163,,,,
564,1174,Sustainable_Fashion_564,29,1,contact1@sustainablefashion564.com,,https://www.commonobjective.co/sustainable-fashion-564,2025-08-22T16:28:15.344166,,,,
565,1174,Eco_Textiles_565,29,1,contact1@ecotextiles565.com,,https://www.commonobjective.co/eco-textiles-565,2025-08-22T16:28:15.344168,,,,
566,1174,Global_Apparel_566,29,1,contact1@globalapparel566.uk,,https://www.commonobjective.co/global-apparel-566,2025-08-22T16:28:15.344171,,,,
567,1174,Organic_Clothing_567,29,1,contact1@organicclothing567.com,,https://www.commonobjective.co/organic-clothing-567,2025-08-22T16:28:15.344173,,,,
568,1174,Green_Fashion_568,29,1,contact1@greenfashion568.com,,https://www.commonobjective.co/green-fashion-568,2025-08-22T16:28:15.344176,,,,
569,1174,Ethical_Sourcing_569,29,1,contact1@ethicalsourcing569.net,,https://www.commonobjective.co/ethical-sourcing-569,2025-08-22T16:28:15.344179,,,,
570,1174,Supplier_570,29,2,contact1@supplier570.co; contact2@supplier570.co,+447000000570,https://www.commonobjective.co/supplier-570,2025-08-22T16:28:15.344181,,,,
571,1174,Textile_Company_571,29,1,contact1@textilecompany571.org,+14000000571,https://www.commonobjective.co/textile-company-571,2025-08-22T16:28:15.344185,,,,
572,1174,Fashion_Manufacturer_572,29,1,contact1@fashionmanufacturer572.fashion,+919000000572,https://www.commonobjective.co/fashion-manufacturer-572,2025-08-22T16:28:15.344188,,,,
573,1174,Garment_Supplier_573,29,1,contact1@garmentsupplier573.com,,https://www.commonobjective.co/garment-supplier-573,2025-08-22T16:28:15.344191,,,,
574,1174,Sustainable_Fashion_574,29,1,contact1@sustainablefashion574.com,,https://www.commonobjective.co/sustainable-fashion-574,2025-08-22T16:28:15.344193,,,,
575,1174,Eco_Textiles_575,29,1,contact1@ecotextiles575.com,,https://www.commonobjective.co/eco-textiles-575,2025-08-22T16:28:15.344198,,,,
576,1174,Global_Apparel_576,29,1,contact1@globalapparel576.com,,https://www.commonobjective.co/global-apparel-576,2025-08-22T16:28:15.344200,,,,
577,1174,Organic_Clothing_577,29,1,contact1@organicclothing577.com,,https://www.commonobjective.co/organic-clothing-577,2025-08-22T16:28:15.344205,,,,
578,1174,Green_Fashion_578,29,1,contact1@greenfashion578.uk,,https://www.commonobjective.co/green-fashion-578,2025-08-22T16:28:15.344207,,,,
579,1174,Ethical_Sourcing_579,29,1,contact1@ethicalsourcing579.com,,https://www.commonobjective.co/ethical-sourcing-579,2025-08-22T16:28:15.344210,,,,
580,1174,Supplier_580,29,2,contact1@supplier580.com; contact2@supplier580.com,+447000000580,https://www.commonobjective.co/supplier-580,2025-08-22T16:28:15.344212,,,,
581,1174,Textile_Company_581,30,1,contact1@textilecompany581.net,+14000000581,https://www.commonobjective.co/textile-company-581,2025-08-22T16:28:15.344216,,,,
582,1174,Fashion_Manufacturer_582,30,1,contact1@fashionmanufacturer582.co,+919000000582,https://www.commonobjective.co/fashion-manufacturer-582,2025-08-22T16:28:15.344219,,,,
583,1174,Garment_Supplier_583,30,1,contact1@garmentsupplier583.org,,https://www.commonobjective.co/garment-supplier-583,2025-08-22T16:28:15.344222,,,,
584,1174,Sustainable_Fashion_584,30,1,contact1@sustainablefashion584.fashion,,https://www.commonobjective.co/sustainable-fashion-584,2025-08-22T16:28:15.344224,,,,
585,1174,Eco_Textiles_585,30,1,contact1@ecotextiles585.com,,https://www.commonobjective.co/eco-textiles-585,2025-08-22T16:28:15.344227,,,,
586,1174,Global_Apparel_586,30,1,contact1@globalapparel586.com,,https://www.commonobjective.co/global-apparel-586,2025-08-22T16:28:15.344231,,,,
587,1174,Organic_Clothing_587,30,1,contact1@organicclothing587.com,,https://www.commonobjective.co/organic-clothing-587,2025-08-22T16:28:15.344233,,,,
588,1174,Green_Fashion_588,30,1,contact1@greenfashion588.com,,https://www.commonobjective.co/green-fashion-588,2025-08-22T16:28:15.344236,,,,
589,1174,Ethical_Sourcing_589,30,1,contact1@ethicalsourcing589.com,,https://www.commonobjective.co/ethical-sourcing-589,2025-08-22T16:28:15.344239,,,,
590,1174,Supplier_590,30,2,contact1@supplier590.uk; contact2@supplier590.uk,+447000000590,https://www.commonobjective.co/supplier-590,2025-08-22T16:28:15.344241,,,,
591,1174,Textile_Company_591,30,1,contact1@textilecompany591.com,+14000000591,https://www.commonobjective.co/textile-company-591,2025-08-22T16:28:15.344245,,,,
592,1174,Fashion_Manufacturer_592,30,1,contact1@fashionmanufacturer592.com,+919000000592,https://www.commonobjective.co/fashion-manufacturer-592,2025-08-22T16:28:15.344248,,,,
593,1174,Garment_Supplier_593,30,0,,,https://www.commonobjective.co/garment-supplier-593,2025-08-22T16:28:15.344251,,,,
594,1174,Sustainable_Fashion_594,30,0,,,https://www.commonobjective.co/sustainable-fashion-594,2025-08-22T16:28:15.344253,,,,
595,1174,Eco_Textiles_595,30,0,,,https://www.commonobjective.co/eco-textiles-595,2025-08-22T16:28:15.344255,,,,
596,1174,Global_Apparel_596,30,0,,,https://www.commonobjective.co/global-apparel-596,2025-08-22T16:28:15.344257,,,,
597,1174,Organic_Clothing_597,30,0,,,https://www.commonobjective.co/organic-clothing-597,2025-08-22T16:28:15.344259,,,,
598,1174,Green_Fashion_598,30,0,,,https://www.commonobjective.co/green-fashion-598,2025-08-22T16:28:15.344261,,,,
599,1174,Ethical_Sourcing_599,30,0,,,https://www.commonobjective.co/ethical-sourcing-599,2025-08-22T16:28:15.344263,,,,
600,1174,Supplier_600,30,2,contact1@supplier600.com; contact2@supplier600.com,+447000000600,https://www.commonobjective.co/supplier-600,2025-08-22T16:28:15.344265,,,,
601,1174,Textile_Company_601,31,1,contact1@textilecompany601.com,+14000000601,https://www.commonobjective.co/textile-company-601,2025-08-22T16:28:15.344270,,,,
602,1174,Fashion_Manufacturer_602,31,1,contact1@fashionmanufacturer602.uk,+919000000602,https://www.commonobjective.co/fashion-manufacturer-602,2025-08-22T16:28:15.344273,,,,
603,1174,Garment_Supplier_603,31,1,contact1@garmentsupplier603.com,,https://www.commonobjective.co/garment-supplier-603,2025-08-22T16:28:15.344276,,,,
604,1174,Sustainable_Fashion_604,31,1,contact1@sustainablefashion604.com,,https://www.commonobjective.co/sustainable-fashion-604,2025-08-22T16:28:15.344279,,,,
605,1174,Eco_Textiles_605,31,1,contact1@ecotextiles605.net,,https://www.commonobjective.co/eco-textiles-605,2025-08-22T16:28:15.344281,,,,
606,1174,Global_Apparel_606,31,1,contact1@globalapparel606.co,,https://www.commonobjective.co/global-apparel-606,2025-08-22T16:28:15.344284,,,,
607,1174,Organic_Clothing_607,31,1,contact1@organicclothing607.org,,https://www.commonobjective.co/organic-clothing-607,2025-08-22T16:28:15.344286,,,,
608,1174,Green_Fashion_608,31,1,contact1@greenfashion608.fashion,,https://www.commonobjective.co/green-fashion-608,2025-08-22T16:28:15.344289,,,,
609,1174,Ethical_Sourcing_609,31,1,contact1@ethicalsourcing609.com,,https://www.commonobjective.co/ethical-sourcing-609,2025-08-22T16:28:15.344291,,,,
610,1174,Supplier_610,31,2,contact1@supplier610.com; contact2@supplier610.com,+447000000610,https://www.commonobjective.co/supplier-610,2025-08-22T16:28:15.344294,,,,
611,1174,Textile_Company_611,31,1,contact1@textilecompany611.com,+14000000611,https://www.commonobjective.co/textile-company-611,2025-08-22T16:28:15.344297,,,,
612,1174,Fashion_Manufacturer_612,31,1,contact1@fashionmanufacturer612.com,+919000000612,https://www.commonobjective.co/fashion-manufacturer-612,2025-08-22T16:28:15.344300,,,,
613,1174,Garment_Supplier_613,31,1,contact1@garmentsupplier613.com,,https://www.commonobjective.co/garment-supplier-613,2025-08-22T16:28:15.344303,,,,
614,1174,Sustainable_Fashion_614,31,1,contact1@sustainablefashion614.uk,,https://www.commonobjective.co/sustainable-fashion-614,2025-08-22T16:28:15.344306,,,,
615,1174,Eco_Textiles_615,31,1,contact1@ecotextiles615.com,,https://www.commonobjective.co/eco-textiles-615,2025-08-22T16:28:15.344310,,,,
616,1174,Global_Apparel_616,31,1,contact1@globalapparel616.com,,https://www.commonobjective.co/global-apparel-616,2025-08-22T16:28:15.344312,,,,
617,1174,Organic_Clothing_617,31,1,contact1@organicclothing617.net,,https://www.commonobjective.co/organic-clothing-617,2025-08-22T16:28:15.344315,,,,
618,1174,Green_Fashion_618,31,1,contact1@greenfashion618.co,,https://www.commonobjective.co/green-fashion-618,2025-08-22T16:28:15.344317,,,,
619,1174,Ethical_Sourcing_619,31,1,contact1@ethicalsourcing619.org,,https://www.commonobjective.co/ethical-sourcing-619,2025-08-22T16:28:15.344320,,,,
620,1174,Supplier_620,31,2,contact1@supplier620.fashion; contact2@supplier620.fashion,+447000000620,https://www.commonobjective.co/supplier-620,2025-08-22T16:28:15.344322,,,,
621,1174,Textile_Company_621,32,1,contact1@textilecompany621.com,+14000000621,https://www.commonobjective.co/textile-company-621,2025-08-22T16:28:15.344326,,,,
622,1174,Fashion_Manufacturer_622,32,1,contact1@fashionmanufacturer622.com,+919000000622,https://www.commonobjective.co/fashion-manufacturer-622,2025-08-22T16:28:15.344329,,,,
623,1174,Garment_Supplier_623,32,1,contact1@garmentsupplier623.com,,https://www.commonobjective.co/garment-supplier-623,2025-08-22T16:28:15.344332,,,,
624,1174,Sustainable_Fashion_624,32,1,contact1@sustainablefashion624.com,,https://www.commonobjective.co/sustainable-fashion-624,2025-08-22T16:28:15.344334,,,,
625,1174,Eco_Textiles_625,32,1,contact1@ecotextiles625.com,,https://www.commonobjective.co/eco-textiles-625,2025-08-22T16:28:15.344338,,,,
626,1174,Global_Apparel_626,32,1,contact1@globalapparel626.uk,,https://www.commonobjective.co/global-apparel-626,2025-08-22T16:28:15.344341,,,,
627,1174,Organic_Clothing_627,32,1,contact1@organicclothing627.com,,https://www.commonobjective.co/organic-clothing-627,2025-08-22T16:28:15.344344,,,,
628,1174,Green_Fashion_628,32,1,contact1@greenfashion628.com,,https://www.commonobjective.co/green-fashion-628,2025-08-22T16:28:15.344346,,,,
629,1174,Ethical_Sourcing_629,32,1,contact1@ethicalsourcing629.net,,https://www.commonobjective.co/ethical-sourcing-629,2025-08-22T16:28:15.344349,,,,
630,1174,Supplier_630,32,2,contact1@supplier630.co; contact2@supplier630.co,+447000000630,https://www.commonobjective.co/supplier-630,2025-08-22T16:28:15.344351,,,,
631,1174,Textile_Company_631,32,1,contact1@textilecompany631.org,+14000000631,https://www.commonobjective.co/textile-company-631,2025-08-22T16:28:15.344355,,,,
632,1174,Fashion_Manufacturer_632,32,1,contact1@fashionmanufacturer632.fashion,+919000000632,https://www.commonobjective.co/fashion-manufacturer-632,2025-08-22T16:28:15.344358,,,,
633,1174,Garment_Supplier_633,32,1,contact1@garmentsupplier633.com,,https://www.commonobjective.co/garment-supplier-633,2025-08-22T16:28:15.344361,,,,
634,1174,Sustainable_Fashion_634,32,1,contact1@sustainablefashion634.com,,https://www.commonobjective.co/sustainable-fashion-634,2025-08-22T16:28:15.344364,,,,
635,1174,Eco_Textiles_635,32,1,contact1@ecotextiles635.com,,https://www.commonobjective.co/eco-textiles-635,2025-08-22T16:28:15.344366,,,,
636,1174,Global_Apparel_636,32,1,contact1@globalapparel636.com,,https://www.commonobjective.co/global-apparel-636,2025-08-22T16:28:15.344369,,,,
637,1174,Organic_Clothing_637,32,1,contact1@organicclothing637.com,,https://www.commonobjective.co/organic-clothing-637,2025-08-22T16:28:15.344371,,,,
638,1174,Green_Fashion_638,32,1,contact1@greenfashion638.uk,,https://www.commonobjective.co/green-fashion-638,2025-08-22T16:28:15.344374,,,,
639,1174,Ethical_Sourcing_639,32,1,contact1@ethicalsourcing639.com,,https://www.commonobjective.co/ethical-sourcing-639,2025-08-22T16:28:15.344376,,,,
640,1174,Supplier_640,32,2,contact1@supplier640.com; contact2@supplier640.com,+447000000640,https://www.commonobjective.co/supplier-640,2025-08-22T16:28:15.344379,,,,
641,1174,Textile_Company_641,33,1,contact1@textilecompany641.net,+14000000641,https://www.commonobjective.co/textile-company-641,2025-08-22T16:28:15.344382,,,,
642,1174,Fashion_Manufacturer_642,33,1,contact1@fashionmanufacturer642.co,+919000000642,https://www.commonobjective.co/fashion-manufacturer-642,2025-08-22T16:28:15.344385,,,,
643,1174,Garment_Supplier_643,33,1,contact1@garmentsupplier643.org,,https://www.commonobjective.co/garment-supplier-643,2025-08-22T16:28:15.344388,,,,
644,1174,Sustainable_Fashion_644,33,1,contact1@sustainablefashion644.fashion,,https://www.commonobjective.co/sustainable-fashion-644,2025-08-22T16:28:15.344391,,,,
645,1174,Eco_Textiles_645,33,1,contact1@ecotextiles645.com,,https://www.commonobjective.co/eco-textiles-645,2025-08-22T16:28:15.344393,,,,
646,1174,Global_Apparel_646,33,1,contact1@globalapparel646.com,,https://www.commonobjective.co/global-apparel-646,2025-08-22T16:28:15.344396,,,,
647,1174,Organic_Clothing_647,33,1,contact1@organicclothing647.com,,https://www.commonobjective.co/organic-clothing-647,2025-08-22T16:28:15.344399,,,,
648,1174,Green_Fashion_648,33,1,contact1@greenfashion648.com,,https://www.commonobjective.co/green-fashion-648,2025-08-22T16:28:15.344401,,,,
649,1174,Ethical_Sourcing_649,33,1,contact1@ethicalsourcing649.com,,https://www.commonobjective.co/ethical-sourcing-649,2025-08-22T16:28:15.344404,,,,
650,1174,Supplier_650,33,2,contact1@supplier650.uk; contact2@supplier650.uk,+447000000650,https://www.commonobjective.co/supplier-650,2025-08-22T16:28:15.344406,,,,
651,1174,Textile_Company_651,33,1,contact1@textilecompany651.com,+14000000651,https://www.commonobjective.co/textile-company-651,2025-08-22T16:28:15.344454,,,,
652,1174,Fashion_Manufacturer_652,33,1,contact1@fashionmanufacturer652.com,+919000000652,https://www.commonobjective.co/fashion-manufacturer-652,2025-08-22T16:28:15.344461,,,,
653,1174,Garment_Supplier_653,33,1,contact1@garmentsupplier653.net,,https://www.commonobjective.co/garment-supplier-653,2025-08-22T16:28:15.344465,,,,
654,1174,Sustainable_Fashion_654,33,1,contact1@sustainablefashion654.co,,https://www.commonobjective.co/sustainable-fashion-654,2025-08-22T16:28:15.344468,,,,
655,1174,Eco_Textiles_655,33,1,contact1@ecotextiles655.org,,https://www.commonobjective.co/eco-textiles-655,2025-08-22T16:28:15.344473,,,,
656,1174,Global_Apparel_656,33,1,contact1@globalapparel656.fashion,,https://www.commonobjective.co/global-apparel-656,2025-08-22T16:28:15.344476,,,,
657,1174,Organic_Clothing_657,33,1,contact1@organicclothing657.com,,https://www.commonobjective.co/organic-clothing-657,2025-08-22T16:28:15.344479,,,,
658,1174,Green_Fashion_658,33,1,contact1@greenfashion658.com,,https://www.commonobjective.co/green-fashion-658,2025-08-22T16:28:15.344481,,,,
659,1174,Ethical_Sourcing_659,33,1,contact1@ethicalsourcing659.com,,https://www.commonobjective.co/ethical-sourcing-659,2025-08-22T16:28:15.344484,,,,
660,1174,Supplier_660,33,2,contact1@supplier660.com; contact2@supplier660.com,+447000000660,https://www.commonobjective.co/supplier-660,2025-08-22T16:28:15.344486,,,,
661,1174,Textile_Company_661,34,1,contact1@textilecompany661.com,+14000000661,https://www.commonobjective.co/textile-company-661,2025-08-22T16:28:15.344490,,,,
662,1174,Fashion_Manufacturer_662,34,1,contact1@fashionmanufacturer662.uk,+919000000662,https://www.commonobjective.co/fashion-manufacturer-662,2025-08-22T16:28:15.344494,,,,
663,1174,Garment_Supplier_663,34,1,contact1@garmentsupplier663.com,,https://www.commonobjective.co/garment-supplier-663,2025-08-22T16:28:15.344497,,,,
664,1174,Sustainable_Fashion_664,34,1,contact1@sustainablefashion664.com,,https://www.commonobjective.co/sustainable-fashion-664,2025-08-22T16:28:15.344500,,,,
665,1174,Eco_Textiles_665,34,1,contact1@ecotextiles665.net,,https://www.commonobjective.co/eco-textiles-665,2025-08-22T16:28:15.344503,,,,
666,1174,Global_Apparel_666,34,1,contact1@globalapparel666.co,,https://www.commonobjective.co/global-apparel-666,2025-08-22T16:28:15.344505,,,,
667,1174,Organic_Clothing_667,34,1,contact1@organicclothing667.org,,https://www.commonobjective.co/organic-clothing-667,2025-08-22T16:28:15.344508,,,,
668,1174,Green_Fashion_668,34,1,contact1@greenfashion668.fashion,,https://www.commonobjective.co/green-fashion-668,2025-08-22T16:28:15.344510,,,,
669,1174,Ethical_Sourcing_669,34,1,contact1@ethicalsourcing669.com,,https://www.commonobjective.co/ethical-sourcing-669,2025-08-22T16:28:15.344513,,,,
670,1174,Supplier_670,34,2,contact1@supplier670.com; contact2@supplier670.com,+447000000670,https://www.commonobjective.co/supplier-670,2025-08-22T16:28:15.344516,,,,
671,1174,Textile_Company_671,34,1,contact1@textilecompany671.com,+14000000671,https://www.commonobjective.co/textile-company-671,2025-08-22T16:28:15.344519,,,,
672,1174,Fashion_Manufacturer_672,34,1,contact1@fashionmanufacturer672.com,+919000000672,https://www.commonobjective.co/fashion-manufacturer-672,2025-08-22T16:28:15.344523,,,,
673,1174,Garment_Supplier_673,34,1,contact1@garmentsupplier673.com,,https://www.commonobjective.co/garment-supplier-673,2025-08-22T16:28:15.344528,,,,
674,1174,Sustainable_Fashion_674,34,1,contact1@sustainablefashion674.uk,,https://www.commonobjective.co/sustainable-fashion-674,2025-08-22T16:28:15.344531,,,,
675,1174,Eco_Textiles_675,34,1,contact1@ecotextiles675.com,,https://www.commonobjective.co/eco-textiles-675,2025-08-22T16:28:15.344534,,,,
676,1174,Global_Apparel_676,34,1,contact1@globalapparel676.com,,https://www.commonobjective.co/global-apparel-676,2025-08-22T16:28:15.344536,,,,
677,1174,Organic_Clothing_677,34,1,contact1@organicclothing677.net,,https://www.commonobjective.co/organic-clothing-677,2025-08-22T16:28:15.344539,,,,
678,1174,Green_Fashion_678,34,1,contact1@greenfashion678.co,,https://www.commonobjective.co/green-fashion-678,2025-08-22T16:28:15.344542,,,,
679,1174,Ethical_Sourcing_679,34,1,contact1@ethicalsourcing679.org,,https://www.commonobjective.co/ethical-sourcing-679,2025-08-22T16:28:15.344544,,,,
680,1174,Supplier_680,34,2,contact1@supplier680.fashion; contact2@supplier680.fashion,+447000000680,https://www.commonobjective.co/supplier-680,2025-08-22T16:28:15.344546,,,,
681,1174,Textile_Company_681,35,1,contact1@textilecompany681.com,+14000000681,https://www.commonobjective.co/textile-company-681,2025-08-22T16:28:15.344550,,,,
682,1174,Fashion_Manufacturer_682,35,1,contact1@fashionmanufacturer682.com,+919000000682,https://www.commonobjective.co/fashion-manufacturer-682,2025-08-22T16:28:15.344554,,,,
683,1174,Garment_Supplier_683,35,1,contact1@garmentsupplier683.com,,https://www.commonobjective.co/garment-supplier-683,2025-08-22T16:28:15.344557,,,,
684,1174,Sustainable_Fashion_684,35,1,contact1@sustainablefashion684.com,,https://www.commonobjective.co/sustainable-fashion-684,2025-08-22T16:28:15.344559,,,,
685,1174,Eco_Textiles_685,35,1,contact1@ecotextiles685.com,,https://www.commonobjective.co/eco-textiles-685,2025-08-22T16:28:15.344562,,,,
686,1174,Global_Apparel_686,35,1,contact1@globalapparel686.uk,,https://www.commonobjective.co/global-apparel-686,2025-08-22T16:28:15.344565,,,,
687,1174,Organic_Clothing_687,35,1,contact1@organicclothing687.com,,https://www.commonobjective.co/organic-clothing-687,2025-08-22T16:28:15.344567,,,,
688,1174,Green_Fashion_688,35,1,contact1@greenfashion688.com,,https://www.commonobjective.co/green-fashion-688,2025-08-22T16:28:15.344570,,,,
689,1174,Ethical_Sourcing_689,35,1,contact1@ethicalsourcing689.net,,https://www.commonobjective.co/ethical-sourcing-689,2025-08-22T16:28:15.344572,,,,
690,1174,Supplier_690,35,2,contact1@supplier690.co; contact2@supplier690.co,+447000000690,https://www.commonobjective.co/supplier-690,2025-08-22T16:28:15.344575,,,,
691,1174,Textile_Company_691,35,1,contact1@textilecompany691.org,+14000000691,https://www.commonobjective.co/textile-company-691,2025-08-22T16:28:15.344579,,,,
692,1174,Fashion_Manufacturer_692,35,1,contact1@fashionmanufacturer692.fashion,+919000000692,https://www.commonobjective.co/fashion-manufacturer-692,2025-08-22T16:28:15.344582,,,,
693,1174,Garment_Supplier_693,35,0,,,https://www.commonobjective.co/garment-supplier-693,2025-08-22T16:28:15.344585,,,,
694,1174,Sustainable_Fashion_694,35,0,,,https://www.commonobjective.co/sustainable-fashion-694,2025-08-22T16:28:15.344587,,,,
695,1174,Eco_Textiles_695,35,0,,,https://www.commonobjective.co/eco-textiles-695,2025-08-22T16:28:15.344591,,,,
696,1174,Global_Apparel_696,35,0,,,https://www.commonobjective.co/global-apparel-696,2025-08-22T16:28:15.344593,,,,
697,1174,Organic_Clothing_697,35,0,,,https://www.commonobjective.co/organic-clothing-697,2025-08-22T16:28:15.344595,,,,
698,1174,Green_Fashion_698,35,0,,,https://www.commonobjective.co/green-fashion-698,2025-08-22T16:28:15.344597,,,,
699,1174,Ethical_Sourcing_699,35,0,,,https://www.commonobjective.co/ethical-sourcing-699,2025-08-22T16:28:15.344600,,,,
700,1174,Supplier_700,35,2,contact1@supplier700.com; contact2@supplier700.com,+447000000700,https://www.commonobjective.co/supplier-700,2025-08-22T16:28:15.344602,,,,
701,1174,Textile_Company_701,36,1,contact1@textilecompany701.net,+14000000701,https://www.commonobjective.co/textile-company-701,2025-08-22T16:28:15.344606,,,,
702,1174,Fashion_Manufacturer_702,36,1,contact1@fashionmanufacturer702.co,+919000000702,https://www.commonobjective.co/fashion-manufacturer-702,2025-08-22T16:28:15.344610,,,,
703,1174,Garment_Supplier_703,36,1,contact1@garmentsupplier703.org,,https://www.commonobjective.co/garment-supplier-703,2025-08-22T16:28:15.344613,,,,
704,1174,Sustainable_Fashion_704,36,1,contact1@sustainablefashion704.fashion,,https://www.commonobjective.co/sustainable-fashion-704,2025-08-22T16:28:15.344615,,,,
705,1174,Eco_Textiles_705,36,1,contact1@ecotextiles705.com,,https://www.commonobjective.co/eco-textiles-705,2025-08-22T16:28:15.344618,,,,
706,1174,Global_Apparel_706,36,1,contact1@globalapparel706.com,,https://www.commonobjective.co/global-apparel-706,2025-08-22T16:28:15.344621,,,,
707,1174,Organic_Clothing_707,36,1,contact1@organicclothing707.com,,https://www.commonobjective.co/organic-clothing-707,2025-08-22T16:28:15.344623,,,,
708,1174,Green_Fashion_708,36,1,contact1@greenfashion708.com,,https://www.commonobjective.co/green-fashion-708,2025-08-22T16:28:15.344626,,,,
709,1174,Ethical_Sourcing_709,36,1,contact1@ethicalsourcing709.com,,https://www.commonobjective.co/ethical-sourcing-709,2025-08-22T16:28:15.344629,,,,
710,1174,Supplier_710,36,2,contact1@supplier710.uk; contact2@supplier710.uk,+447000000710,https://www.commonobjective.co/supplier-710,2025-08-22T16:28:15.344631,,,,
711,1174,Textile_Company_711,36,1,contact1@textilecompany711.com,+14000000711,https://www.commonobjective.co/textile-company-711,2025-08-22T16:28:15.344635,,,,
712,1174,Fashion_Manufacturer_712,36,1,contact1@fashionmanufacturer712.com,+919000000712,https://www.commonobjective.co/fashion-manufacturer-712,2025-08-22T16:28:15.344638,,,,
713,1174,Garment_Supplier_713,36,1,contact1@garmentsupplier713.net,,https://www.commonobjective.co/garment-supplier-713,2025-08-22T16:28:15.344641,,,,
714,1174,Sustainable_Fashion_714,36,1,contact1@sustainablefashion714.co,,https://www.commonobjective.co/sustainable-fashion-714,2025-08-22T16:28:15.344644,,,,
715,1174,Eco_Textiles_715,36,1,contact1@ecotextiles715.org,,https://www.commonobjective.co/eco-textiles-715,2025-08-22T16:28:15.344647,,,,
716,1174,Global_Apparel_716,36,1,contact1@globalapparel716.fashion,,https://www.commonobjective.co/global-apparel-716,2025-08-22T16:28:15.344649,,,,
717,1174,Organic_Clothing_717,36,1,contact1@organicclothing717.com,,https://www.commonobjective.co/organic-clothing-717,2025-08-22T16:28:15.344652,,,,
718,1174,Green_Fashion_718,36,1,contact1@greenfashion718.com,,https://www.commonobjective.co/green-fashion-718,2025-08-22T16:28:15.344654,,,,
719,1174,Ethical_Sourcing_719,36,1,contact1@ethicalsourcing719.com,,https://www.commonobjective.co/ethical-sourcing-719,2025-08-22T16:28:15.344657,,,,
720,1174,Supplier_720,36,2,contact1@supplier720.com; contact2@supplier720.com,+447000000720,https://www.commonobjective.co/supplier-720,2025-08-22T16:28:15.344659,,,,
721,1174,Textile_Company_721,37,1,contact1@textilecompany721.com,+14000000721,https://www.commonobjective.co/textile-company-721,2025-08-22T16:28:15.344663,,,,
722,1174,Fashion_Manufacturer_722,37,1,contact1@fashionmanufacturer722.uk,+919000000722,https://www.commonobjective.co/fashion-manufacturer-722,2025-08-22T16:28:15.344667,,,,
723,1174,Garment_Supplier_723,37,1,contact1@garmentsupplier723.com,,https://www.commonobjective.co/garment-supplier-723,2025-08-22T16:28:15.344671,,,,
724,1174,Sustainable_Fashion_724,37,1,contact1@sustainablefashion724.com,,https://www.commonobjective.co/sustainable-fashion-724,2025-08-22T16:28:15.344674,,,,
725,1174,Eco_Textiles_725,37,1,contact1@ecotextiles725.net,,https://www.commonobjective.co/eco-textiles-725,2025-08-22T16:28:15.344677,,,,
726,1174,Global_Apparel_726,37,1,contact1@globalapparel726.co,,https://www.commonobjective.co/global-apparel-726,2025-08-22T16:28:15.344679,,,,
727,1174,Organic_Clothing_727,37,1,contact1@organicclothing727.org,,https://www.commonobjective.co/organic-clothing-727,2025-08-22T16:28:15.344682,,,,
728,1174,Green_Fashion_728,37,1,contact1@greenfashion728.fashion,,https://www.commonobjective.co/green-fashion-728,2025-08-22T16:28:15.344684,,,,
729,1174,Ethical_Sourcing_729,37,1,contact1@ethicalsourcing729.com,,https://www.commonobjective.co/ethical-sourcing-729,2025-08-22T16:28:15.344687,,,,
730,1174,Supplier_730,37,2,contact1@supplier730.com; contact2@supplier730.com,+447000000730,https://www.commonobjective.co/supplier-730,2025-08-22T16:28:15.344689,,,,
731,1174,Textile_Company_731,37,1,contact1@textilecompany731.com,+14000000731,https://www.commonobjective.co/textile-company-731,2025-08-22T16:28:15.344693,,,,
732,1174,Fashion_Manufacturer_732,37,1,contact1@fashionmanufacturer732.com,+919000000732,https://www.commonobjective.co/fashion-manufacturer-732,2025-08-22T16:28:15.344696,,,,
733,1174,Garment_Supplier_733,37,1,contact1@garmentsupplier733.com,,https://www.commonobjective.co/garment-supplier-733,2025-08-22T16:28:15.344699,,,,
734,1174,Sustainable_Fashion_734,37,1,contact1@sustainablefashion734.uk,,https://www.commonobjective.co/sustainable-fashion-734,2025-08-22T16:28:15.344702,,,,
735,1174,Eco_Textiles_735,37,1,contact1@ecotextiles735.com,,https://www.commonobjective.co/eco-textiles-735,2025-08-22T16:28:15.344706,,,,
736,1174,Global_Apparel_736,37,1,contact1@globalapparel736.com,,https://www.commonobjective.co/global-apparel-736,2025-08-22T16:28:15.344709,,,,
737,1174,Organic_Clothing_737,37,1,contact1@organicclothing737.net,,https://www.commonobjective.co/organic-clothing-737,2025-08-22T16:28:15.344711,,,,
738,1174,Green_Fashion_738,37,1,contact1@greenfashion738.co,,https://www.commonobjective.co/green-fashion-738,2025-08-22T16:28:15.344714,,,,
739,1174,Ethical_Sourcing_739,37,1,contact1@ethicalsourcing739.org,,https://www.commonobjective.co/ethical-sourcing-739,2025-08-22T16:28:15.344716,,,,
740,1174,Supplier_740,37,2,contact1@supplier740.fashion; contact2@supplier740.fashion,+447000000740,https://www.commonobjective.co/supplier-740,2025-08-22T16:28:15.344719,,,,
741,1174,Textile_Company_741,38,1,contact1@textilecompany741.com,+14000000741,https://www.commonobjective.co/textile-company-741,2025-08-22T16:28:15.344722,,,,
742,1174,Fashion_Manufacturer_742,38,1,contact1@fashionmanufacturer742.com,+919000000742,https://www.commonobjective.co/fashion-manufacturer-742,2025-08-22T16:28:15.344726,,,,
743,1174,Garment_Supplier_743,38,1,contact1@garmentsupplier743.com,,https://www.commonobjective.co/garment-supplier-743,2025-08-22T16:28:15.344730,,,,
744,1174,Sustainable_Fashion_744,38,1,contact1@sustainablefashion744.com,,https://www.commonobjective.co/sustainable-fashion-744,2025-08-22T16:28:15.344733,,,,
745,1174,Eco_Textiles_745,38,1,contact1@ecotextiles745.com,,https://www.commonobjective.co/eco-textiles-745,2025-08-22T16:28:15.344736,,,,
746,1174,Global_Apparel_746,38,1,contact1@globalapparel746.uk,,https://www.commonobjective.co/global-apparel-746,2025-08-22T16:28:15.344738,,,,
747,1174,Organic_Clothing_747,38,1,contact1@organicclothing747.com,,https://www.commonobjective.co/organic-clothing-747,2025-08-22T16:28:15.344741,,,,
748,1174,Green_Fashion_748,38,1,contact1@greenfashion748.com,,https://www.commonobjective.co/green-fashion-748,2025-08-22T16:28:15.344743,,,,
749,1174,Ethical_Sourcing_749,38,1,contact1@ethicalsourcing749.net,,https://www.commonobjective.co/ethical-sourcing-749,2025-08-22T16:28:15.344746,,,,
750,1174,Supplier_750,38,2,contact1@supplier750.co; contact2@supplier750.co,+447000000750,https://www.commonobjective.co/supplier-750,2025-08-22T16:28:15.344748,,,,
751,1174,Textile_Company_751,38,1,contact1@textilecompany751.org,+14000000751,https://www.commonobjective.co/textile-company-751,2025-08-22T16:28:15.344752,,,,
752,1174,Fashion_Manufacturer_752,38,1,contact1@fashionmanufacturer752.fashion,+919000000752,https://www.commonobjective.co/fashion-manufacturer-752,2025-08-22T16:28:15.344755,,,,
753,1174,Garment_Supplier_753,38,1,contact1@garmentsupplier753.com,,https://www.commonobjective.co/garment-supplier-753,2025-08-22T16:28:15.344758,,,,
754,1174,Sustainable_Fashion_754,38,1,contact1@sustainablefashion754.com,,https://www.commonobjective.co/sustainable-fashion-754,2025-08-22T16:28:15.344761,,,,
755,1174,Eco_Textiles_755,38,1,contact1@ecotextiles755.com,,https://www.commonobjective.co/eco-textiles-755,2025-08-22T16:28:15.344764,,,,
756,1174,Global_Apparel_756,38,1,contact1@globalapparel756.com,,https://www.commonobjective.co/global-apparel-756,2025-08-22T16:28:15.344768,,,,
757,1174,Organic_Clothing_757,38,1,contact1@organicclothing757.com,,https://www.commonobjective.co/organic-clothing-757,2025-08-22T16:28:15.344771,,,,
758,1174,Green_Fashion_758,38,1,contact1@greenfashion758.uk,,https://www.commonobjective.co/green-fashion-758,2025-08-22T16:28:15.344773,,,,
759,1174,Ethical_Sourcing_759,38,1,contact1@ethicalsourcing759.com,,https://www.commonobjective.co/ethical-sourcing-759,2025-08-22T16:28:15.344776,,,,
760,1174,Supplier_760,38,2,contact1@supplier760.com; contact2@supplier760.com,+447000000760,https://www.commonobjective.co/supplier-760,2025-08-22T16:28:15.344778,,,,
761,1174,Textile_Company_761,39,1,contact1@textilecompany761.net,+14000000761,https://www.commonobjective.co/textile-company-761,2025-08-22T16:28:15.344782,,,,
762,1174,Fashion_Manufacturer_762,39,1,contact1@fashionmanufacturer762.co,+919000000762,https://www.commonobjective.co/fashion-manufacturer-762,2025-08-22T16:28:15.344786,,,,
763,1174,Garment_Supplier_763,39,1,contact1@garmentsupplier763.org,,https://www.commonobjective.co/garment-supplier-763,2025-08-22T16:28:15.344789,,,,
764,1174,Sustainable_Fashion_764,39,1,contact1@sustainablefashion764.fashion,,https://www.commonobjective.co/sustainable-fashion-764,2025-08-22T16:28:15.344791,,,,
765,1174,Eco_Textiles_765,39,1,contact1@ecotextiles765.com,,https://www.commonobjective.co/eco-textiles-765,2025-08-22T16:28:15.344794,,,,
766,1174,Global_Apparel_766,39,1,contact1@globalapparel766.com,,https://www.commonobjective.co/global-apparel-766,2025-08-22T16:28:15.344797,,,,
767,1174,Organic_Clothing_767,39,1,contact1@organicclothing767.com,,https://www.commonobjective.co/organic-clothing-767,2025-08-22T16:28:15.344799,,,,
768,1174,Green_Fashion_768,39,1,contact1@greenfashion768.com,,https://www.commonobjective.co/green-fashion-768,2025-08-22T16:28:15.344802,,,,
769,1174,Ethical_Sourcing_769,39,1,contact1@ethicalsourcing769.com,,https://www.commonobjective.co/ethical-sourcing-769,2025-08-22T16:28:15.344804,,,,
770,1174,Supplier_770,39,2,contact1@supplier770.uk; contact2@supplier770.uk,+447000000770,https://www.commonobjective.co/supplier-770,2025-08-22T16:28:15.344807,,,,
771,1174,Textile_Company_771,39,1,contact1@textilecompany771.com,+14000000771,https://www.commonobjective.co/textile-company-771,2025-08-22T16:28:15.344812,,,,
772,1174,Fashion_Manufacturer_772,39,1,contact1@fashionmanufacturer772.com,+919000000772,https://www.commonobjective.co/fashion-manufacturer-772,2025-08-22T16:28:15.344815,,,,
773,1174,Garment_Supplier_773,39,1,contact1@garmentsupplier773.net,,https://www.commonobjective.co/garment-supplier-773,2025-08-22T16:28:15.344818,,,,
774,1174,Sustainable_Fashion_774,39,1,contact1@sustainablefashion774.co,,https://www.commonobjective.co/sustainable-fashion-774,2025-08-22T16:28:15.344821,,,,
775,1174,Eco_Textiles_775,39,1,contact1@ecotextiles775.org,,https://www.commonobjective.co/eco-textiles-775,2025-08-22T16:28:15.344825,,,,
776,1174,Global_Apparel_776,39,1,contact1@globalapparel776.fashion,,https://www.commonobjective.co/global-apparel-776,2025-08-22T16:28:15.344828,,,,
777,1174,Organic_Clothing_777,39,1,contact1@organicclothing777.com,,https://www.commonobjective.co/organic-clothing-777,2025-08-22T16:28:15.344830,,,,
778,1174,Green_Fashion_778,39,1,contact1@greenfashion778.com,,https://www.commonobjective.co/green-fashion-778,2025-08-22T16:28:15.344833,,,,
779,1174,Ethical_Sourcing_779,39,1,contact1@ethicalsourcing779.com,,https://www.commonobjective.co/ethical-sourcing-779,2025-08-22T16:28:15.344835,,,,
780,1174,Supplier_780,39,2,contact1@supplier780.com; contact2@supplier780.com,+447000000780,https://www.commonobjective.co/supplier-780,2025-08-22T16:28:15.344838,,,,
781,1174,Textile_Company_781,40,1,contact1@textilecompany781.com,+14000000781,https://www.commonobjective.co/textile-company-781,2025-08-22T16:28:15.344842,,,,
782,1174,Fashion_Manufacturer_782,40,1,contact1@fashionmanufacturer782.uk,+919000000782,https://www.commonobjective.co/fashion-manufacturer-782,2025-08-22T16:28:15.344845,,,,
783,1174,Garment_Supplier_783,40,1,contact1@garmentsupplier783.com,,https://www.commonobjective.co/garment-supplier-783,2025-08-22T16:28:15.344848,,,,
784,1174,Sustainable_Fashion_784,40,1,contact1@sustainablefashion784.com,,https://www.commonobjective.co/sustainable-fashion-784,2025-08-22T16:28:15.344851,,,,
785,1174,Eco_Textiles_785,40,1,contact1@ecotextiles785.net,,https://www.commonobjective.co/eco-textiles-785,2025-08-22T16:28:15.344854,,,,
786,1174,Global_Apparel_786,40,1,contact1@globalapparel786.co,,https://www.commonobjective.co/global-apparel-786,2025-08-22T16:28:15.344856,,,,
787,1174,Organic_Clothing_787,40,1,contact1@organicclothing787.org,,https://www.commonobjective.co/organic-clothing-787,2025-08-22T16:28:15.344859,,,,
788,1174,Green_Fashion_788,40,1,contact1@greenfashion788.fashion,,https://www.commonobjective.co/green-fashion-788,2025-08-22T16:28:15.344861,,,,
789,1174,Ethical_Sourcing_789,40,1,contact1@ethicalsourcing789.com,,https://www.commonobjective.co/ethical-sourcing-789,2025-08-22T16:28:15.344864,,,,
790,1174,Supplier_790,40,2,contact1@supplier790.com; contact2@supplier790.com,+447000000790,https://www.commonobjective.co/supplier-790,2025-08-22T16:28:15.344867,,,,
791,1174,Textile_Company_791,40,1,contact1@textilecompany791.com,+14000000791,https://www.commonobjective.co/textile-company-791,2025-08-22T16:28:15.344870,,,,
792,1174,Fashion_Manufacturer_792,40,1,contact1@fashionmanufacturer792.com,+919000000792,https://www.commonobjective.co/fashion-manufacturer-792,2025-08-22T16:28:15.344873,,,,
793,1174,Garment_Supplier_793,40,0,,,https://www.commonobjective.co/garment-supplier-793,2025-08-22T16:28:15.344877,,,,
794,1174,Sustainable_Fashion_794,40,0,,,https://www.commonobjective.co/sustainable-fashion-794,2025-08-22T16:28:15.344879,,,,
795,1174,Eco_Textiles_795,40,0,,,https://www.commonobjective.co/eco-textiles-795,2025-08-22T16:28:15.344881,,,,
796,1174,Global_Apparel_796,40,0,,,https://www.commonobjective.co/global-apparel-796,2025-08-22T16:28:15.344885,,,,
797,1174,Organic_Clothing_797,40,0,,,https://www.commonobjective.co/organic-clothing-797,2025-08-22T16:28:15.344887,,,,
798,1174,Green_Fashion_798,40,0,,,https://www.commonobjective.co/green-fashion-798,2025-08-22T16:28:15.344889,,,,
799,1174,Ethical_Sourcing_799,40,0,,,https://www.commonobjective.co/ethical-sourcing-799,2025-08-22T16:28:15.344891,,,,
800,1174,Supplier_800,40,2,contact1@supplier800.fashion; contact2@supplier800.fashion,+447000000800,https://www.commonobjective.co/supplier-800,2025-08-22T16:28:15.344893,,,,
801,1174,Textile_Company_801,41,1,contact1@textilecompany801.com,+14000000801,https://www.commonobjective.co/textile-company-801,2025-08-22T16:28:15.344896,,,,
802,1174,Fashion_Manufacturer_802,41,1,contact1@fashionmanufacturer802.com,+919000000802,https://www.commonobjective.co/fashion-manufacturer-802,2025-08-22T16:28:15.344900,,,,
803,1174,Garment_Supplier_803,41,1,contact1@garmentsupplier803.com,,https://www.commonobjective.co/garment-supplier-803,2025-08-22T16:28:15.344903,,,,
804,1174,Sustainable_Fashion_804,41,1,contact1@sustainablefashion804.com,,https://www.commonobjective.co/sustainable-fashion-804,2025-08-22T16:28:15.344905,,,,
805,1174,Eco_Textiles_805,41,1,contact1@ecotextiles805.com,,https://www.commonobjective.co/eco-textiles-805,2025-08-22T16:28:15.344908,,,,
806,1174,Global_Apparel_806,41,1,contact1@globalapparel806.uk,,https://www.commonobjective.co/global-apparel-806,2025-08-22T16:28:15.344923,,,,
807,1174,Organic_Clothing_807,41,1,contact1@organicclothing807.com,,https://www.commonobjective.co/organic-clothing-807,2025-08-22T16:28:15.344929,,,,
808,1174,Green_Fashion_808,41,1,contact1@greenfashion808.com,,https://www.commonobjective.co/green-fashion-808,2025-08-22T16:28:15.344933,,,,
809,1174,Ethical_Sourcing_809,41,1,contact1@ethicalsourcing809.net,,https://www.commonobjective.co/ethical-sourcing-809,2025-08-22T16:28:15.344935,,,,
810,1174,Supplier_810,41,2,contact1@supplier810.co; contact2@supplier810.co,+447000000810,https://www.commonobjective.co/supplier-810,2025-08-22T16:28:15.344938,,,,
811,1174,Textile_Company_811,41,1,contact1@textilecompany811.org,+14000000811,https://www.commonobjective.co/textile-company-811,2025-08-22T16:28:15.344944,,,,
812,1174,Fashion_Manufacturer_812,41,1,contact1@fashionmanufacturer812.fashion,+919000000812,https://www.commonobjective.co/fashion-manufacturer-812,2025-08-22T16:28:15.344948,,,,
813,1174,Garment_Supplier_813,41,1,contact1@garmentsupplier813.com,,https://www.commonobjective.co/garment-supplier-813,2025-08-22T16:28:15.344952,,,,
814,1174,Sustainable_Fashion_814,41,1,contact1@sustainablefashion814.com,,https://www.commonobjective.co/sustainable-fashion-814,2025-08-22T16:28:15.344955,,,,
815,1174,Eco_Textiles_815,41,1,contact1@ecotextiles815.com,,https://www.commonobjective.co/eco-textiles-815,2025-08-22T16:28:15.344960,,,,
816,1174,Global_Apparel_816,41,1,contact1@globalapparel816.com,,https://www.commonobjective.co/global-apparel-816,2025-08-22T16:28:15.344963,,,,
817,1174,Organic_Clothing_817,41,1,contact1@organicclothing817.com,,https://www.commonobjective.co/organic-clothing-817,2025-08-22T16:28:15.344966,,,,
818,1174,Green_Fashion_818,41,1,contact1@greenfashion818.uk,,https://www.commonobjective.co/green-fashion-818,2025-08-22T16:28:15.344968,,,,
819,1174,Ethical_Sourcing_819,41,1,contact1@ethicalsourcing819.com,,https://www.commonobjective.co/ethical-sourcing-819,2025-08-22T16:28:15.344973,,,,
820,1174,Supplier_820,41,2,contact1@supplier820.com; contact2@supplier820.com,+447000000820,https://www.commonobjective.co/supplier-820,2025-08-22T16:28:15.344975,,,,
821,1174,Textile_Company_821,42,1,contact1@textilecompany821.net,+14000000821,https://www.commonobjective.co/textile-company-821,2025-08-22T16:28:15.344980,,,,
822,1174,Fashion_Manufacturer_822,42,1,contact1@fashionmanufacturer822.co,+919000000822,https://www.commonobjective.co/fashion-manufacturer-822,2025-08-22T16:28:15.344984,,,,
823,1174,Garment_Supplier_823,42,1,contact1@garmentsupplier823.org,,https://www.commonobjective.co/garment-supplier-823,2025-08-22T16:28:15.344987,,,,
824,1174,Sustainable_Fashion_824,42,1,contact1@sustainablefashion824.fashion,,https://www.commonobjective.co/sustainable-fashion-824,2025-08-22T16:28:15.344990,,,,
825,1174,Eco_Textiles_825,42,1,contact1@ecotextiles825.com,,https://www.commonobjective.co/eco-textiles-825,2025-08-22T16:28:15.344993,,,,
826,1174,Global_Apparel_826,42,1,contact1@globalapparel826.com,,https://www.commonobjective.co/global-apparel-826,2025-08-22T16:28:15.344996,,,,
827,1174,Organic_Clothing_827,42,1,contact1@organicclothing827.com,,https://www.commonobjective.co/organic-clothing-827,2025-08-22T16:28:15.344999,,,,
828,1174,Green_Fashion_828,42,1,contact1@greenfashion828.com,,https://www.commonobjective.co/green-fashion-828,2025-08-22T16:28:15.345001,,,,
829,1174,Ethical_Sourcing_829,42,1,contact1@ethicalsourcing829.com,,https://www.commonobjective.co/ethical-sourcing-829,2025-08-22T16:28:15.345004,,,,
830,1174,Supplier_830,42,2,contact1@supplier830.uk; contact2@supplier830.uk,+447000000830,https://www.commonobjective.co/supplier-830,2025-08-22T16:28:15.345007,,,,
831,1174,Textile_Company_831,42,1,contact1@textilecompany831.com,+14000000831,https://www.commonobjective.co/textile-company-831,2025-08-22T16:28:15.345011,,,,
832,1174,Fashion_Manufacturer_832,42,1,contact1@fashionmanufacturer832.com,+919000000832,https://www.commonobjective.co/fashion-manufacturer-832,2025-08-22T16:28:15.345014,,,,
833,1174,Garment_Supplier_833,42,1,contact1@garmentsupplier833.net,,https://www.commonobjective.co/garment-supplier-833,2025-08-22T16:28:15.345018,,,,
834,1174,Sustainable_Fashion_834,42,1,contact1@sustainablefashion834.co,,https://www.commonobjective.co/sustainable-fashion-834,2025-08-22T16:28:15.345021,,,,
835,1174,Eco_Textiles_835,42,1,contact1@ecotextiles835.org,,https://www.commonobjective.co/eco-textiles-835,2025-08-22T16:28:15.345023,,,,
836,1174,Global_Apparel_836,42,1,contact1@globalapparel836.fashion,,https://www.commonobjective.co/global-apparel-836,2025-08-22T16:28:15.345026,,,,
837,1174,Organic_Clothing_837,42,1,contact1@organicclothing837.com,,https://www.commonobjective.co/organic-clothing-837,2025-08-22T16:28:15.345029,,,,
838,1174,Green_Fashion_838,42,1,contact1@greenfashion838.com,,https://www.commonobjective.co/green-fashion-838,2025-08-22T16:28:15.345032,,,,
839,1174,Ethical_Sourcing_839,42,1,contact1@ethicalsourcing839.com,,https://www.commonobjective.co/ethical-sourcing-839,2025-08-22T16:28:15.345034,,,,
840,1174,Supplier_840,42,2,contact1@supplier840.com; contact2@supplier840.com,+447000000840,https://www.commonobjective.co/supplier-840,2025-08-22T16:28:15.345037,,,,
841,1174,Textile_Company_841,43,1,contact1@textilecompany841.com,+14000000841,https://www.commonobjective.co/textile-company-841,2025-08-22T16:28:15.345041,,,,
842,1174,Fashion_Manufacturer_842,43,1,contact1@fashionmanufacturer842.uk,+919000000842,https://www.commonobjective.co/fashion-manufacturer-842,2025-08-22T16:28:15.345045,,,,
843,1174,Garment_Supplier_843,43,1,contact1@garmentsupplier843.com,,https://www.commonobjective.co/garment-supplier-843,2025-08-22T16:28:15.345048,,,,
844,1174,Sustainable_Fashion_844,43,1,contact1@sustainablefashion844.com,,https://www.commonobjective.co/sustainable-fashion-844,2025-08-22T16:28:15.345051,,,,
845,1174,Eco_Textiles_845,43,1,contact1@ecotextiles845.net,,https://www.commonobjective.co/eco-textiles-845,2025-08-22T16:28:15.345054,,,,
846,1174,Global_Apparel_846,43,1,contact1@globalapparel846.co,,https://www.commonobjective.co/global-apparel-846,2025-08-22T16:28:15.345056,,,,
847,1174,Organic_Clothing_847,43,1,contact1@organicclothing847.org,,https://www.commonobjective.co/organic-clothing-847,2025-08-22T16:28:15.345059,,,,
848,1174,Green_Fashion_848,43,1,contact1@greenfashion848.fashion,,https://www.commonobjective.co/green-fashion-848,2025-08-22T16:28:15.345061,,,,
849,1174,Ethical_Sourcing_849,43,1,contact1@ethicalsourcing849.com,,https://www.commonobjective.co/ethical-sourcing-849,2025-08-22T16:28:15.345064,,,,
850,1174,Supplier_850,43,2,contact1@supplier850.com; contact2@supplier850.com,+447000000850,https://www.commonobjective.co/supplier-850,2025-08-22T16:28:15.345067,,,,
851,1174,Textile_Company_851,43,1,contact1@textilecompany851.com,+14000000851,https://www.commonobjective.co/textile-company-851,2025-08-22T16:28:15.345071,,,,
852,1174,Fashion_Manufacturer_852,43,1,contact1@fashionmanufacturer852.com,+919000000852,https://www.commonobjective.co/fashion-manufacturer-852,2025-08-22T16:28:15.345074,,,,
853,1174,Garment_Supplier_853,43,1,contact1@garmentsupplier853.com,,https://www.commonobjective.co/garment-supplier-853,2025-08-22T16:28:15.345078,,,,
854,1174,Sustainable_Fashion_854,43,1,contact1@sustainablefashion854.uk,,https://www.commonobjective.co/sustainable-fashion-854,2025-08-22T16:28:15.345080,,,,
855,1174,Eco_Textiles_855,43,1,contact1@ecotextiles855.com,,https://www.commonobjective.co/eco-textiles-855,2025-08-22T16:28:15.345084,,,,
856,1174,Global_Apparel_856,43,1,contact1@globalapparel856.com,,https://www.commonobjective.co/global-apparel-856,2025-08-22T16:28:15.345087,,,,
857,1174,Organic_Clothing_857,43,1,contact1@organicclothing857.net,,https://www.commonobjective.co/organic-clothing-857,2025-08-22T16:28:15.345090,,,,
858,1174,Green_Fashion_858,43,1,contact1@greenfashion858.co,,https://www.commonobjective.co/green-fashion-858,2025-08-22T16:28:15.345092,,,,
859,1174,Ethical_Sourcing_859,43,1,contact1@ethicalsourcing859.org,,https://www.commonobjective.co/ethical-sourcing-859,2025-08-22T16:28:15.345095,,,,
860,1174,Supplier_860,43,2,contact1@supplier860.fashion; contact2@supplier860.fashion,+447000000860,https://www.commonobjective.co/supplier-860,2025-08-22T16:28:15.345098,,,,
861,1174,Textile_Company_861,44,1,contact1@textilecompany861.com,+14000000861,https://www.commonobjective.co/textile-company-861,2025-08-22T16:28:15.345102,,,,
862,1174,Fashion_Manufacturer_862,44,1,contact1@fashionmanufacturer862.com,+919000000862,https://www.commonobjective.co/fashion-manufacturer-862,2025-08-22T16:28:15.345105,,,,
863,1174,Garment_Supplier_863,44,1,contact1@garmentsupplier863.com,,https://www.commonobjective.co/garment-supplier-863,2025-08-22T16:28:15.345109,,,,
864,1174,Sustainable_Fashion_864,44,1,contact1@sustainablefashion864.com,,https://www.commonobjective.co/sustainable-fashion-864,2025-08-22T16:28:15.345111,,,,
865,1174,Eco_Textiles_865,44,1,contact1@ecotextiles865.com,,https://www.commonobjective.co/eco-textiles-865,2025-08-22T16:28:15.345114,,,,
866,1174,Global_Apparel_866,44,1,contact1@globalapparel866.uk,,https://www.commonobjective.co/global-apparel-866,2025-08-22T16:28:15.345117,,,,
867,1174,Organic_Clothing_867,44,1,contact1@organicclothing867.com,,https://www.commonobjective.co/organic-clothing-867,2025-08-22T16:28:15.345121,,,,
868,1174,Green_Fashion_868,44,1,contact1@greenfashion868.com,,https://www.commonobjective.co/green-fashion-868,2025-08-22T16:28:15.345124,,,,
869,1174,Ethical_Sourcing_869,44,1,contact1@ethicalsourcing869.net,,https://www.commonobjective.co/ethical-sourcing-869,2025-08-22T16:28:15.345127,,,,
870,1174,Supplier_870,44,2,contact1@supplier870.co; contact2@supplier870.co,+447000000870,https://www.commonobjective.co/supplier-870,2025-08-22T16:28:15.345129,,,,
871,1174,Textile_Company_871,44,1,contact1@textilecompany871.org,+14000000871,https://www.commonobjective.co/textile-company-871,2025-08-22T16:28:15.345134,,,,
872,1174,Fashion_Manufacturer_872,44,1,contact1@fashionmanufacturer872.fashion,+919000000872,https://www.commonobjective.co/fashion-manufacturer-872,2025-08-22T16:28:15.345137,,,,
873,1174,Garment_Supplier_873,44,1,contact1@garmentsupplier873.com,,https://www.commonobjective.co/garment-supplier-873,2025-08-22T16:28:15.345141,,,,
874,1174,Sustainable_Fashion_874,44,1,contact1@sustainablefashion874.com,,https://www.commonobjective.co/sustainable-fashion-874,2025-08-22T16:28:15.345144,,,,
875,1174,Eco_Textiles_875,44,1,contact1@ecotextiles875.com,,https://www.commonobjective.co/eco-textiles-875,2025-08-22T16:28:15.345147,,,,
876,1174,Global_Apparel_876,44,1,contact1@globalapparel876.com,,https://www.commonobjective.co/global-apparel-876,2025-08-22T16:28:15.345149,,,,
877,1174,Organic_Clothing_877,44,1,contact1@organicclothing877.com,,https://www.commonobjective.co/organic-clothing-877,2025-08-22T16:28:15.345152,,,,
878,1174,Green_Fashion_878,44,1,contact1@greenfashion878.uk,,https://www.commonobjective.co/green-fashion-878,2025-08-22T16:28:15.345155,,,,
879,1174,Ethical_Sourcing_879,44,1,contact1@ethicalsourcing879.com,,https://www.commonobjective.co/ethical-sourcing-879,2025-08-22T16:28:15.345157,,,,
880,1174,Supplier_880,44,2,contact1@supplier880.com; contact2@supplier880.com,+447000000880,https://www.commonobjective.co/supplier-880,2025-08-22T16:28:15.345160,,,,
881,1174,Textile_Company_881,45,1,contact1@textilecompany881.net,+14000000881,https://www.commonobjective.co/textile-company-881,2025-08-22T16:28:15.345164,,,,
882,1174,Fashion_Manufacturer_882,45,1,contact1@fashionmanufacturer882.co,+919000000882,https://www.commonobjective.co/fashion-manufacturer-882,2025-08-22T16:28:15.345167,,,,
883,1174,Garment_Supplier_883,45,1,contact1@garmentsupplier883.org,,https://www.commonobjective.co/garment-supplier-883,2025-08-22T16:28:15.345170,,,,
884,1174,Sustainable_Fashion_884,45,1,contact1@sustainablefashion884.fashion,,https://www.commonobjective.co/sustainable-fashion-884,2025-08-22T16:28:15.345173,,,,
885,1174,Eco_Textiles_885,45,1,contact1@ecotextiles885.com,,https://www.commonobjective.co/eco-textiles-885,2025-08-22T16:28:15.345176,,,,
886,1174,Global_Apparel_886,45,1,contact1@globalapparel886.com,,https://www.commonobjective.co/global-apparel-886,2025-08-22T16:28:15.345179,,,,
887,1174,Organic_Clothing_887,45,1,contact1@organicclothing887.com,,https://www.commonobjective.co/organic-clothing-887,2025-08-22T16:28:15.345181,,,,
888,1174,Green_Fashion_888,45,1,contact1@greenfashion888.com,,https://www.commonobjective.co/green-fashion-888,2025-08-22T16:28:15.345184,,,,
889,1174,Ethical_Sourcing_889,45,1,contact1@ethicalsourcing889.com,,https://www.commonobjective.co/ethical-sourcing-889,2025-08-22T16:28:15.345187,,,,
890,1174,Supplier_890,45,2,contact1@supplier890.uk; contact2@supplier890.uk,+447000000890,https://www.commonobjective.co/supplier-890,2025-08-22T16:28:15.345189,,,,
891,1174,Textile_Company_891,45,1,contact1@textilecompany891.com,+14000000891,https://www.commonobjective.co/textile-company-891,2025-08-22T16:28:15.345193,,,,
892,1174,Fashion_Manufacturer_892,45,1,contact1@fashionmanufacturer892.com,+919000000892,https://www.commonobjective.co/fashion-manufacturer-892,2025-08-22T16:28:15.345197,,,,
893,1174,Garment_Supplier_893,45,0,,,https://www.commonobjective.co/garment-supplier-893,2025-08-22T16:28:15.345200,,,,
894,1174,Sustainable_Fashion_894,45,0,,,https://www.commonobjective.co/sustainable-fashion-894,2025-08-22T16:28:15.345202,,,,
895,1174,Eco_Textiles_895,45,0,,,https://www.commonobjective.co/eco-textiles-895,2025-08-22T16:28:15.345208,,,,
896,1174,Global_Apparel_896,45,0,,,https://www.commonobjective.co/global-apparel-896,2025-08-22T16:28:15.345210,,,,
897,1174,Organic_Clothing_897,45,0,,,https://www.commonobjective.co/organic-clothing-897,2025-08-22T16:28:15.345212,,,,
898,1174,Green_Fashion_898,45,0,,,https://www.commonobjective.co/green-fashion-898,2025-08-22T16:28:15.345214,,,,
899,1174,Ethical_Sourcing_899,45,0,,,https://www.commonobjective.co/ethical-sourcing-899,2025-08-22T16:28:15.345216,,,,
900,1174,Supplier_900,45,2,contact1@supplier900.com; contact2@supplier900.com,+447000000900,https://www.commonobjective.co/supplier-900,2025-08-22T16:28:15.345218,,,,
901,1174,Textile_Company_901,46,1,contact1@textilecompany901.com,+14000000901,https://www.commonobjective.co/textile-company-901,2025-08-22T16:28:15.345222,,,,
902,1174,Fashion_Manufacturer_902,46,1,contact1@fashionmanufacturer902.uk,+919000000902,https://www.commonobjective.co/fashion-manufacturer-902,2025-08-22T16:28:15.345225,,,,
903,1174,Garment_Supplier_903,46,1,contact1@garmentsupplier903.com,,https://www.commonobjective.co/garment-supplier-903,2025-08-22T16:28:15.345228,,,,
904,1174,Sustainable_Fashion_904,46,1,contact1@sustainablefashion904.com,,https://www.commonobjective.co/sustainable-fashion-904,2025-08-22T16:28:15.345231,,,,
905,1174,Eco_Textiles_905,46,1,contact1@ecotextiles905.net,,https://www.commonobjective.co/eco-textiles-905,2025-08-22T16:28:15.345234,,,,
906,1174,Global_Apparel_906,46,1,contact1@globalapparel906.co,,https://www.commonobjective.co/global-apparel-906,2025-08-22T16:28:15.345236,,,,
907,1174,Organic_Clothing_907,46,1,contact1@organicclothing907.org,,https://www.commonobjective.co/organic-clothing-907,2025-08-22T16:28:15.345239,,,,
908,1174,Green_Fashion_908,46,1,contact1@greenfashion908.fashion,,https://www.commonobjective.co/green-fashion-908,2025-08-22T16:28:15.345241,,,,
909,1174,Ethical_Sourcing_909,46,1,contact1@ethicalsourcing909.com,,https://www.commonobjective.co/ethical-sourcing-909,2025-08-22T16:28:15.345244,,,,
910,1174,Supplier_910,46,2,contact1@supplier910.com; contact2@supplier910.com,+447000000910,https://www.commonobjective.co/supplier-910,2025-08-22T16:28:15.345246,,,,
911,1174,Textile_Company_911,46,1,contact1@textilecompany911.com,+14000000911,https://www.commonobjective.co/textile-company-911,2025-08-22T16:28:15.345250,,,,
912,1174,Fashion_Manufacturer_912,46,1,contact1@fashionmanufacturer912.com,+919000000912,https://www.commonobjective.co/fashion-manufacturer-912,2025-08-22T16:28:15.345253,,,,
913,1174,Garment_Supplier_913,46,1,contact1@garmentsupplier913.com,,https://www.commonobjective.co/garment-supplier-913,2025-08-22T16:28:15.345257,,,,
914,1174,Sustainable_Fashion_914,46,1,contact1@sustainablefashion914.uk,,https://www.commonobjective.co/sustainable-fashion-914,2025-08-22T16:28:15.345259,,,,
915,1174,Eco_Textiles_915,46,1,contact1@ecotextiles915.com,,https://www.commonobjective.co/eco-textiles-915,2025-08-22T16:28:15.345262,,,,
916,1174,Global_Apparel_916,46,1,contact1@globalapparel916.com,,https://www.commonobjective.co/global-apparel-916,2025-08-22T16:28:15.345266,,,,
917,1174,Organic_Clothing_917,46,1,contact1@organicclothing917.net,,https://www.commonobjective.co/organic-clothing-917,2025-08-22T16:28:15.345269,,,,
918,1174,Green_Fashion_918,46,1,contact1@greenfashion918.co,,https://www.commonobjective.co/green-fashion-918,2025-08-22T16:28:15.345272,,,,
919,1174,Ethical_Sourcing_919,46,1,contact1@ethicalsourcing919.org,,https://www.commonobjective.co/ethical-sourcing-919,2025-08-22T16:28:15.345274,,,,
920,1174,Supplier_920,46,2,contact1@supplier920.fashion; contact2@supplier920.fashion,+447000000920,https://www.commonobjective.co/supplier-920,2025-08-22T16:28:15.345277,,,,
921,1174,Textile_Company_921,47,1,contact1@textilecompany921.com,+14000000921,https://www.commonobjective.co/textile-company-921,2025-08-22T16:28:15.345281,,,,
922,1174,Fashion_Manufacturer_922,47,1,contact1@fashionmanufacturer922.com,+919000000922,https://www.commonobjective.co/fashion-manufacturer-922,2025-08-22T16:28:15.345284,,,,
923,1174,Garment_Supplier_923,47,1,contact1@garmentsupplier923.com,,https://www.commonobjective.co/garment-supplier-923,2025-08-22T16:28:15.345287,,,,
924,1174,Sustainable_Fashion_924,47,1,contact1@sustainablefashion924.com,,https://www.commonobjective.co/sustainable-fashion-924,2025-08-22T16:28:15.345290,,,,
925,1174,Eco_Textiles_925,47,1,contact1@ecotextiles925.com,,https://www.commonobjective.co/eco-textiles-925,2025-08-22T16:28:15.345292,,,,
926,1174,Global_Apparel_926,47,1,contact1@globalapparel926.uk,,https://www.commonobjective.co/global-apparel-926,2025-08-22T16:28:15.345297,,,,
927,1174,Organic_Clothing_927,47,1,contact1@organicclothing927.com,,https://www.commonobjective.co/organic-clothing-927,2025-08-22T16:28:15.345299,,,,
928,1174,Green_Fashion_928,47,1,contact1@greenfashion928.com,,https://www.commonobjective.co/green-fashion-928,2025-08-22T16:28:15.345302,,,,
929,1174,Ethical_Sourcing_929,47,1,contact1@ethicalsourcing929.net,,https://www.commonobjective.co/ethical-sourcing-929,2025-08-22T16:28:15.345305,,,,
930,1174,Supplier_930,47,2,contact1@supplier930.co; contact2@supplier930.co,+447000000930,https://www.commonobjective.co/supplier-930,2025-08-22T16:28:15.345307,,,,
